1 14 0 0 LEBL Barcelona - El Prat
1302 city Barcelona
1302 country ESP
1302 datum_lat 41.296944444
1302 datum_lon 2.078333333
1302 faa_code
1302 gui_label 3D
1302 iata_code BCN
1302 icao_code LEBL
1302 region_code LE
1302 state Catalonia
1302 transition_alt 6000
1302 transition_level 8000
100 45.11 1 1 0.00 1 2 0 02 41.28773163 002.08481973 0 0 3 0 0 2 20 41.30928753 002.09466380 0 71 3 0 0 2
100 60.05 1 1001 0.00 1 3 0 06R 41.28231220 002.07434998 0 63 3 2 1 2 24L 41.29222053 002.10328099 0 62 3 2 1 2
100 60.05 1 1 0.00 1 3 0 06L 41.29324514 002.06727495 430 0 3 2 1 2 24R 41.30572604 002.10372898 0 159 3 2 1 2
102 H1 41.30948338 002.09925360 269.6 75.00 60.00 2 0 0 0.00 1
110 1 0.00 65.5 RWY`s 07R25L
112 41.28776425 002.08392136 41.28775075 002.08386607
111 41.28776425 002.08392136
112 41.28776425 002.08392136 41.28773382 002.08379675
111 41.28757547 002.08307368
112 41.28761797 002.08302971 41.28767425 002.08304142
112 41.28822906 002.08317325 41.28831524 002.08319666
111 41.28845453 002.08326652
111 41.28799854 002.08177820
111 41.28730098 002.07976073
111 41.28852140 002.07901350
111 41.28945772 002.08176512
111 41.28920861 002.08191696
111 41.28937286 002.08240107
111 41.28977308 002.08263983
111 41.29064341 002.08299646
111 41.28883071 002.07775986
111 41.28723885 002.07870510
111 41.28503379 002.07229959
111 41.28453012 002.07259411
111 41.28439721 002.07314800
111 41.28430426 002.07311925
111 41.28423652 002.07332376
111 41.28415235 002.07337173
111 41.28485202 002.07544448
111 41.28396040 002.07599334
111 41.28386885 002.07759135
111 41.28370066 002.07769849
111 41.28458331 002.08028202
111 41.28471132 002.08019726
111 41.28460434 002.07974115
112 41.28460434 002.07974115 41.28457553 002.07964209
112 41.28444444 002.07833213 41.28442859 002.07769107
111 41.28444444 002.07833213
112 41.28444444 002.07833213 41.28442924 002.07771712
112 41.28453312 002.07705502 41.28455385 002.07698144
111 41.28453312 002.07705502
112 41.28453312 002.07705502 41.28457546 002.07690475
112 41.28468586 002.07701866 41.28475121 002.07715998
111 41.28468586 002.07701866
112 41.28510613 002.07789657 41.28514425 002.07803064
112 41.28530930 002.07870239 41.28532291 002.07882196
112 41.28532770 002.07933458 41.28532226 002.07947227
111 41.28516830 002.08138148
112 41.28516830 002.08138148 41.28516745 002.08139717
112 41.28513430 002.08143191 41.28511499 002.08144904
111 41.28513430 002.08143191
112 41.28513430 002.08143191 41.28508624 002.08147454
111 41.28500429 002.08151424
111 41.28587620 002.08406634
111 41.28599814 002.08395370
111 41.28586864 002.08340813
112 41.28586864 002.08340813 41.28584081 002.08332876
112 41.28574809 002.08220922 41.28572986 002.08165664
111 41.28574809 002.08220922
112 41.28574809 002.08220922 41.28573036 002.08167189
112 41.28577610 002.08106127 41.28578384 002.08097381
111 41.28577610 002.08106127
112 41.28577610 002.08106127 41.28579179 002.08088387
112 41.28598795 002.08080557 41.28609381 002.08101949
111 41.28598795 002.08080557
112 41.28628523 002.08145234 41.28634574 002.08162848
112 41.28643697 002.08196812 41.28643886 002.08206122
111 41.28643697 002.08196812
111 41.28643867 002.08260088
111 41.28628609 002.08465642
112 41.28628609 002.08465642 41.28628515 002.08467175
112 41.28625517 002.08470397 41.28623753 002.08471979
111 41.28625517 002.08470397
112 41.28625517 002.08470397 41.28620621 002.08474788
111 41.28611647 002.08478735
111 41.28702575 002.08743112
111 41.28717649 002.08739359
111 41.28694714 002.08658256
112 41.28694714 002.08658256 41.28690489 002.08643887
112 41.28685976 002.08536712 41.28684699 002.08490384
111 41.28685976 002.08536712
112 41.28685976 002.08536712 41.28685120 002.08505656
111 41.28685257 002.08480388
111 41.28758235 002.08513396
111 41.28972298 002.09136957
112 41.28972298 002.09136957 41.28976836 002.09152358
111 41.28982049 002.09191113
112 41.28982049 002.09191113 41.28985906 002.09213157
112 41.28969056 002.09222501 41.28956122 002.09214348
111 41.28969056 002.09222501
112 41.28969056 002.09222501 41.28959551 002.09216509
112 41.28825342 002.09037839 41.28756897 002.08913423
111 41.28825342 002.09037839
111 41.28801452 002.08984073
111 41.28787572 002.08991776
111 41.28880410 002.09263279
112 41.28894365 002.09255375 41.28900868 002.09253525
111 41.28894365 002.09255375
112 41.28894365 002.09255375 41.28897332 002.09254530
112 41.28901878 002.09256444 41.28903652 002.09258327
111 41.28901878 002.09256444
111 41.29025559 002.09376739
112 41.29025559 002.09376739 41.29048692 002.09398133
112 41.29081333 002.09464486 41.29087606 002.09489533
111 41.29081333 002.09464486
111 41.29094499 002.09522707
112 41.29094499 002.09522707 41.29102842 002.09555469
112 41.29061797 002.09535597 41.29048858 002.09518377
111 41.29061797 002.09535597
112 41.29061797 002.09535597 41.29052063 002.09522642
112 41.28941786 002.09374370 41.28885524 002.09274166
111 41.28941786 002.09374370
111 41.28916821 002.09320959
111 41.28903260 002.09328598
111 41.28992691 002.09589085
112 41.29006183 002.09581884 41.29012646 002.09580078
111 41.29006183 002.09581884
112 41.29006183 002.09581884 41.29009448 002.09580972
112 41.29014566 002.09583055 41.29016562 002.09585135
111 41.29014566 002.09583055
111 41.29151211 002.09715352
112 41.29151211 002.09715352 41.29162375 002.09725861
112 41.29175610 002.09749527 41.29180511 002.09761123
111 41.29175610 002.09749527
112 41.29212839 002.09843171 41.29216368 002.09855695
111 41.29224548 002.09906346
112 41.29224548 002.09906346 41.29231736 002.09940714
112 41.29191282 002.09914988 41.29174030 002.09897768
112 41.29068276 002.09746903 41.29026715 002.09662369
111 41.29068276 002.09746903
111 41.29046414 002.09699407
111 41.29030886 002.09709979
111 41.29125070 002.09987179
111 41.29137912 002.09977175
112 41.29137912 002.09977175 41.29134270 002.09965917
112 41.29134948 002.09958038 41.29136039 002.09955762
111 41.29134948 002.09958038
112 41.29134948 002.09958038 41.29136248 002.09955325
112 41.29142352 002.09960110 41.29145012 002.09962906
111 41.29142352 002.09960110
111 41.29227592 002.10042533
112 41.29227592 002.10042533 41.29231473 002.10046017
112 41.29229404 002.10053393 41.29228141 002.10058678
111 41.29229404 002.10053393
111 41.29327260 002.09995872
111 41.29397246 002.10199223
112 41.29391360 002.10150402 41.29386117 002.10135400
111 41.29391360 002.10150402
111 41.29312407 002.09920094
111 41.29292901 002.09901229
111 41.29000680 002.09047893
111 41.28918119 002.08801124
112 41.28918119 002.08801124 41.28911611 002.08782399
111 41.28898909 002.08721311
112 41.28898909 002.08721311 41.28897468 002.08714597
111 41.28903641 002.08710429
111 41.28874376 002.08625613
112 41.28864637 002.08619911 41.28860381 002.08610642
111 41.28864637 002.08619911
111 41.28834760 002.08557228
111 41.28833619 002.08552380
111 41.28837873 002.08528101
113 41.28799796 002.08451324
111 41.28700682 002.08393166
112 41.28700682 002.08393166 41.28702126 002.08391069
112 41.28707716 002.08394851 41.28708766 002.08398171
111 41.28707716 002.08394851
111 41.28714750 002.08415512
113 41.28694102 002.08406755
110 1 0.00 335.5 TWY D south
112 41.29019582 002.08840586 41.29011774 002.08844103
112 41.28955748 002.08865455 41.28950288 002.08867569
112 41.28947644 002.08863602 41.28945000 002.08859635
111 41.28947644 002.08863602
112 41.28918119 002.08801124 41.28908174 002.08777273
111 41.28918119 002.08801124
111 41.29000680 002.09047893
111 41.28982416 002.08964273
112 41.28982416 002.08964273 41.28980855 002.08955960
111 41.28985369 002.08953507
112 41.29042174 002.08905086 41.29046979 002.08902049
111 41.29289719 002.08760621
111 41.29300855 002.08739776
111 41.29221014 002.08704715
113 41.29210213 002.08724300
110 1 0.00 335.5 TWY E south
111 41.28874376 002.08625613
111 41.28903641 002.08710429
112 41.28957194 002.08667537 41.28967236 002.08661368
111 41.29013008 002.08634283
111 41.29023645 002.08612712
111 41.28947220 002.08580138
113 41.28937819 002.08599939
110 1 0.00 65.5 TWY T2
111 41.29184048 002.06536144
112 41.29197482 002.06519424 41.29200866 002.06514813
111 41.29210277 002.06515607
111 41.29289602 002.06748706
111 41.29293420 002.06746363
111 41.29329028 002.06724830
111 41.29349130 002.06712552
111 41.29380519 002.06805844
111 41.29386865 002.06800475
111 41.29395758 002.06786404
112 41.29395758 002.06786404 41.29390617 002.06770438
111 41.29390616 002.06717818
112 41.29390616 002.06717818 41.29390563 002.06649530
112 41.29399874 002.06584076 41.29404974 002.06551135
111 41.29399874 002.06584076
112 41.29399874 002.06584076 41.29403391 002.06560030
112 41.29416491 002.06541575 41.29424965 002.06534978
111 41.29416491 002.06541575
111 41.29438957 002.06527881
112 41.29438957 002.06527881 41.29460024 002.06517401
112 41.29492263 002.06569818 41.29506734 002.06611171
111 41.29492263 002.06569818
111 41.29576120 002.06814634
112 41.29576120 002.06814634 41.29580091 002.06826130
111 41.29583913 002.06852889
112 41.29583913 002.06852889 41.29586075 002.06856087
112 41.29582171 002.06865764 41.29579048 002.06869121
111 41.29582171 002.06865764
111 41.29579463 002.06870398
111 41.29660698 002.07107264
111 41.29674275 002.07105706
111 41.29700961 002.07179236
112 41.29698766 002.07220755 41.29690798 002.07248962
111 41.29698766 002.07220755
111 41.29692694 002.07244842
111 41.29713839 002.07306244
112 41.29747142 002.07312993 41.29755991 002.07339570
111 41.29747142 002.07312993
111 41.29811177 002.07498517
112 41.29811177 002.07498517 41.29818891 002.07522376
112 41.29789645 002.07585269 41.29754248 002.07601276
112 41.29736298 002.07674916 41.29732895 002.07706929
112 41.29730971 002.07771191 41.29730971 002.07788099
111 41.29730971 002.07771191
112 41.29730971 002.07771191 41.29730971 002.07774188
112 41.29728788 002.07777742 41.29727431 002.07779186
111 41.29728788 002.07777742
112 41.29728788 002.07777742 41.29722486 002.07784445
111 41.29704709 002.07776788
111 41.29760781 002.07947324
111 41.29782019 002.07933161
111 41.29791384 002.07926915
111 41.29939627 002.08008163
112 41.29939627 002.08008163 41.29947002 002.08012442
112 41.29940167 002.08021676 41.29933738 002.08024696
111 41.29940167 002.08021676
111 41.29840208 002.08069219
112 41.29840208 002.08069219 41.29836776 002.08071007
112 41.29827284 002.08065355 41.29823248 002.08062574
111 41.29827284 002.08065355
112 41.29827284 002.08065355 41.29824271 002.08063279
111 41.29822048 002.08061253
111 41.29799378 002.08074164
111 41.29827286 002.08154161
111 41.29852006 002.08139981
112 41.29852093 002.08137816 41.29852194 002.08136477
111 41.29852093 002.08137816
112 41.29852093 002.08137816 41.29852435 002.08133282
112 41.29861894 002.08118851 41.29869713 002.08114822
111 41.29861894 002.08118851
111 41.29913401 002.08092449
111 41.29901147 002.08274182
111 41.29899207 002.08275402
111 41.29878315 002.08288542
111 41.29947799 002.08492202
111 41.29966741 002.08481635
112 41.29967990 002.08476284 41.29969002 002.08473918
111 41.29967990 002.08476284
112 41.29967990 002.08476284 41.29969079 002.08473739
112 41.29974622 002.08475293 41.29978178 002.08478674
111 41.29974622 002.08475293
111 41.30026362 002.08524925
112 41.30026362 002.08524925 41.30036818 002.08534058
112 41.30040147 002.08565708 41.30038840 002.08577015
111 41.30040147 002.08565708
111 41.30033535 002.08642873
112 41.30033535 002.08642873 41.30032949 002.08649117
112 41.30024360 002.08640931 41.30020586 002.08636725
111 41.30024360 002.08640931
112 41.30024360 002.08640931 41.30021825 002.08638107
111 41.30019760 002.08635180
111 41.29995116 002.08649316
111 41.30061816 002.08845169
111 41.30088784 002.08829108
111 41.30096072 002.08823539
112 41.30199896 002.08896739 41.30254788 002.08926314
111 41.30309157 002.08953217
111 41.30374549 002.09147639
112 41.30374549 002.09147639 41.30377530 002.09155841
112 41.30361194 002.09164290 41.30353762 002.09167296
111 41.30361194 002.09164290
112 41.30361194 002.09164290 41.30356409 002.09166225
111 41.30352234 002.09167150
111 41.30348650 002.09188532
111 41.30445230 002.09232902
111 41.30445765 002.09209617
111 41.30443178 002.09201744
111 41.30385904 002.09027466
112 41.30385904 002.09027466 41.30381547 002.09013331
112 41.30402298 002.09016745 41.30410532 002.09039846
111 41.30402298 002.09016745
111 41.30469490 002.09213763
111 41.30471786 002.09220495
111 41.30470423 002.09241772
111 41.30540077 002.09273579
111 41.30545648 002.09248551
111 41.30472106 002.09031912
111 41.30473282 002.09023620
111 41.30425843 002.08886887
111 41.29818278 002.07107168
111 41.29768065 002.07137489
111 41.29383199 002.06014283
111 41.29373512 002.06005069
111 41.29342952 002.06023518
111 41.29341350 002.06018903
111 41.29282205 002.06068784
112 41.29282205 002.06068784 41.29253310 002.06092834
112 41.29223539 002.06153411 41.29211201 002.06200394
111 41.29223539 002.06153411
113 41.29081603 002.06237996
111 41.30123613 002.08527295
112 41.30123613 002.08527295 41.30151371 002.08512590
112 41.30178808 002.08571968 41.30189288 002.08605147
111 41.30178808 002.08571968
111 41.30262117 002.08812926
112 41.30262117 002.08812926 41.30272398 002.08842787
112 41.30241047 002.08850833 41.30225468 002.08842538
111 41.30241047 002.08850833
112 41.30241047 002.08850833 41.30197427 002.08830096
112 41.30158973 002.08799635 41.30135435 002.08780256
111 41.30096166 002.08740892
112 41.30096166 002.08740892 41.30083884 002.08726096
112 41.30079136 002.08695556 41.30078608 002.08676125
111 41.30079136 002.08695556
112 41.30079136 002.08695556 41.30078045 002.08663202
112 41.30084248 002.08582206 41.30088328 002.08554067
111 41.30084248 002.08582206
112 41.30084248 002.08582206 41.30087484 002.08556174
112 41.30108285 002.08537158 41.30120666 002.08528145
113 41.30108285 002.08537158
112 41.30079776 002.08303876 41.30081695 002.08308558
111 41.30079776 002.08303876
111 41.30107159 002.08366105
112 41.30107159 002.08366105 41.30126486 002.08409679
112 41.30107025 002.08467094 41.30082411 002.08484927
111 41.30107025 002.08467094
111 41.30092822 002.08476694
112 41.30092822 002.08476694 41.30072570 002.08490794
112 41.30055375 002.08478115 41.30044470 002.08469406
111 41.30055375 002.08478115
112 41.30055375 002.08478115 41.30029826 002.08458208
112 41.29973724 002.08400960 41.29941944 002.08358244
111 41.29973724 002.08400960
112 41.29973724 002.08400960 41.29954407 002.08371100
112 41.29970915 002.08350160 41.29986805 002.08340207
111 41.29970915 002.08350160
112 41.30009559 002.08326100 41.30022334 002.08319880
111 41.30067754 002.08302098
114 41.30067754 002.08302098 41.30073473 002.08300057
111 41.30013038 002.08086458
112 41.30023343 002.08118072 41.30026685 002.08130011
111 41.30043022 002.08199830
112 41.30043022 002.08199830 41.30045011 002.08207955
111 41.30040204 002.08211217
112 41.29985440 002.08255519 41.29974993 002.08262472
111 41.29968133 002.08266633
112 41.29968133 002.08266633 41.29957029 002.08273936
111 41.29958404 002.08256129
111 41.29972480 002.08075205
112 41.29972480 002.08075205 41.29973207 002.08066112
112 41.29988333 002.08061490 41.29992548 002.08063038
111 41.29988333 002.08061490
111 41.29998939 002.08066185
114 41.29998939 002.08066185 41.30008084 002.08071803
112 41.29916250 002.07804935 41.29921151 002.07817981
111 41.29916250 002.07804935
111 41.29925254 002.07830861
111 41.29927921 002.07838542
111 41.29963489 002.07940956
112 41.29956300 002.07948635 41.29943109 002.07939505
111 41.29956300 002.07948635
112 41.29796157 002.07864232 41.29785504 002.07857902
112 41.29806558 002.07838663 41.29818543 002.07829294
111 41.29894928 002.07796725
114 41.29894928 002.07796725 41.29903976 002.07792711
112 41.29863309 002.07654749 41.29870957 002.07669452
111 41.29863309 002.07654749
111 41.29880188 002.07692394
112 41.29880188 002.07692394 41.29887493 002.07710717
112 41.29869335 002.07728027 41.29858288 002.07733682
111 41.29869335 002.07728027
111 41.29774019 002.07772910
112 41.29781199 002.07688144 41.29783465 002.07673440
111 41.29781199 002.07688144
112 41.29781199 002.07688144 41.29784881 002.07667031
112 41.29803095 002.07648070 41.29812725 002.07640530
111 41.29803095 002.07648070
111 41.29820805 002.07637748
114 41.29820805 002.07637748 41.29836100 002.07630208
112 41.29400922 002.06306520 41.29408805 002.06329784
111 41.29400922 002.06306520
111 41.29433546 002.06394765
112 41.29433546 002.06394765 41.29442654 002.06427088
112 41.29416491 002.06471721 41.29391261 002.06487640
111 41.29416491 002.06471721
111 41.29366595 002.06504657
111 41.29309290 002.06538880
111 41.29253500 002.06373598
112 41.29253500 002.06373598 41.29244436 002.06346832
112 41.29279408 002.06305777 41.29294987 002.06297483
111 41.29279408 002.06305777
111 41.29339412 002.06277810
114 41.29339412 002.06277810 41.29365017 002.06265404
111 41.29331883 002.06599694
111 41.29346239 002.06588074
112 41.29346239 002.06588074 41.29355303 002.06581288
112 41.29354014 002.06599694 41.29352315 002.06608741
112 41.29351374 002.06641089 41.29351091 002.06657299
113 41.29345568 002.06643297
111 41.30424154 002.08905441
111 41.30438477 002.08948598
114 41.30421831 002.08929661 41.30417476 002.08915618
110 31 0.00 335.5 TWY D/E/J north
111 41.29492691 002.08243811
111 41.29398177 002.08300654
111 41.29392586 002.08284366
111 41.29336782 002.08318954
111 41.29331806 002.08304528
111 41.29265236 002.08343892
111 41.29226999 002.08231817
111 41.29136708 002.08282447
111 41.29157189 002.08342578
111 41.29064341 002.08299646
111 41.28977308 002.08263983
111 41.28937286 002.08240107
111 41.28808504 002.08182751
111 41.28799854 002.08177820
111 41.28845453 002.08326652
111 41.29156867 002.08467224
111 41.29016113 002.08550080
111 41.29006369 002.08570379
111 41.29078761 002.08603620
111 41.29095269 002.08586217
111 41.29471427 002.08356560
113 41.29524149 002.08335741
110 1 0.00 65.5 RWYs 25R South
111 41.30263271 002.10421743
111 41.30403031 002.10337669
111 41.30309650 002.10062027
111 41.30312378 002.10059121
111 41.30230636 002.09820832
112 41.30223213 002.09813584 41.30220888 002.09805844
111 41.30223213 002.09813584
111 41.30125520 002.09523859
112 41.30125520 002.09523859 41.30123406 002.09516824
112 41.30124463 002.09506683 41.30126181 002.09500703
111 41.30124463 002.09506683
111 41.30174498 002.09339575
111 41.30196217 002.09330052
111 41.30128227 002.09123182
111 41.30098623 002.09117844
111 41.30099047 002.09130203
111 41.30102581 002.09232890
112 41.30102581 002.09232890 41.30103219 002.09254976
112 41.30086146 002.09382559 41.30079631 002.09387083
112 41.30075076 002.09375728 41.30072243 002.09366303
111 41.30075076 002.09375728
111 41.29970663 002.09071570
111 41.29971341 002.09042869
111 41.29900792 002.09014753
111 41.29896289 002.09037603
112 41.30022652 002.09411837 41.30024240 002.09417274
112 41.30018236 002.09426371 41.30013925 002.09428485
112 41.30003050 002.09433397 41.29999874 002.09434605
112 41.29994906 002.09429804 41.29993317 002.09426179
112 41.29957773 002.09344885 41.29953199 002.09330533
111 41.29957773 002.09344885
111 41.29846768 002.09014986
111 41.29851726 002.08993102
111 41.29774532 002.08957367
111 41.29771542 002.08974895
113 41.29773839 002.08981662
112 41.30059119 002.09506995 41.30059991 002.09509897
111 41.30059119 002.09506995
111 41.30176842 002.09851977
112 41.30176842 002.09851977 41.30178249 002.09855723
112 41.30172977 002.09862435 41.30169108 002.09863606
111 41.30172977 002.09862435
111 41.30154695 002.09870007
112 41.30154695 002.09870007 41.30151002 002.09871880
112 41.30145906 002.09866653 41.30143796 002.09861736
111 41.30145906 002.09866653
112 41.30110543 002.09791330 41.30104361 002.09772885
111 41.30110543 002.09791330
111 41.30050979 002.09615596
112 41.30050979 002.09615596 41.30044002 002.09593927
111 41.30031139 002.09531375
112 41.30031139 002.09531375 41.30030413 002.09527505
112 41.30032684 002.09522523 41.30035736 002.09519427
111 41.30032684 002.09522523
111 41.30054813 002.09504819
114 41.30054813 002.09504819 41.30056848 002.09503465
112 41.30257777 002.10092045 41.30259856 002.10096302
111 41.30257777 002.10092045
111 41.30348751 002.10360442
112 41.30348751 002.10360442 41.30349871 002.10363847
112 41.30346716 002.10369314 41.30343679 002.10370804
111 41.30346716 002.10369314
111 41.30328416 002.10380459
112 41.30328416 002.10380459 41.30325379 002.10381949
112 41.30321105 002.10377838 41.30319346 002.10374220
111 41.30321105 002.10377838
112 41.30289368 002.10311869 41.30282812 002.10292075
111 41.30289368 002.10311869
111 41.30247212 002.10194165
112 41.30247212 002.10194165 41.30242336 002.10180438
111 41.30229511 002.10115476
112 41.30229511 002.10115476 41.30228484 002.10110410
112 41.30230875 002.10104839 41.30233593 002.10102285
111 41.30230875 002.10104839
111 41.30249882 002.10088280
114 41.30249882 002.10088280 41.30253690 002.10085986
110 1 0.00 65.5 RWY`s 07L South
111 41.29096560 002.06702554
111 41.28996600 002.06412096
111 41.28936384 002.06627551
111 41.29256233 002.07556830
111 41.29104755 002.07646486
111 41.29331806 002.08304528
111 41.29336782 002.08318954
111 41.29392586 002.08284366
111 41.29194631 002.07707645
111 41.29321162 002.07631756
111 41.29524016 002.08224972
111 41.29492691 002.08243811
111 41.29524149 002.08335741
112 41.29541189 002.08334562 41.29544822 002.08340753
111 41.29541189 002.08334562
112 41.29572749 002.08400368 41.29578515 002.08416837
111 41.29572749 002.08400368
112 41.29572749 002.08400368 41.29575632 002.08408602
111 41.29589029 002.08480593
112 41.29589029 002.08480593 41.29590063 002.08485106
112 41.29586452 002.08489615 41.29584127 002.08491260
111 41.29586452 002.08489615
112 41.29524843 002.08535128 41.29518740 002.08538997
111 41.29291827 002.08675961
111 41.29280249 002.08696112
111 41.29359131 002.08733531
111 41.29370676 002.08711928
112 41.29552793 002.08600125 41.29563349 002.08594985
111 41.29616028 002.08575431
112 41.29616028 002.08575431 41.29620477 002.08573629
112 41.29624359 002.08579848 41.29626522 002.08585248
111 41.29624359 002.08579848
112 41.29662048 002.08661701 41.29664598 002.08667671
111 41.29662048 002.08661701
112 41.29662048 002.08661701 41.29667148 002.08673640
111 41.29736754 002.08879117
111 41.29736366 002.08904498
111 41.29801939 002.08932842
111 41.29808903 002.08912094
111 41.29705763 002.08610034
111 41.29689080 002.08539953
112 41.29689080 002.08539953 41.29687662 002.08533242
112 41.29694236 002.08526224 41.29698018 002.08523917
111 41.29694236 002.08526224
111 41.29711029 002.08517348
112 41.29711029 002.08517348 41.29713909 002.08516375
112 41.29721010 002.08526877 41.29723733 002.08535031
111 41.29721010 002.08526877
111 41.29860853 002.08935767
111 41.29870813 002.08964889
111 41.29937952 002.08993834
111 41.29941204 002.08972483
112 41.29927696 002.08941530 41.29928112 002.08923056
111 41.29927696 002.08941530
111 41.29943397 002.08724793
112 41.29943397 002.08724793 41.29944342 002.08714936
112 41.29957177 002.08729288 41.29961904 002.08735580
111 41.29957177 002.08729288
111 41.29970745 002.08744396
111 41.29990540 002.08733664
111 41.29910985 002.08502836
111 41.29898218 002.08510494
111 41.29866550 002.08418057
111 41.29880700 002.08409112
111 41.29686382 002.07838198
111 41.29671208 002.07847883
112 41.29664944 002.07851298 41.29661461 002.07851228
111 41.29664944 002.07851298
112 41.29664944 002.07851298 41.29663825 002.07851275
112 41.29661438 002.07849896 41.29660243 002.07848906
111 41.29661438 002.07849896
112 41.29498337 002.07690065 41.29493844 002.07683114
111 41.29359646 002.07288280
112 41.29359646 002.07288280 41.29359065 002.07286554
111 41.29362699 002.07283886
111 41.29281256 002.07046419
111 41.29277215 002.07047373
111 41.29148545 002.06674232
111 41.29151419 002.06672646
113 41.29150649 002.06670267
112 41.29751887 002.08105500 41.29785279 002.08193844
111 41.29751887 002.08105500
111 41.29709766 002.08133836
112 41.29709766 002.08133836 41.29702218 002.08139163
112 41.29692767 002.08133589 41.29686662 002.08128172
111 41.29692767 002.08133589
111 41.29641565 002.08085445
112 41.29641565 002.08085445 41.29635265 002.08079893
112 41.29624242 002.08060510 41.29620180 002.08046606
111 41.29624242 002.08060510
111 41.29566628 002.07890769
112 41.29566628 002.07890769 41.29562946 002.07879459
112 41.29579055 002.07875460 41.29592865 002.07875558
112 41.29610531 002.07891246 41.29623035 002.07904788
111 41.29610531 002.07891246
114 41.29610531 002.07891246 41.29669193 002.07947042
112 41.29778871 002.08310780 41.29781117 002.08317991
111 41.29776014 002.08373686
112 41.29776014 002.08373686 41.29774957 002.08383359
111 41.29769533 002.08387282
111 41.29747153 002.08400866
112 41.29739414 002.08396172 41.29737564 002.08389665
111 41.29739414 002.08396172
111 41.29696971 002.08270355
112 41.29696971 002.08270355 41.29692465 002.08256039
112 41.29710451 002.08254542 41.29718736 002.08254929
111 41.29710451 002.08254542
112 41.29736783 002.08266825 41.29749469 002.08277685
113 41.29736783 002.08266825
111 41.29638206 002.08281692
111 41.29683392 002.08411886
112 41.29683392 002.08411886 41.29687214 002.08423514
111 41.29680527 002.08427536
111 41.29666763 002.08438373
112 41.29655785 002.08435057 41.29651355 002.08426212
111 41.29655785 002.08435057
112 41.29625431 002.08370469 41.29621274 002.08357913
111 41.29611754 002.08307803
112 41.29611754 002.08307803 41.29609570 002.08290070
112 41.29616354 002.08283219 41.29625200 002.08277986
111 41.29616354 002.08283219
112 41.29629874 002.08277614 41.29634380 002.08276454
111 41.29629874 002.08277614
114 41.29629874 002.08277614 41.29635979 002.08275680
112 41.29857978 002.08423270 41.29860982 002.08428453
111 41.29857978 002.08423270
112 41.29857978 002.08423270 41.29863894 002.08433485
112 41.29874302 002.08466601 41.29876860 002.08477454
112 41.29883254 002.08518540 41.29883734 002.08525895
112 41.29875507 002.08528305 41.29867699 002.08522069
111 41.29875507 002.08528305
111 41.29826753 002.08483837
112 41.29826753 002.08483837 41.29823776 002.08481723
111 41.29824145 002.08476985
111 41.29826403 002.08440100
112 41.29826403 002.08440100 41.29826694 002.08434103
111 41.29831541 002.08432198
113 41.29851795 002.08420619
112 41.29889395 002.08637281 41.29893168 002.08648412
111 41.29886565 002.08716335
112 41.29886565 002.08716335 41.29885606 002.08724847
112 41.29873328 002.08747049 41.29868052 002.08751497
112 41.29858637 002.08741431 41.29853185 002.08725512
111 41.29858637 002.08741431
111 41.29808555 002.08599572
112 41.29808555 002.08599572 41.29803398 002.08584726
112 41.29826446 002.08581694 41.29836838 002.08584193
112 41.29848586 002.08594066 41.29860334 002.08603938
113 41.29848586 002.08594066
111 41.29022823 002.06774151
111 41.29028390 002.06790478
111 41.29032563 002.06787958
111 41.29040457 002.06811112
111 41.29036443 002.06813536
111 41.29040139 002.06824377
111 41.29022780 002.06834860
111 41.29019031 002.06823865
111 41.29014807 002.06826415
111 41.29006798 002.06802923
111 41.29011541 002.06800059
113 41.29006142 002.06784225
110 1 0.00 65.5 RWY`s 25R North
111 41.30470336 002.09426571
112 41.30470336 002.09426571 41.30476668 002.09445300
112 41.30454625 002.09483406 41.30440028 002.09494410
111 41.30454625 002.09483406
111 41.30431370 002.09497808
112 41.30431370 002.09497808 41.30419410 002.09503427
112 41.30393495 002.09487226 41.30379145 002.09472905
111 41.30393495 002.09487226
112 41.30299169 002.09388085 41.30280887 002.09362035
111 41.30299169 002.09388085
112 41.30299169 002.09388085 41.30288497 002.09372878
112 41.30257150 002.09320945 41.30241626 002.09292093
111 41.30257150 002.09320945
112 41.30257150 002.09320945 41.30246080 002.09300372
112 41.30226374 002.09251183 41.30217585 002.09225502
111 41.30226374 002.09251183
111 41.30206425 002.09261782
111 41.30298680 002.09538773
111 41.30323956 002.09516132
111 41.30375226 002.09561889
112 41.30375226 002.09561889 41.30403549 002.09584995
112 41.30445150 002.09571145 41.30461018 002.09562143
111 41.30445150 002.09571145
112 41.30476818 002.09552570 41.30484116 002.09549872
111 41.30476818 002.09552570
112 41.30476818 002.09552570 41.30481808 002.09550978
112 41.30497815 002.09553920 41.30501742 002.09556445
111 41.30497815 002.09553920
112 41.30497815 002.09553920 41.30503303 002.09557755
111 41.30521068 002.09583168
112 41.30521068 002.09583168 41.30525327 002.09592471
111 41.30533004 002.09632708
112 41.30533004 002.09632708 41.30534167 002.09636964
112 41.30530550 002.09642316 41.30527498 002.09644638
111 41.30530550 002.09642316
111 41.30523802 002.09647526
111 41.30599534 002.09868148
112 41.30599534 002.09868148 41.30604331 002.09864956
112 41.30608189 002.09870815 41.30610587 002.09875923
111 41.30608189 002.09870815
112 41.30608189 002.09870815 41.30610907 002.09879542
112 41.30644333 002.09951069 41.30650488 002.09966989
112 41.30716345 002.10159064 41.30726377 002.10191144
112 41.30732467 002.10222614 41.30734705 002.10232617
112 41.30727136 002.10248834 41.30722659 002.10255219
111 41.30727136 002.10248834
111 41.30865085 002.10164620
112 41.30865085 002.10164620 41.30862047 002.10161215
112 41.30853163 002.10146386 41.30849645 002.10134893
111 41.30853163 002.10146386
111 41.30578326 002.09349117
111 41.30581231 002.09321595
111 41.30509132 002.09290457
111 41.30505130 002.09315672
111 41.30575720 002.09513305
111 41.30592028 002.09589865
112 41.30592028 002.09589865 41.30593677 002.09598177
112 41.30577641 002.09593300 41.30573243 002.09579593
111 41.30577641 002.09593300
111 41.30480363 002.09304381
111 41.30481226 002.09278831
111 41.30418834 002.09252151
113 41.30418572 002.09276139
112 41.30785075 002.10127987 41.30792500 002.10156388
111 41.30800307 002.10197266
112 41.30797698 002.10204044 41.30794974 002.10205454
111 41.30792250 002.10202578
111 41.30670431 002.09845896
112 41.30672679 002.09840491 41.30675366 002.09838268
111 41.30676955 002.09841655
114 41.30711287 002.09910700 41.30716203 002.09923786
110 1 0.00 19.0 Calle U
111 41.30473282 002.09023620
111 41.30632038 002.09094089
112 41.30632038 002.09094089 41.30655262 002.09104179
112 41.30652912 002.09150007 41.30640845 002.09172421
111 41.30652912 002.09150007
112 41.30628822 002.09187162 41.30618648 002.09200319
111 41.30592560 002.09229066
112 41.30592560 002.09229066 41.30580249 002.09242262
112 41.30551011 002.09250999 41.30534863 002.09250875
111 41.30551011 002.09250999
111 41.30545416 002.09276091
111 41.30604595 002.09303919
111 41.30611218 002.09278490
111 41.30678399 002.09203302
112 41.30678399 002.09203302 41.30699257 002.09180478
112 41.30704383 002.09125817 41.30701981 002.09101830
111 41.30704383 002.09125817
111 41.30827757 002.09185657
112 41.30827757 002.09185657 41.30835055 002.09189253
112 41.30843447 002.09203831 41.30846627 002.09213713
111 41.30843447 002.09203831
111 41.30901730 002.09370042
112 41.30901730 002.09370042 41.30907147 002.09388070
112 41.30886968 002.09404463 41.30870524 002.09412705
111 41.30886968 002.09404463
111 41.30879184 002.09427452
111 41.30954215 002.09463028
111 41.30961437 002.09438460
111 41.30971408 002.09425324
111 41.31002217 002.09405767
112 41.31002217 002.09405767 41.31011970 002.09398956
112 41.31033675 002.09404065 41.31044387 002.09410237
111 41.31033675 002.09404065
111 41.31097088 002.09435398
111 41.31145545 002.09465902
112 41.31145545 002.09465902 41.31162187 002.09477035
112 41.31163314 002.09513016 41.31160011 002.09538446
111 41.31163314 002.09513016
112 41.31147474 002.09596936 41.31139515 002.09623426
111 41.31147474 002.09596936
111 41.31129610 002.09649610
112 41.31129610 002.09649610 41.31126223 002.09659456
112 41.31116793 002.09671490 41.31111624 002.09676596
111 41.31116793 002.09671490
111 41.31090862 002.09695743
112 41.31090862 002.09695743 41.31065538 002.09720391
112 41.31045097 002.09783685 41.31041394 002.09824719
111 41.31045097 002.09783685
111 41.31041511 002.09865459
112 41.31041511 002.09865459 41.31040996 002.09885341
112 41.31018714 002.09898001 41.31005067 002.09898344
111 41.31018714 002.09898001
111 41.30987555 002.09898712
111 41.30987555 002.09953294
111 41.31019536 002.09951371
112 41.31019536 002.09951371 41.31033868 002.09951371
112 41.31046233 002.09975795 41.31050750 002.09993163
111 41.31046233 002.09975795
111 41.31055103 002.10017412
112 41.31055103 002.10017412 41.31060080 002.10044464
112 41.31026189 002.10089406 41.31001753 002.10104075
111 41.31026189 002.10089406
111 41.30977853 002.10123160
111 41.30900229 002.10170186
112 41.30900229 002.10170186 41.30884962 002.10178897
112 41.30865085 002.10164620 41.30855115 002.10152591
111 41.30865085 002.10164620
111 41.30889535 002.10235791
111 41.30988330 002.10176263
111 41.31055366 002.10142345
112 41.31055366 002.10142345 41.31075618 002.10132805
112 41.31108380 002.10171475 41.31120532 002.10197607
111 41.31108380 002.10171475
112 41.31108380 002.10171475 41.31140784 002.10244479
111 41.31238940 002.10542552
111 41.31278581 002.10517763
111 41.31116049 002.10044761
111 41.31092119 002.09971561
112 41.31092119 002.09971561 41.31088607 002.09960341
112 41.31084941 002.09926304 41.31084239 002.09911657
111 41.31084941 002.09926304
112 41.31082662 002.09879670 41.31082855 002.09859580
111 41.31087357 002.09817217
112 41.31087357 002.09817217 41.31088968 002.09796021
112 41.31115189 002.09751149 41.31133175 002.09735764
112 41.31166274 002.09684247 41.31176446 002.09649022
111 41.31166274 002.09684247
111 41.31210544 002.09518061
112 41.31210544 002.09518061 41.31220333 002.09478114
112 41.31181888 002.09419639 41.31155925 002.09404907
111 41.31181888 002.09419639
111 41.31070216 002.09365321
111 41.31064087 002.09368907
111 41.31007300 002.09339692
111 41.30945454 002.09156409
111 41.30863889 002.09116934
111 41.30875405 002.09150153
111 41.30636920 002.09042152
112 41.30636920 002.09042152 41.30628730 002.09038517
112 41.30625110 002.09025551 41.30626093 002.09020608
111 41.30625110 002.09025551
111 41.30629963 002.09007103
112 41.30629963 002.09007103 41.30631929 002.09001579
112 41.30640073 002.09000371 41.30644550 002.09002987
111 41.30640073 002.09000371
111 41.30667974 002.09014104
111 41.30589308 002.08788125
111 41.30569567 002.08800399
111 41.30583858 002.08842289
111 41.30597702 002.08882867
111 41.30601088 002.08892791
111 41.30614925 002.08932600
112 41.30619455 002.08955356 41.30619804 002.08967338
111 41.30616469 002.08980052
111 41.30608698 002.09009130
112 41.30602223 002.09019503 41.30596711 002.09024250
111 41.30590542 002.09020772
111 41.30499687 002.08977909
112 41.30499687 002.08977909 41.30490669 002.08973018
111 41.30485778 002.08956372
111 41.30465640 002.08898248
112 41.30465640 002.08898248 41.30461931 002.08886190
111 41.30474467 002.08870115
111 41.30470905 002.08859662
113 41.30425843 002.08886887
110 54 0.00 65.5 Rampas 0/4
111 41.29768065 002.07137489
111 41.29818278 002.07107168
111 41.30425843 002.08886887
111 41.30470905 002.08859662
111 41.30569567 002.08800399
111 41.30589308 002.08788125
111 41.30667974 002.09014104
111 41.30813845 002.09085972
111 41.30861253 002.09109329
111 41.30863889 002.09116934
111 41.30945454 002.09156409
111 41.31007300 002.09339692
111 41.31064087 002.09368907
111 41.31070216 002.09365321
111 41.31100979 002.09347540
111 41.31105058 002.09347776
111 41.31175164 002.09365819
111 41.31192170 002.09355292
111 41.31201611 002.09381842
111 41.31217872 002.09372009
111 41.31121596 002.09087482
111 41.31025707 002.09145970
111 41.30989629 002.09041161
111 41.30992617 002.09039499
111 41.30979250 002.08999824
112 41.30979250 002.08999824 41.30976389 002.08991710
112 41.30963621 002.08993843 41.30956796 002.08997562
111 41.30963621 002.08993843
111 41.30901080 002.09032956
111 41.30803678 002.08749422
112 41.30803678 002.08749422 41.30797081 002.08729309
112 41.30766546 002.08730052 41.30751862 002.08738267
111 41.30766546 002.08730052
111 41.30717805 002.08759108
111 41.30563326 002.08303562
112 41.30563326 002.08303562 41.30560705 002.08295858
112 41.30550764 002.08287080 41.30545849 002.08284463
111 41.30550764 002.08287080
111 41.30530409 002.08277524
112 41.30530409 002.08277524 41.30523747 002.08275198
112 41.30512846 002.08280196 41.30505202 002.08285139
111 41.30512846 002.08280196
111 41.30440214 002.08325249
111 41.30425816 002.08282889
112 41.30425816 002.08282889 41.30421931 002.08271550
112 41.30411979 002.08268018 41.30406151 002.08267023
111 41.30411979 002.08268018
111 41.30361090 002.08260839
112 41.30361090 002.08260839 41.30345932 002.08258646
112 41.30348700 002.08225019 41.30355998 002.08211420
111 41.30348700 002.08225019
111 41.30381971 002.08162199
112 41.30381971 002.08162199 41.30382589 002.08161074
112 41.30382403 002.08157386 41.30381835 002.08155812
111 41.30382403 002.08157386
111 41.30336123 002.08022226
112 41.30336123 002.08022226 41.30332238 002.08010888
112 41.30322286 002.08007355 41.30316458 002.08006360
111 41.30322286 002.08007355
111 41.30271397 002.08000176
112 41.30271397 002.08000176 41.30256239 002.07997983
112 41.30259007 002.07964355 41.30266305 002.07950755
111 41.30259007 002.07964355
111 41.30292278 002.07901536
112 41.30292278 002.07901536 41.30292896 002.07900411
112 41.30292744 002.07896811 41.30292175 002.07895237
111 41.30292744 002.07896811
112 41.30292744 002.07896811 41.30292175 002.07895237
111 41.30244344 002.07756800
112 41.30244344 002.07756800 41.30242309 002.07750415
112 41.30234562 002.07746959 41.30229049 002.07746024
111 41.30234562 002.07746959
111 41.30182552 002.07739778
112 41.30182552 002.07739778 41.30168107 002.07737181
112 41.30171480 002.07701733 41.30180945 002.07686072
111 41.30171480 002.07701733
112 41.30202250 002.07643222 41.30203500 002.07640562
111 41.30202250 002.07643222
112 41.30202250 002.07643222 41.30203500 002.07640562
112 41.30202382 002.07636543 41.30201331 002.07633386
111 41.30202382 002.07636543
112 41.30202382 002.07636543 41.30201331 002.07633386
111 41.30157315 002.07500667
112 41.30157315 002.07500667 41.30153430 002.07489329
112 41.30143478 002.07485796 41.30137650 002.07484801
111 41.30143478 002.07485796
111 41.30092589 002.07478617
112 41.30092589 002.07478617 41.30077431 002.07476424
112 41.30080199 002.07442796 41.30087497 002.07429196
111 41.30080199 002.07442796
111 41.30113470 002.07379977
112 41.30113470 002.07379977 41.30114088 002.07378852
112 41.30113651 002.07375404 41.30113083 002.07373830
111 41.30113651 002.07375404
112 41.30113651 002.07375404 41.30113083 002.07373830
111 41.30061991 002.07230080
112 41.30061991 002.07230080 41.30061118 002.07227318
112 41.30061729 002.07221765 41.30063367 002.07218858
111 41.30061729 002.07221765
111 41.30110400 002.07131456
112 41.30110400 002.07131456 41.30114468 002.07121654
112 41.30116944 002.07103048 41.30118085 002.07090412
111 41.30116944 002.07103048
112 41.30116944 002.07103048 41.30118101 002.07090235
112 41.30113562 002.07069181 41.30110916 002.07060944
111 41.30113562 002.07069181
112 41.30101210 002.07035498 41.30096210 002.07023990
111 41.30101210 002.07035498
112 41.30101210 002.07035498 41.30097776 002.07027594
112 41.30090415 002.07015653 41.30085958 002.07008387
111 41.30090415 002.07015653
112 41.30090415 002.07015653 41.30084971 002.07006779
111 41.30057353 002.06981348
112 41.30043947 002.06963927 41.30039648 002.06955747
111 41.30037063 002.06945926
112 41.30025046 002.06921317 41.30016356 002.06909619
111 41.30025046 002.06921317
112 41.30025046 002.06921317 41.30023308 002.06918978
112 41.30019173 002.06914558 41.30016991 002.06912429
111 41.30019173 002.06914558
112 41.30019173 002.06914558 41.30017764 002.06913086
112 41.30015333 002.06910213 41.30014159 002.06908743
111 41.30015333 002.06910213
112 41.30015333 002.06910213 41.30009847 002.06903351
112 41.29999004 002.06874967 41.29991653 002.06854568
111 41.29999004 002.06874967
111 41.29873752 002.06502089
112 41.29873752 002.06502089 41.29872809 002.06499204
112 41.29870792 002.06476802 41.29871336 002.06467907
112 41.29869033 002.06456624 41.29868127 002.06454028
111 41.29869033 002.06456624
111 41.29660835 002.05848667
113 41.29383199 002.06014283
110 53 0.00 65.5 Cabecera RWY 07L Old
111 41.29058081 002.06250600
112 41.29058081 002.06250600 41.29046164 002.06257397
112 41.29033382 002.06282771 41.29026998 002.06304013
111 41.29033382 002.06282771
111 41.28996600 002.06412096
111 41.29096560 002.06702554
111 41.29150649 002.06670267
111 41.29153690 002.06668470
111 41.29151308 002.06660946
111 41.29153575 002.06659437
111 41.29150405 002.06649811
111 41.29155282 002.06646830
111 41.29152247 002.06636827
111 41.29156826 002.06633846
111 41.29152809 002.06621176
111 41.29157712 002.06618259
111 41.29155513 002.06611459
111 41.29159199 002.06609292
111 41.29157033 002.06602756
111 41.29162822 002.06599085
111 41.29160443 002.06591648
111 41.29165649 002.06588376
111 41.29163991 002.06583118
111 41.29168463 002.06580501
111 41.29166106 002.06573415
111 41.29170913 002.06570699
111 41.29168803 002.06564216
111 41.29173669 002.06561320
111 41.29171543 002.06554975
111 41.29176682 002.06551800
111 41.29174968 002.06546829
111 41.29179835 002.06543941
111 41.29178447 002.06539764
111 41.29184048 002.06536144
113 41.29081603 002.06237996
110 53 0.00 65.5 Cabecera RWY 07L S
111 41.29362699 002.07283886
111 41.29450042 002.07229481
111 41.29451803 002.07228996
111 41.29458257 002.07227219
111 41.29491260 002.07213535
111 41.29409140 002.06973764
111 41.29381156 002.07000843
112 41.29375349 002.07005820 41.29371836 002.07008725
111 41.29375349 002.07005820
112 41.29375349 002.07005820 41.29369400 002.07010739
112 41.29352213 002.07021724 41.29344473 002.07025403
111 41.29352213 002.07021724
112 41.29352213 002.07021724 41.29339902 002.07027576
113 41.29281256 002.07046419
110 53 0.00 65.5 Cabecera RWY 07L N
112 41.29538083 002.06890356 41.29521638 002.06898853
111 41.29538083 002.06890356
111 41.29409140 002.06973764
111 41.29491260 002.07213535
111 41.29527558 002.07190238
112 41.29595838 002.07147616 41.29601844 002.07144628
111 41.29595838 002.07147616
112 41.29595838 002.07147616 41.29601855 002.07144623
112 41.29622402 002.07136047 41.29632743 002.07131813
111 41.29622402 002.07136047
112 41.29622402 002.07136047 41.29623938 002.07135418
112 41.29627004 002.07134173 41.29628533 002.07133554
111 41.29627004 002.07134173
112 41.29627004 002.07134173 41.29642258 002.07127994
111 41.29656484 002.07122531
112 41.29656484 002.07122531 41.29662240 002.07120403
112 41.29674743 002.07128450 41.29678101 002.07135260
111 41.29674743 002.07128450
111 41.29700961 002.07179236
111 41.29674275 002.07105706
111 41.29660698 002.07107264
111 41.29579463 002.06870398
111 41.29582171 002.06865764
112 41.29582171 002.06865764 41.29585295 002.06862406
112 41.29583913 002.06852889 41.29581750 002.06849691
111 41.29583913 002.06852889
113 41.29575207 002.06841817
110 53 0.00 65.5 Plataforma Y1/Y3 RWY 25R S
112 41.30283204 002.09801226 41.30273759 002.09806614
111 41.30283204 002.09801226
112 41.30283204 002.09801226 41.30266953 002.09810497
111 41.30230636 002.09820832
111 41.30312378 002.10059121
112 41.30369959 002.10007785 41.30384021 002.09998331
111 41.30369959 002.10007785
112 41.30369959 002.10007785 41.30376974 002.10003069
112 41.30397396 002.09990850 41.30406740 002.09985325
111 41.30397396 002.09990850
112 41.30397396 002.09990850 41.30406783 002.09985299
111 41.30414418 002.09980928
111 41.30337860 002.09756768
113 41.30322101 002.09770794
110 53 0.00 65.5 Plataforma Z1/Z3 RWY 25R N
111 41.30488510 002.09678409
112 41.30488510 002.09678409 41.30475496 002.09690115
112 41.30448289 002.09705556 41.30431054 002.09713048
111 41.30402120 002.09722849
111 41.30395890 002.09726315
111 41.30376497 002.09737105
111 41.30452137 002.09956581
111 41.30470846 002.09945357
111 41.30599534 002.09868148
113 41.30523802 002.09647526
110 53 0.00 155.5 Cabecera RWY 25R S
111 41.30510353 002.10275000
111 41.30497124 002.10282270
112 41.30488079 002.10297437 41.30477227 002.10304069
111 41.30488079 002.10297437
112 41.30427229 002.10331073 41.30409431 002.10338027
111 41.30403031 002.10337669
111 41.30263271 002.10421743
111 41.30295250 002.10515836
112 41.30295250 002.10515836 41.30302549 002.10536452
112 41.30335311 002.10561806 41.30351395 002.10570150
111 41.30335311 002.10561806
111 41.30426432 002.10607052
112 41.30426432 002.10607052 41.30437512 002.10612202
112 41.30468466 002.10604325 41.30479898 002.10597068
111 41.30468466 002.10604325
111 41.30582763 002.10532553
113 41.30595364 002.10524640
110 53 0.00 155.5 Cabecera RWY 25R N
111 41.30727136 002.10248834
112 41.30727136 002.10248834 41.30719596 002.10263433
111 41.30700595 002.10274865
112 41.30645080 002.10307880 41.30626821 002.10316293
111 41.30645080 002.10307880
112 41.30645080 002.10307880 41.30635189 002.10312437
112 41.30602044 002.10328773 41.30588867 002.10335291
111 41.30602044 002.10328773
112 41.30602044 002.10328773 41.30594551 002.10332479
111 41.30589254 002.10335119
111 41.30643583 002.10493988
111 41.30656235 002.10487131
111 41.30812989 002.10402177
112 41.30812989 002.10402177 41.30823296 002.10396372
112 41.30840325 002.10365442 41.30844686 002.10352073
111 41.30840325 002.10365442
112 41.30840325 002.10365442 41.30844950 002.10349259
112 41.30878211 002.10242442 41.30884617 002.10238499
111 41.30878211 002.10242442
111 41.30889535 002.10235791
113 41.30865085 002.10164620
110 53 0.00 65.5 Cabecera RWY 25L
111 41.29229404 002.10053393
111 41.29228108 002.10057915
111 41.29229993 002.10063365
111 41.29225779 002.10066039
111 41.29227588 002.10071383
111 41.29223604 002.10073624
111 41.29225693 002.10079579
111 41.29221127 002.10082266
111 41.29222980 002.10087628
111 41.29218919 002.10089967
111 41.29220801 002.10095553
111 41.29216583 002.10098116
111 41.29218321 002.10103182
111 41.29214451 002.10105552
111 41.29216355 002.10111129
111 41.29212097 002.10113766
111 41.29213892 002.10119144
111 41.29209833 002.10121663
111 41.29211654 002.10127164
111 41.29207498 002.10129806
111 41.29209123 002.10134689
111 41.29206280 002.10136345
111 41.29208718 002.10143465
111 41.29200181 002.10148597
111 41.29185843 002.10157218
111 41.29239195 002.10314080
111 41.29184455 002.10348377
111 41.29208313 002.10418043
111 41.29282074 002.10373297
111 41.29273616 002.10348592
111 41.29366430 002.10294565
111 41.29364037 002.10287026
111 41.29374756 002.10280630
111 41.29372721 002.10274651
111 41.29381228 002.10269519
111 41.29379559 002.10264690
111 41.29384280 002.10261696
111 41.29382612 002.10256725
111 41.29387332 002.10253872
111 41.29385557 002.10248538
111 41.29389743 002.10246026
111 41.29387968 002.10240692
111 41.29392155 002.10238180
111 41.29390322 002.10232638
111 41.29394451 002.10230060
111 41.29392564 002.10224447
111 41.29396747 002.10221939
111 41.29393058 002.10211067
111 41.29397622 002.10208195
111 41.29395093 002.10200537
111 41.29397246 002.10199223
113 41.29327260 002.09995872
110 2 0.00 65.5 Cabecera RWY 07R
111 41.28318152 002.07571400
111 41.28312981 002.07556207
111 41.28319055 002.07552448
111 41.28321030 002.07558302
111 41.28325095 002.07555770
111 41.28326888 002.07561050
111 41.28331039 002.07558666
111 41.28332767 002.07563807
111 41.28337041 002.07561194
111 41.28338953 002.07566709
111 41.28342862 002.07564512
111 41.28344729 002.07569852
111 41.28349320 002.07567144
111 41.28351241 002.07572474
111 41.28355655 002.07570130
111 41.28357483 002.07575402
111 41.28361737 002.07572822
111 41.28363613 002.07578277
111 41.28367746 002.07576018
111 41.28369471 002.07581025
111 41.28373641 002.07578713
111 41.28375376 002.07583795
111 41.28379154 002.07581617
111 41.28380780 002.07586200
111 41.28385803 002.07583460
111 41.28387809 002.07589327
111 41.28391917 002.07587369
111 41.28396040 002.07599334
111 41.28485202 002.07544448
111 41.28415235 002.07337173
111 41.28413506 002.07332051
111 41.28405325 002.07323899
111 41.28401573 002.07326124
111 41.28397784 002.07315376
111 41.28393813 002.07317835
111 41.28391822 002.07312385
111 41.28387636 002.07314809
111 41.28385642 002.07309284
111 41.28381480 002.07311649
111 41.28379499 002.07306202
111 41.28375751 002.07308455
111 41.28373897 002.07303391
111 41.28369891 002.07305685
111 41.28367845 002.07299819
111 41.28363628 002.07302496
111 41.28361842 002.07297360
111 41.28357421 002.07299752
111 41.28355528 002.07294401
111 41.28347791 002.07299186
111 41.28345981 002.07293859
111 41.28337469 002.07298926
111 41.28335313 002.07293252
111 41.28242067 002.07349869
111 41.28266824 002.07422112
111 41.28246390 002.07434106
113 41.28298097 002.07584273
110 53 0.00 65.5 Rampa 10/11/12
111 41.29159193 002.07449995
112 41.29159193 002.07449995 41.29160800 002.07456320
112 41.29157020 002.07463519 41.29154361 002.07465680
111 41.29157020 002.07463519
111 41.29042353 002.07534659
111 41.29047820 002.07551343
111 41.29051747 002.07549151
111 41.29076108 002.07620143
111 41.29026930 002.07650261
111 41.29226999 002.08231817
111 41.29250750 002.08301434
111 41.29259955 002.08328413
111 41.29265236 002.08343892
111 41.29331806 002.08304528
111 41.29104755 002.07646486
111 41.29256233 002.07556830
111 41.28936384 002.06627551
111 41.28932675 002.06616775
111 41.28921030 002.06623411
111 41.28911495 002.06597752
112 41.28911495 002.06597752 41.28909461 002.06595715
112 41.28886903 002.06588645 41.28877909 002.06593678
112 41.28873559 002.06607049 41.28873120 002.06610254
112 41.28874577 002.06619712 41.28875362 002.06622001
113 41.28874577 002.06619712
110 53 0.00 65.0 Rampa 17
111 41.28730098 002.07976073
111 41.28799854 002.08177820
111 41.28808504 002.08182751
111 41.28937286 002.08240107
111 41.28920861 002.08191696
111 41.28945772 002.08176512
113 41.28852140 002.07901350
110 53 0.00 65.5 Rampa 13/14/15
111 41.28883071 002.07775986
111 41.29064341 002.08299646
111 41.29157189 002.08342578
111 41.29136708 002.08282447
111 41.28919726 002.07645421
111 41.28889917 002.07630337
111 41.28810518 002.07675602
111 41.28809437 002.07672327
111 41.28747926 002.07709890
111 41.28724352 002.07698700
111 41.28554125 002.07198802
111 41.28503379 002.07229959
113 41.28723885 002.07870510
110 53 0.00 65.5 Rampa 16
111 41.29321162 002.07631756
111 41.29194631 002.07707645
111 41.29392586 002.08284366
111 41.29398177 002.08300654
111 41.29492691 002.08243811
113 41.29524016 002.08224972
110 53 0.00 65.5 Rampa 32
111 41.31278581 002.10517763
111 41.31355123 002.10469898
111 41.31194373 002.09994647
113 41.31116049 002.10044761
110 53 0.00 90.0 Rampa 31
111 41.30904988 002.09984607 106
111 41.30987555 002.09984607
111 41.30987555 002.09953294
111 41.30987555 002.09898712
111 41.30987555 002.09867404 106
113 41.30904988 002.09867404 106
110 31 0.00 65.5 New Taxiway 22
111 41.28173251 002.07385475
111 41.28199753 002.07462812
111 41.28266824 002.07422112
111 41.28242067 002.07349869
113 41.28240322 002.07344775
110 51 0.25 65.4 taxiway
111 41.29009351 002.06786452
111 41.29014765 002.06802814
111 41.29010815 002.06805129
111 41.29016230 002.06821493
111 41.29020571 002.06818948
111 41.29024067 002.06829513
111 41.29036117 002.06822450
111 41.29032472 002.06811437
111 41.29036601 002.06809016
111 41.29031333 002.06793097
111 41.29026908 002.06795690
113 41.29021496 002.06779333
110 27 0.25 65.4 taxiway
111 41.29006142 002.06784225
111 41.29011541 002.06800059
111 41.29006798 002.06802923
111 41.29014807 002.06826415
111 41.29019031 002.06823865
111 41.29022780 002.06834860
111 41.29040139 002.06824377
111 41.29036443 002.06813536
111 41.29040457 002.06811112
111 41.29032563 002.06787958
111 41.29028390 002.06790478
113 41.29022823 002.06774151
111 41.29021496 002.06779333
111 41.29026908 002.06795690
111 41.29031333 002.06793097
111 41.29036601 002.06809016
111 41.29032472 002.06811437
111 41.29036117 002.06822450
111 41.29024067 002.06829513
111 41.29020571 002.06818948
111 41.29016230 002.06821493
111 41.29010815 002.06805129
111 41.29014765 002.06802814
113 41.29009351 002.06786452
130 Airport Boundary 190
111 41.27975307 002.07314745
111 41.28151671 002.07740889
111 41.28219598 002.08032893
111 41.28532896 002.08943802
111 41.28579935 002.08996721
111 41.28852608 002.09788265
111 41.28863314 002.09863043
111 41.29004448 002.10315986
111 41.28992780 002.10417041
111 41.29115456 002.10511832
111 41.29363791 002.11197694
111 41.29431180 002.11155032
111 41.29469593 002.11036204
111 41.29409091 002.10883466
111 41.29457553 002.10816973
111 41.29392384 002.10361808
111 41.29835581 002.10089272
111 41.29909792 002.10277529
111 41.30323294 002.10623430
111 41.30744881 002.11041919
111 41.30841784 002.11203975
111 41.30875246 002.11167452
111 41.30828363 002.10979882
111 41.30932166 002.10716992
111 41.31255523 002.10540337
111 41.31314345 002.10619916
111 41.31495073 002.10435331
111 41.31254305 002.09726038
111 41.31372625 002.09645266
111 41.31198310 002.09134456
111 41.31163044 002.08839611
111 41.31078661 002.08548755
111 41.31072788 002.08155776
111 41.30915249 002.07900622
111 41.30727766 002.07318575
111 41.30793762 002.07242709
111 41.30737296 002.07070784
111 41.30617671 002.07030658
111 41.30340812 002.06230185
111 41.30268099 002.06264341
111 41.30222317 002.06229654
111 41.30078027 002.06274552
111 41.29978352 002.05979180
111 41.30067452 002.05897232
111 41.30020655 002.05611505
111 41.29923787 002.05486312
111 41.29814273 002.05411229
111 41.29660435 002.05504022
111 41.29592587 002.05301393
111 41.29435056 002.05416154
111 41.29264114 002.05745272
111 41.29068717 002.06110846
111 41.28590673 002.07032830
111 41.28475486 002.07078945
111 41.28174217 002.07077802
111 41.27950451 002.06560380
111 41.27906156 002.06594918
113 41.28072411 002.07071498
120 Linear Feature 1
111 41.29009619 002.06791722 51
115 41.29014486 002.06788616
120 Linear Feature 2
111 41.28923960 002.07950600 8
115 41.28899593 002.07965234
120 Linear Feature 2
111 41.28943699 002.08006593 8
115 41.28919332 002.08021226
120 Linear Feature 1
111 41.29350323 002.07722342 52
115 41.29357949 002.07744802
120 Linear Feature 773
111 41.31050781 002.09204450 51
115 41.30978369 002.09235669
120 Linear Feature 3
111 41.28646232 002.07941033 8
111 41.28650837 002.07954594
111 41.28654328 002.07964874 8
115 41.28666555 002.08000879
120 Linear Feature 766
111 41.29909990 002.07757981 19
115 41.29903829 002.07762210
120 Linear Feature 765
111 41.29904503 002.07742093 19
115 41.29898438 002.07745552
120 Linear Feature 764
111 41.29954747 002.08110354 19
115 41.29967108 002.08112199
120 Linear Feature 763
111 41.29960061 002.08081139 19
115 41.29969303 002.08082062
120 Linear Feature 762
111 41.29965722 002.08069453 19
115 41.29970111 002.08074066
120 Linear Feature 761
111 41.29973808 002.08058536 19
115 41.29975078 002.08065148
120 Linear Feature 760
111 41.30000874 002.08247810 19
115 41.30008286 002.08263571
120 Linear Feature 759
111 41.30019934 002.08232178 19
115 41.30027443 002.08247426
120 Linear Feature 758
111 41.30038898 002.08216289 19
115 41.30046407 002.08231537
120 Linear Feature 757
111 41.30046118 002.08209754 19
115 41.30054108 002.08217826
120 Linear Feature 756
111 41.30053049 002.08200015 19
115 41.30046118 002.08202450
120 Linear Feature 755
111 41.30046599 002.08170801 19
115 41.30039283 002.08174004
120 Linear Feature 754
111 41.30039668 002.08142098 19
115 41.30032063 002.08145558
120 Linear Feature 753
111 41.30020027 002.08300719 19
115 41.30024186 002.08318248
120 Linear Feature 752
111 41.30041097 002.08291678 19
115 41.30045533 002.08309392
120 Linear Feature 751
111 41.30063138 002.08283559 19
115 41.30067019 002.08299981
120 Linear Feature 750
111 41.30076030 002.08283375 19
115 41.30075614 002.08296660
120 Linear Feature 749
111 41.30086149 002.08295368 19
115 41.30079634 002.08300719
120 Linear Feature 748
111 41.30098209 002.08321016 19
115 41.30091555 002.08326182
120 Linear Feature 747
111 41.30108808 002.08533441 19
115 41.30105804 002.08524984
120 Linear Feature 746
111 41.30098411 002.08542821 19
115 41.30093906 002.08535748
120 Linear Feature 745
111 41.30091364 002.08553123 19
115 41.30085011 002.08546819
120 Linear Feature 744
111 41.30085242 002.08566039 19
115 41.30078311 002.08562657
120 Linear Feature 743
111 41.30082008 002.08583876 19
115 41.30074614 002.08582492
120 Linear Feature 742
111 41.30662800 002.09819628 19
115 41.30670771 002.09837005
120 Linear Feature 741
111 41.30667998 002.09818244 19
115 41.30672272 002.09835467
120 Linear Feature 740
111 41.30675738 002.09835160 19
115 41.30680589 002.09818244
120 Linear Feature 739
111 41.30678857 002.09838082 19
115 41.30690524 002.09828240
120 Linear Feature 738
111 41.30691332 002.09863301 19
115 41.30702769 002.09853613
120 Linear Feature 737
111 41.30703115 002.09888982 19
115 41.30714782 002.09878833
120 Linear Feature 736
111 41.30587244 002.09606857 19
115 41.30578349 002.09623619
120 Linear Feature 735
111 41.30592904 002.09609933 19
115 41.30593713 002.09627925
120 Linear Feature 734
111 41.30608499 002.09609164 19
115 41.30600066 002.09605781
120 Linear Feature 733
111 41.30608730 002.09593479 19
115 41.30597063 002.09597785
120 Linear Feature 732
111 41.30602146 002.09564877 19
115 41.30589901 002.09569029
120 Linear Feature 731
111 41.30595677 002.09535967 19
115 41.30583432 002.09541042
120 Linear Feature 700
111 41.29249378 002.09927668 2
115 41.29280646 002.09908549
120 Linear Feature 679
111 41.29145645 002.09521187 2
115 41.29117455 002.09538089
120 Linear Feature 659
111 41.28344353 002.07449183 19
115 41.28341792 002.07457482
120 Linear Feature 658
111 41.28361206 002.07458987 19
115 41.28358898 002.07466976
120 Linear Feature 657
111 41.28378850 002.07467925 19
115 41.28376311 002.07476105
120 Linear Feature 656
111 41.28383260 002.07472015 19
115 41.28378650 002.07477706
120 Linear Feature 655
111 41.28385999 002.07477083 19
115 41.28380186 002.07480995
120 Linear Feature 654
111 41.28392680 002.07497177 19
115 41.28386801 002.07500645
120 Linear Feature 653
111 41.28399629 002.07517182 19
115 41.28394016 002.07520561
120 Linear Feature 652
111 41.28402301 002.07531497 19
115 41.28394618 002.07523139
120 Linear Feature 651
111 41.28392665 002.07522580 19
115 41.28390702 002.07529647
120 Linear Feature 650
111 41.28379273 002.07514590 19
115 41.28376733 002.07523041
120 Linear Feature 649
111 41.28359646 002.07505526 19
115 41.28356644 002.07512747
120 Linear Feature 648
111 41.28347061 002.07492927 19
115 41.28343483 002.07499687
120 Linear Feature 647
111 41.28334939 002.07481097 19
115 41.28329975 002.07486475
120 Linear Feature 646
111 41.28328820 002.07464197 19
115 41.28323509 002.07467577
120 Linear Feature 645
111 41.28323278 002.07449755 19
115 41.28318429 002.07452674
120 Linear Feature 644
111 41.28326511 002.07440998 19
115 41.28324664 002.07447911
120 Linear Feature 643
111 41.28315658 002.07437464 19
115 41.28323047 002.07447297
120 Linear Feature 642
111 41.28350287 002.07372537 19
115 41.28345091 002.07375738
120 Linear Feature 641
111 41.28356251 002.07390590 19
115 41.28350190 002.07394303
120 Linear Feature 640
111 41.28355770 002.07412355 19
115 41.28353173 002.07420165
120 Linear Feature 639
111 41.28364814 002.07422213 19
115 41.28357598 002.07413763
120 Linear Feature 638
111 41.28362024 002.07408002 19
115 41.28356925 002.07410691
120 Linear Feature 637
111 41.28338645 002.07404033 19
115 41.28336432 002.07411331
120 Linear Feature 636
111 41.28321327 002.07395199 19
115 41.28318729 002.07403009
120 Linear Feature 635
111 41.28319595 002.07394303 19
115 41.28314400 002.07399424
120 Linear Feature 634
111 41.28316420 002.07386109 19
115 41.28310840 002.07389181
120 Linear Feature 633
111 41.28313630 002.07377274 19
115 41.28306896 002.07373562
120 Linear Feature 632
111 41.28313919 002.07369593 19
115 41.28315362 002.07377274
120 Linear Feature 631
111 41.28324310 002.07365368 19
115 41.28325657 002.07373305
120 Linear Feature 630
111 41.28334604 002.07361783 19
115 41.28336528 002.07369593
120 Linear Feature 629
111 41.28343648 002.07362679 19
115 41.28341628 002.07370233
120 Linear Feature 628
111 41.28428074 002.07379198 19
115 41.28432256 002.07372129
120 Linear Feature 628
111 41.28420968 002.07372563 19
115 41.28425150 002.07365493
120 Linear Feature 628
111 41.28258515 002.07361943 19
115 41.28255812 002.07353697
120 Linear Feature 628
111 41.28278136 002.07350179 19
115 41.28275433 002.07341933
120 Linear Feature 628
111 41.28297676 002.07338847 19
115 41.28294973 002.07330601
120 Linear Feature 628
111 41.28316949 002.07327461 19
115 41.28314582 002.07319034
120 Linear Feature 628
111 41.28326785 002.07323081 19
115 41.28325347 002.07314290
120 Linear Feature 628
111 41.28336933 002.07321051 19
115 41.28336872 002.07312054
120 Linear Feature 628
111 41.28347129 002.07322189 19
115 41.28348040 002.07313274
120 Linear Feature 628
111 41.28357355 002.07325747 19
115 41.28359488 002.07317210
120 Linear Feature 628
111 41.28382431 002.07337403 19
115 41.28384564 002.07328866
120 Linear Feature 628
111 41.28394547 002.07345536 19
115 41.28398729 002.07338467
120 Linear Feature 628
111 41.28403978 002.07355070 19
115 41.28408160 002.07348000
120 Linear Feature 628
111 41.28412527 002.07363704 19
115 41.28416708 002.07356635
120 Linear Feature 625
111 41.28452103 002.07445138 19
115 41.28458725 002.07448033
120 Linear Feature 624
111 41.28451746 002.07461347 19
115 41.28458935 002.07461486
120 Linear Feature 623
111 41.28454684 002.07474673 19
115 41.28460745 002.07470832
120 Linear Feature 622
111 41.28473266 002.07488711 19
115 41.28470510 002.07496533
120 Linear Feature 621
111 41.28465080 002.07481264 19
115 41.28460602 002.07487684
120 Linear Feature 620
111 41.28481992 002.07495137 19
115 41.28478758 002.07486682
120 Linear Feature 619
111 41.28492220 002.07483921 19
115 41.28486260 002.07478952
120 Linear Feature 618
111 41.28496373 002.07467270 19
115 41.28490215 002.07467013
120 Linear Feature 617
111 41.28494333 002.07451798 19
115 41.28488485 002.07455773
120 Linear Feature 616
111 41.28486758 002.07438592 19
115 41.28482510 002.07446019
120 Linear Feature 615
111 41.28473367 002.07430351 19
115 41.28473159 002.07440024
120 Linear Feature 614
111 41.28460675 002.07433489 19
115 41.28463888 002.07442360
120 Linear Feature 611
111 41.28434740 002.07385422 19
115 41.28435725 002.07377315
120 Linear Feature 611
111 41.28444536 002.07381550 19
115 41.28441647 002.07374293
120 Linear Feature 611
111 41.28452470 002.07372218 19
115 41.28447622 002.07367135
120 Linear Feature 611
111 41.28456922 002.07360173 19
115 41.28450859 002.07358645
120 Linear Feature 611
111 41.28456966 002.07346765 19
115 41.28450815 002.07347435
120 Linear Feature 611
111 41.28453893 002.07333144 19
115 41.28448260 002.07336500
120 Linear Feature 611
111 41.28449555 002.07318846 19
115 41.28443922 002.07322201
120 Linear Feature 600
111 41.28512186 002.07554244 19
115 41.28512463 002.07544841
120 Linear Feature 599
111 41.28497085 002.07563477 19
115 41.28491953 002.07560651
120 Linear Feature 599
111 41.28504670 002.07555796 19
115 41.28501540 002.07549199
120 Linear Feature 598
111 41.28497896 002.07574497 19
115 41.28490830 002.07574106
120 Linear Feature 597
111 41.28498411 002.07587675 19
115 41.28492038 002.07589150
120 Linear Feature 596
111 41.28501792 002.07605799 19
115 41.28494792 002.07607512
120 Linear Feature 595
111 41.28505954 002.07624565 19
115 41.28499611 002.07627330
120 Linear Feature 594
111 41.28513365 002.07644557 19
115 41.28507667 002.07648564
120 Linear Feature 593
111 41.28523091 002.07663920 19
115 41.28517573 002.07669827
120 Linear Feature 592
111 41.28530701 002.07675871 19
115 41.28525703 002.07682430
120 Linear Feature 591
111 41.28537505 002.07684121 19
115 41.28533422 002.07691030
120 Linear Feature 591
111 41.28544879 002.07690988 19
115 41.28543486 002.07698251
120 Linear Feature 590
111 41.28552776 002.07689894 19
115 41.28554759 002.07697861
120 Linear Feature 589
111 41.28564054 002.07684435 19
115 41.28557949 002.07681213
120 Linear Feature 588
111 41.28564829 002.07667262 19
115 41.28558323 002.07667542
120 Linear Feature 586
111 41.28561994 002.07648069 19
115 41.28556080 002.07650118
120 Linear Feature 585
111 41.28557711 002.07626924 19
115 41.28551533 002.07629487
120 Linear Feature 584
111 41.28550290 002.07605198 19
115 41.28544791 002.07609409
120 Linear Feature 583
111 41.28542018 002.07585537 19
115 41.28535804 002.07590243
120 Linear Feature 582
111 41.28534980 002.07568440 19
115 41.28529573 002.07574030
120 Linear Feature 581
111 41.28524695 002.07553716 19
115 41.28520964 002.07559573
120 Linear Feature 539
111 41.28583486 002.07741373 19
115 41.28580594 002.07749042
120 Linear Feature 538
111 41.28604827 002.07772716 19
115 41.28600860 002.07777309
120 Linear Feature 538
111 41.28594714 002.07755119 19
115 41.28590494 002.07760717
120 Linear Feature 537
111 41.28616125 002.07794354 19
115 41.28610508 002.07797997
120 Linear Feature 536
111 41.28624138 002.07818623 19
115 41.28618874 002.07821552
120 Linear Feature 535
111 41.28632027 002.07841670 19
115 41.28627048 002.07844572
120 Linear Feature 534
111 41.28640844 002.07867788 19
115 41.28635087 002.07870787
120 Linear Feature 532
111 41.28649919 002.07918238 19
115 41.28642888 002.07918611
120 Linear Feature 531
111 41.28647684 002.07934598 19
115 41.28641463 002.07932106
120 Linear Feature 530
111 41.28636483 002.07938778 19
115 41.28639388 002.07946399
120 Linear Feature 529
111 41.28629410 002.07940221 19
115 41.28627668 002.07948449
120 Linear Feature 528
111 41.28621097 002.07934224 19
115 41.28617153 002.07940626
120 Linear Feature 527
111 41.28613313 002.07924061 19
115 41.28608931 002.07928536
120 Linear Feature 526
111 41.28606089 002.07911130 19
115 41.28601257 002.07916076
120 Linear Feature 525
111 41.28597225 002.07889767 19
115 41.28590747 002.07894349
120 Linear Feature 524
111 41.28589400 002.07867462 19
115 41.28583311 002.07871400
120 Linear Feature 523
111 41.28581607 002.07844031 19
115 41.28575723 002.07848231
120 Linear Feature 522
111 41.28574006 002.07821112 19
115 41.28567932 002.07824296
120 Linear Feature 521
111 41.28568225 002.07799606 19
115 41.28561296 002.07801730
120 Linear Feature 520
111 41.28565916 002.07784709 19
115 41.28559112 002.07786043
120 Linear Feature 519
111 41.28558153 002.07772154 19
115 41.28565024 002.07772605
120 Linear Feature 518
111 41.28560886 002.07754429 19
115 41.28565600 002.07759678
120 Linear Feature 516
111 41.28570534 002.07743454 19
115 41.28573976 002.07750694
120 Linear Feature 515
111 41.28729756 002.08171676 19
115 41.28723406 002.08172445
120 Linear Feature 514
111 41.28728025 002.08156568 19
115 41.28722060 002.08158361
120 Linear Feature 513
111 41.28725138 002.08141844 19
115 41.28718885 002.08144916
120 Linear Feature 512
111 41.28717249 002.08118669 19
115 41.28711957 002.08122254
120 Linear Feature 511
111 41.28709648 002.08096006 19
115 41.28703587 002.08099591
120 Linear Feature 510
111 41.28701855 002.08073599 19
115 41.28696083 002.08077312
120 Linear Feature 509
111 41.28694159 002.08051064 19
115 41.28688386 002.08054650
120 Linear Feature 508
111 41.28685692 002.08029298 19
115 41.28680112 002.08032755
120 Linear Feature 507
111 41.28678380 002.08017135 19
115 41.28673762 002.08021744
120 Linear Feature 506
111 41.28669625 002.08006892 19
115 41.28666450 002.08012397
120 Linear Feature 505
111 41.28655097 002.07999593 19
115 41.28656733 002.08007532
120 Linear Feature 504
111 41.28650383 002.08018287 19
115 41.28644899 002.08015214
120 Linear Feature 503
111 41.28649132 002.08030323 19
115 41.28645668 002.08030450
120 Linear Feature 502
111 41.28651634 002.08045559 19
115 41.28647881 002.08047223
120 Linear Feature 501
111 41.28658588 002.08073553 19
115 41.28653462 002.08076872
120 Linear Feature 500
111 41.28666346 002.08096231 19
115 41.28660943 002.08099181
120 Linear Feature 499
111 41.28673827 002.08118540 19
115 41.28668840 002.08121674
120 Linear Feature 498
111 41.28682140 002.08140481 19
115 41.28676875 002.08143062
120 Linear Feature 497
111 41.28689344 002.08157996 19
115 41.28684080 002.08161315
120 Linear Feature 496
111 41.28696548 002.08172009 19
115 41.28692392 002.08176803
120 Linear Feature 495
111 41.28705138 002.08181227 19
115 41.28701813 002.08188049
120 Linear Feature 494
111 41.28716499 002.08188418 19
115 41.28714005 002.08196899
120 Linear Feature 493
111 41.28727166 002.08192106 19
115 41.28722456 002.08186206
120 Linear Feature 393
111 41.29642728 002.08273972 19
115 41.29639149 002.08276124
120 Linear Feature 392
111 41.29645037 002.08280734 19
115 41.29641805 002.08282578
120 Linear Feature 391
111 41.29655544 002.08312696 19
115 41.29652311 002.08314541
120 Linear Feature 390
111 41.29666973 002.08344813 19
115 41.29663394 002.08346965
120 Linear Feature 389
111 41.29677710 002.08376315 19
115 41.29674247 002.08378467
120 Linear Feature 388
111 41.29688678 002.08408278 19
115 41.29685330 002.08410583
120 Linear Feature 387
111 41.29691334 002.08416423 19
115 41.29687524 002.08418574
120 Linear Feature 386
111 41.29685677 002.08427487 19
115 41.29692719 002.08433173
120 Linear Feature 385
111 41.29679327 002.08433019 19
115 41.29686369 002.08448847
120 Linear Feature 384
111 41.29664203 002.08443315 19
115 41.29666743 002.08461294
120 Linear Feature 383
111 41.29658776 002.08444237 19
115 41.29654158 002.08460372
120 Linear Feature 382
111 41.29653812 002.08438244 19
115 41.29643421 002.08447463
120 Linear Feature 381
111 41.29637071 002.08401824 19
115 41.29625295 002.08410737
120 Linear Feature 380
111 41.29622755 002.08372781 19
115 41.29610748 002.08380003
120 Linear Feature 379
111 41.29614904 002.08340050 19
115 41.29602205 002.08345121
120 Linear Feature 378
111 41.29605322 002.08296715 19
115 41.29592276 002.08300865
120 Linear Feature 377
111 41.29592391 002.08283654 19
115 41.29604514 002.08291491
120 Linear Feature 376
111 41.29600357 002.08271053 19
115 41.29608554 002.08286112
120 Linear Feature 375
111 41.29610402 002.08264138 19
115 41.29615366 002.08279812
120 Linear Feature 374
111 41.29619522 002.08259989 19
115 41.29624372 002.08275817
120 Linear Feature 373
111 41.29632222 002.08260604 19
115 41.29629221 002.08273973
120 Linear Feature 372
111 41.29579985 002.08105871 19
115 41.29576176 002.08111829
120 Linear Feature 371
111 41.29589071 002.08118855 19
115 41.29583860 002.08122856
120 Linear Feature 370
111 41.29594951 002.08133706 19
115 41.29589472 002.08136462
120 Linear Feature 369
111 41.29601632 002.08153092 19
115 41.29596020 002.08155937
120 Linear Feature 368
111 41.29607044 002.08169632 19
115 41.29600697 002.08171500
120 Linear Feature 367
111 41.29610585 002.08186706 19
115 41.29601699 002.08186706
120 Linear Feature 366
111 41.29600897 002.08197645 19
115 41.29606309 002.08202980
120 Linear Feature 365
111 41.29594951 002.08201024 19
115 41.29595018 002.08209116
120 Linear Feature 364
111 41.29588002 002.08195421 19
115 41.29583860 002.08202358
120 Linear Feature 363
111 41.29580452 002.08183594 19
115 41.29575174 002.08189552
120 Linear Feature 362
111 41.29574573 002.08169899 19
115 41.29568627 002.08173189
120 Linear Feature 361
111 41.29568059 002.08151364 19
115 41.29561911 002.08154246
120 Linear Feature 360
111 41.29564059 002.08136722 19
115 41.29557485 002.08137575
120 Linear Feature 359
111 41.29562215 002.08121355 19
115 41.29555721 002.08120928
120 Linear Feature 358
111 41.29558046 002.08105348 19
115 41.29563177 002.08110044
120 Linear Feature 357
111 41.29569190 002.08098198 19
115 41.29568629 002.08106095
120 Linear Feature 356
111 41.29535963 002.07974361 19
115 41.29532115 002.07979868
120 Linear Feature 355
111 41.29542891 002.07983325 19
115 41.29537888 002.07986911
120 Linear Feature 354
111 41.29548375 002.07998308 19
115 41.29542987 002.08001381
120 Linear Feature 353
111 41.29552704 002.08015083 19
115 41.29547124 002.08017004
120 Linear Feature 352
111 41.29554532 002.08031730 19
115 41.29549048 002.08031730
120 Linear Feature 351
111 41.29552319 002.08046968 19
115 41.29547509 002.08042358
120 Linear Feature 350
111 41.29542121 002.08045816 19
115 41.29541832 002.08053243
120 Linear Feature 349
111 41.29535098 002.08039541 19
115 41.29531153 002.08046584
120 Linear Feature 348
111 41.29527208 002.08028657 19
115 41.29522398 002.08034291
120 Linear Feature 347
111 41.29522590 002.08015083 19
115 41.29516914 002.08017004
120 Linear Feature 346
111 41.29519319 002.07998051 19
115 41.29513546 002.07998820
120 Linear Feature 345
111 41.29520185 002.07987167 19
115 41.29513931 002.07985502
120 Linear Feature 344
111 41.29518934 002.07974490 19
115 41.29522879 002.07979484
120 Linear Feature 343
111 41.29527593 002.07969751 19
115 41.29527689 002.07976794
120 Linear Feature 342
111 41.29507245 002.07876273 19
115 41.29502034 002.07879688
120 Linear Feature 341
111 41.29500911 002.07860800 19
115 41.29496021 002.07865495
120 Linear Feature 340
111 41.29493134 002.07847461 19
115 41.29488324 002.07853970
120 Linear Feature 339
111 41.29481108 002.07840525 19
115 41.29480707 002.07849595
120 Linear Feature 338
111 41.29475816 002.07853437 19
115 41.29471006 002.07847888
120 Linear Feature 337
111 41.29474453 002.07863788 19
115 41.29467799 002.07863574
120 Linear Feature 336
111 41.29475816 002.07878727 19
115 41.29469643 002.07880755
120 Linear Feature 335
111 41.29480306 002.07892600 19
115 41.29475977 002.07896548
120 Linear Feature 334
111 41.29486640 002.07901670 19
115 41.29482230 002.07907646
120 Linear Feature 333
111 41.29493054 002.07908820 19
115 41.29490408 002.07915329
120 Linear Feature 332
111 41.29499869 002.07918958 19
115 41.29499468 002.07912021
120 Linear Feature 331
111 41.29508929 002.07913942 19
115 41.29504359 002.07908180
120 Linear Feature 330
111 41.29512216 002.07901030 19
115 41.29506844 002.07900923
120 Linear Feature 329
111 41.29510612 002.07887478 19
115 41.29504760 002.07890145
120 Linear Feature 191
111 41.29114794 002.06928411 19
115 41.29110385 002.06934458
120 Linear Feature 190
111 41.29120741 002.06938815 19
115 41.29116197 002.06943528
120 Linear Feature 189
111 41.29126420 002.06949841 19
115 41.29120139 002.06953931
120 Linear Feature 188
111 41.29133702 002.06971360 19
115 41.29127756 002.06975183
120 Linear Feature 187
111 41.29141185 002.06992968 19
115 41.29135373 002.06996702
120 Linear Feature 186
111 41.29148401 002.07014487 19
115 41.29142455 002.07018488
120 Linear Feature 185
111 41.29152811 002.07029070 19
115 41.29146530 002.07031204
120 Linear Feature 184
111 41.29154548 002.07042053 19
115 41.29148468 002.07042764
120 Linear Feature 183
111 41.29148668 002.07053790 19
115 41.29155016 002.07054857
120 Linear Feature 182
111 41.29146397 002.07056991 19
115 41.29142922 002.07063483
120 Linear Feature 181
111 41.29140250 002.07048188 19
115 41.29135974 002.07054324
120 Linear Feature 180
111 41.29134370 002.07039118 19
115 41.29129627 002.07044009
120 Linear Feature 179
111 41.29129359 002.07027114 19
115 41.29123814 002.07030404
120 Linear Feature 178
111 41.29121943 002.07005684 19
115 41.29116465 002.07009063
120 Linear Feature 177
111 41.29114861 002.06983720 19
115 41.29108915 002.06987633
120 Linear Feature 176
111 41.29107378 002.06962557 19
115 41.29101565 002.06966291
120 Linear Feature 175
111 41.29104371 002.06952420 19
115 41.29098091 002.06954109
120 Linear Feature 174
111 41.29102300 002.06941660 19
115 41.29096153 002.06941127
120 Linear Feature 173
111 41.29095686 002.06928144 19
115 41.29102434 002.06929122
120 Linear Feature 172
111 41.29107520 002.06919821 19
115 41.29103864 002.06926736
120 Linear Feature 171
111 41.29055450 002.06758015 19
115 41.29051441 002.06766641
120 Linear Feature 170
111 41.29062399 002.06768063 19
115 41.29056319 002.06774021
120 Linear Feature 169
111 41.29067477 002.06778467 19
115 41.29060528 002.06782913
120 Linear Feature 168
111 41.29075895 002.06802209 19
115 41.29069013 002.06806477
120 Linear Feature 167
111 41.29084180 002.06826217 19
115 41.29077098 002.06830219
120 Linear Feature 166
111 41.29086585 002.06839200 19
115 41.29079369 002.06840800
120 Linear Feature 165
111 41.29088055 002.06852538 19
115 41.29080171 002.06852716
120 Linear Feature 164
111 41.29078768 002.06854761 19
115 41.29084180 002.06870144
120 Linear Feature 163
111 41.29076764 002.06855028 19
115 41.29075160 002.06865876
120 Linear Feature 162
111 41.29075026 002.06851826 19
115 41.29071084 002.06854405
120 Linear Feature 161
111 41.29067610 002.06830930 19
115 41.29063735 002.06833420
120 Linear Feature 160
111 41.29060394 002.06809945 19
115 41.29056453 002.06812435
120 Linear Feature 159
111 41.29053245 002.06788693 19
115 41.29049437 002.06791094
120 Linear Feature 158
111 41.29045896 002.06767797 19
115 41.29042221 002.06769753
120 Linear Feature 157
111 41.29044827 002.06761305 19
115 41.29046497 002.06766107
120 Linear Feature 156
111 41.29120550 002.06752091 19
115 41.29116509 002.06754652
120 Linear Feature 155
111 41.29125649 002.06765792 19
115 41.29120646 002.06768609
120 Linear Feature 154
111 41.29130652 002.06780133 19
115 41.29126322 002.06782694
120 Linear Feature 153
111 41.29135559 002.06794346 19
115 41.29130940 002.06797163
120 Linear Feature 152
111 41.29138060 002.06807151 19
115 41.29132961 002.06808047
120 Linear Feature 151
111 41.29138830 002.06819571 19
115 41.29134115 002.06819315
120 Linear Feature 150
111 41.29133538 002.06831992 19
115 41.29135655 002.06838394
120 Linear Feature 149
111 41.29126034 002.06825461 19
115 41.29121993 002.06831224
120 Linear Feature 148
111 41.29120838 002.06817138 19
115 41.29115547 002.06822004
120 Linear Feature 147
111 41.29116028 002.06807791 19
115 41.29110255 002.06811632
120 Linear Feature 146
111 41.29111602 002.06795499 19
115 41.29106118 002.06798444
120 Linear Feature 145
111 41.29108716 002.06782950 19
115 41.29102462 002.06783462
120 Linear Feature 144
111 41.29108812 002.06770914 19
115 41.29102751 002.06768097
120 Linear Feature 143
111 41.29106503 002.06754524 19
115 41.29112661 002.06758365
120 Linear Feature 142
111 41.29114104 002.06736725 19
115 41.29114489 002.06755292
120 Linear Feature 141
111 41.29414437 002.06168651 19
115 41.29409101 002.06163834
120 Linear Feature 140
111 41.29413370 002.06180137 19
115 41.29406967 002.06180816
120 Linear Feature 139
111 41.29415458 002.06197058 19
115 41.29409287 002.06198725
120 Linear Feature 138
111 41.29418427 002.06213855 19
115 41.29412906 002.06215893
120 Linear Feature 137
111 41.29422742 002.06229973 19
115 41.29417360 002.06232875
120 Linear Feature 136
111 41.29428171 002.06245843 19
115 41.29422463 002.06249301
120 Linear Feature 135
111 41.29433228 002.06262826 19
115 41.29427892 002.06266099
120 Linear Feature 134
111 41.29441951 002.06286230 19
115 41.29435919 002.06290059
120 Linear Feature 133
111 41.29450766 002.06312352 19
115 41.29444827 002.06316058
120 Linear Feature 132
111 41.29459767 002.06338227 19
115 41.29453736 002.06341994
120 Linear Feature 131
111 41.29468580 002.06364058 19
115 41.29462733 002.06367615
120 Linear Feature 130
111 41.29473925 002.06379620 19
115 41.29467967 002.06383399
120 Linear Feature 129
111 41.29479659 002.06392736 19
115 41.29473702 002.06398665
120 Linear Feature 128
111 41.29486897 002.06404816 19
115 41.29481831 002.06411855
120 Linear Feature 127
111 41.29494692 002.06413041 19
115 41.29492743 002.06420081
120 Linear Feature 126
111 41.29502487 002.06412226 19
115 41.29504770 002.06419562
120 Linear Feature 125
111 41.29513344 002.06408076 19
115 41.29507609 002.06404593
120 Linear Feature 124
111 41.29514903 002.06391551 19
115 41.29508445 002.06391699
120 Linear Feature 123
111 41.29513400 002.06374506 19
115 41.29507331 002.06375840
120 Linear Feature 122
111 41.29509774 002.06358046 19
115 41.29504563 002.06360074
120 Linear Feature 121
111 41.29505124 002.06342253 19
115 41.29500474 002.06345241
120 Linear Feature 120
111 41.29496465 002.06316002 19
115 41.29491334 002.06319416
120 Linear Feature 119
111 41.29487806 002.06290177 19
115 41.29482995 002.06293379
120 Linear Feature 118
111 41.29479147 002.06263926 19
115 41.29473615 002.06267554
120 Linear Feature 117
111 41.29470248 002.06238209 19
115 41.29464716 002.06241730
120 Linear Feature 116
111 41.29464234 002.06222309 19
115 41.29459103 002.06226257
120 Linear Feature 115
111 41.29457420 002.06206302 19
115 41.29452449 002.06210784
120 Linear Feature 114
111 41.29449643 002.06190829 19
115 41.29445153 002.06196272
120 Linear Feature 113
111 41.29441545 002.06177170 19
115 41.29436494 002.06182719
120 Linear Feature 112
111 41.29432325 002.06163725 19
115 41.29427675 002.06169701
120 Linear Feature 111
111 41.29420619 002.06155935 19
115 41.29420699 002.06164365
120 Linear Feature 110
111 41.29418078 002.06087090 19
115 41.29418959 002.06095627
120 Linear Feature 109
111 41.29428581 002.06080581 19
115 41.29431387 002.06088477
120 Linear Feature 108
111 41.29441088 002.06073111 19
115 41.29443894 002.06081221
120 Linear Feature 107
111 41.29453435 002.06065748 19
115 41.29456081 002.06073751
120 Linear Feature 106
111 41.29463777 002.06050168 19
115 41.29469069 002.06065641
120 Linear Feature 105
111 41.29489353 002.06124457 19
115 41.29494804 002.06140144
120 Linear Feature 104
111 41.29485264 002.06144306 19
115 41.29477807 002.06132141
120 Linear Feature 103
111 41.29482137 002.06149855 19
111 41.29479331 002.06146653 19
115 41.29468667 002.06145373
120 Linear Feature 102
111 41.29482778 002.06155617 19
115 41.29469469 002.06157218
120 Linear Feature 101
111 41.29485023 002.06167889 19
115 41.29473558 002.06174719
120 Linear Feature 100
111 41.29491116 002.06179521 19
115 41.29480373 002.06189338
120 Linear Feature 99
111 41.29493682 002.06183149 19
111 41.29492800 002.06188591 19
115 41.29486867 002.06199049
120 Linear Feature 98
111 41.29498172 002.06182615 19
115 41.29500657 002.06198515
120 Linear Feature 97
111 41.29507312 002.06177173 19
115 41.29512684 002.06192859
120 Linear Feature 96
111 41.29540937 002.06274685 19
115 41.29535004 002.06258465
120 Linear Feature 95
111 41.29530996 002.06281514 19
115 41.29524501 002.06266255
120 Linear Feature 94
111 41.29528350 002.06283862 19
115 41.29514800 002.06279380
120 Linear Feature 93
111 41.29529152 002.06291225 19
115 41.29515682 002.06293253
120 Linear Feature 92
111 41.29532038 002.06304351 19
115 41.29520092 002.06311287
120 Linear Feature 91
111 41.29535566 002.06317583 19
115 41.29527789 002.06327614
120 Linear Feature 90
111 41.29540537 002.06320998 19
111 41.29539093 002.06323773 19
115 41.29536528 002.06338179
120 Linear Feature 89
111 41.29544385 002.06318970 19
115 41.29548153 002.06335404
120 Linear Feature 88
111 41.29554166 002.06313741 19
115 41.29559698 002.06328895
120 Linear Feature 87
111 41.29605441 002.06462031 19
115 41.29599695 002.06445847
120 Linear Feature 86
111 41.29582592 002.06396581 19
115 41.29586934 002.06409208
120 Linear Feature 85
111 41.29591210 002.06453672 19
115 41.29594484 002.06468790
120 Linear Feature 84
111 41.29586266 002.06454739 19
111 41.29586400 002.06457852 19
115 41.29581923 002.06471991
120 Linear Feature 83
111 41.29584529 002.06451093 19
115 41.29575710 002.06460875
120 Linear Feature 82
111 41.29579117 002.06440155 19
115 41.29568895 002.06445580
120 Linear Feature 81
111 41.29576445 002.06427883 19
115 41.29562948 002.06429217
120 Linear Feature 80
111 41.29575576 002.06421658 19
111 41.29572904 002.06421925 19
115 41.29562882 002.06413833
120 Linear Feature 79
111 41.29578650 002.06418190 19
115 41.29571768 002.06404406
120 Linear Feature 78
111 41.29681918 002.06714364 19
115 41.29680479 002.06720972
120 Linear Feature 77
111 41.29680492 002.06702962 19
115 41.29671993 002.06714274
120 Linear Feature 76
111 41.29671672 002.06686848 19
115 41.29661570 002.06697733
120 Linear Feature 75
111 41.29662693 002.06670201 19
115 41.29651548 002.06679805
120 Linear Feature 74
111 41.29654380 002.06652383 19
115 41.29642287 002.06661810
120 Linear Feature 73
111 41.29647565 002.06633797 19
115 41.29634136 002.06642512
120 Linear Feature 72
111 41.29643957 002.06618679 19
115 41.29628657 002.06623837
120 Linear Feature 71
111 41.29640164 002.06599021 19
115 41.29626079 002.06601864
120 Linear Feature 70
111 41.29638201 002.06582272 19
115 41.29625040 002.06576586
120 Linear Feature 69
111 41.29639125 002.06576586 19
115 41.29628850 002.06565061
120 Linear Feature 68
111 41.29531354 002.06477349 19
115 41.29532745 002.06485748
120 Linear Feature 67
111 41.29544067 002.06481981 19
115 41.29540958 002.06489454
120 Linear Feature 66
111 41.29552279 002.06494456 19
115 41.29548706 002.06498470
120 Linear Feature 65
111 41.29559888 002.06508968 19
115 41.29555341 002.06513167
120 Linear Feature 64
111 41.29566941 002.06524901 19
115 41.29561605 002.06528915
120 Linear Feature 45
111 41.29561341 002.06634397 19
115 41.29555160 002.06638028
120 Linear Feature 44
111 41.29550038 002.06601864 19
115 41.29544303 002.06605273
120 Linear Feature 43
111 41.29539070 002.06569184 19
115 41.29533335 002.06572741
120 Linear Feature 42
111 41.29533725 002.06553177 19
115 41.29528046 002.06556512
120 Linear Feature 41
111 41.29529271 002.06538281 19
115 41.29523313 002.06540356
120 Linear Feature 40
111 41.29526765 002.06521608 19
115 41.29520641 002.06522571
120 Linear Feature 39
111 41.29525707 002.06504860 19
115 41.29519638 002.06504934
120 Linear Feature 38
111 41.29527103 002.06490824 19
115 41.29521732 002.06487943
120 Linear Feature 37
111 41.29765667 002.07102426 19
115 41.29760060 002.07105257
120 Linear Feature 36
111 41.29756572 002.07072433 19
115 41.29751394 002.07075324
120 Linear Feature 35
111 41.29746973 002.07042557 19
115 41.29742380 002.07045422
120 Linear Feature 34
111 41.29736812 002.07012914 19
115 41.29731337 002.07016187
120 Linear Feature 33
111 41.29726841 002.06983480 19
115 41.29721218 002.06986889
120 Linear Feature 32
111 41.29716541 002.06954282 19
115 41.29711085 002.06957542
120 Linear Feature 31
111 41.29705053 002.06922657 19
115 41.29699810 002.06926177
120 Linear Feature 30
111 41.29698835 002.06906785 19
115 41.29693592 002.06910367
120 Linear Feature 29
111 41.29692432 002.06891223 19
115 41.29686957 002.06895299
120 Linear Feature 28
111 41.29685380 002.06875413 19
115 41.29680601 002.06879736
120 Linear Feature 27
111 41.29677817 002.06860900 19
115 41.29674708 002.06864297
120 Linear Feature 26
111 41.29667934 002.06849290 19
115 41.29666542 002.06857504
120 Linear Feature 25
111 41.29661763 002.06860962 19
115 41.29656289 002.06856022
120 Linear Feature 24
111 41.29657588 002.06873835 19
115 41.29651139 002.06871798
120 Linear Feature 23
111 41.29657913 002.06887854 19
115 41.29651464 002.06889089
120 Linear Feature 22
111 41.29660372 002.06904528 19
115 41.29654340 002.06906319
120 Linear Feature 21
111 41.29663434 002.06920523 19
115 41.29657263 002.06922623
120 Linear Feature 20
111 41.29667119 002.06937582 19
115 41.29661186 002.06939503
120 Linear Feature 19
111 41.29676098 002.06969597 19
115 41.29671528 002.06972478
120 Linear Feature 18
111 41.29687323 002.07002251 19
115 41.29682592 002.07005239
120 Linear Feature 17
111 41.29698627 002.07034906 19
115 41.29693176 002.07038108
120 Linear Feature 16
111 41.29709772 002.07067454 19
115 41.29704320 002.07070762
120 Linear Feature 15
111 41.29720996 002.07100323 19
115 41.29715544 002.07103524
120 Linear Feature 14
111 41.29728292 002.07120172 19
115 41.29722279 002.07124227
120 Linear Feature 13
111 41.29733905 002.07134685 19
115 41.29728533 002.07139594
120 Linear Feature 12
111 41.29741762 002.07147811 19
115 41.29736550 002.07154961
120 Linear Feature 11
111 41.29749459 002.07159977 19
115 41.29745610 002.07166806
120 Linear Feature 10
111 41.29759561 002.07168514 19
115 41.29756754 002.07177051
120 Linear Feature 9
111 41.29767498 002.07171609 19
115 41.29766776 002.07180466
120 Linear Feature 8
111 41.29770738 002.07166605 19
115 41.29775916 002.07168834
120 Linear Feature 7
111 41.29770978 002.07151866 19
115 41.29775833 002.07151866
120 Linear Feature 6
111 41.29768085 002.07136321 19
115 41.29773617 002.07134828
120 Linear Feature 5
111 41.29703586 002.07176100 19
115 41.29709132 002.07172721
120 Linear Feature 4
111 41.29714678 002.07208648 19
115 41.29720223 002.07205269
120 Linear Feature 3
111 41.29725969 002.07241196 19
115 41.29731514 002.07237906
120 Linear Feature 2
111 41.29737060 002.07273833 19
115 41.29742739 002.07270365
120 Linear Feature 1
111 41.29748217 002.07306293 19
115 41.29753830 002.07303091
120 Linear Feature 231
111 41.30654207 002.09064301 2
115 41.30646169 002.09095685
120 Linear Feature 226
111 41.29893142 002.07493044 19
111 41.29887194 002.07494389
111 41.29863741 002.07509325 19
115 41.29859140 002.07513956
120 Linear Feature 225
111 41.29888765 002.07476465 19
111 41.29883379 002.07479452
111 41.29857794 002.07495285 19
115 41.29852744 002.07498272
120 Linear Feature 224
111 41.29878329 002.07447039 19
111 41.29873392 002.07450176
111 41.29847694 002.07465561 19
115 41.29842083 002.07468996
120 Linear Feature 223
111 41.29868230 002.07417166 19
111 41.29863292 002.07420303
111 41.29837258 002.07435986 19
115 41.29832208 002.07439123
120 Linear Feature 222
111 41.29858242 002.07387592 19
111 41.29852744 002.07390728
111 41.29827046 002.07406113 19
115 41.29821997 002.07409399
120 Linear Feature 221
111 41.29847806 002.07358017 19
111 41.29842869 002.07361005
111 41.29817059 002.07376987 19
115 41.29811785 002.07379974
120 Linear Feature 220
111 41.29838156 002.07327995 19
111 41.29832769 002.07331430
111 41.29806847 002.07347114 19
115 41.29801461 002.07350549
120 Linear Feature 219
111 41.29827383 002.07298719 19
111 41.29822558 002.07301557
111 41.29796411 002.07317241 19
115 41.29790912 002.07320526
120 Linear Feature 218
111 41.29817844 002.07268996 19
111 41.29812009 002.07272132
111 41.29785975 002.07287816 19
115 41.29780925 002.07290952
120 Linear Feature 217
111 41.29810887 002.07253611 19
111 41.29806062 002.07258540
111 41.29782945 002.07273028 19
115 41.29776549 002.07274373
120 Linear Feature 216
111 41.29801910 002.07240766 19
111 41.29797982 002.07247188
111 41.29781598 002.07257494 19
115 41.29775651 002.07256748
120 Linear Feature 215
111 41.29790127 002.07235388 19
111 41.29790351 002.07242558
111 41.29783618 002.07247487 19
115 41.29779579 002.07242259
120 Linear Feature 214
111 41.29949535 002.07474357 19
115 41.29944014 002.07473102
120 Linear Feature 213
111 41.29948323 002.07487979 19
115 41.29943206 002.07485470
120 Linear Feature 212
111 41.29939301 002.07490130 19
115 41.29939570 002.07498913
120 Linear Feature 211
111 41.29931222 002.07486904 19
115 41.29927451 002.07493715
120 Linear Feature 210
111 41.29922469 002.07475970 19
115 41.29918294 002.07481706
120 Linear Feature 209
111 41.29948189 002.07460197 19
115 41.29942398 002.07461452
120 Linear Feature 208
111 41.29915601 002.07460555 19
115 41.29910618 002.07463244
120 Linear Feature 207
111 41.29944014 002.07445858 19
115 41.29938628 002.07448726
120 Linear Feature 206
111 41.29905232 002.07430981 19
115 41.29900250 002.07434028
120 Linear Feature 205
111 41.29933107 002.07413953 19
115 41.29927990 002.07417538
120 Linear Feature 204
111 41.29894594 002.07401048 19
115 41.29890015 002.07403736
120 Linear Feature 203
111 41.29922603 002.07383661 19
115 41.29917486 002.07387425
120 Linear Feature 202
111 41.29884225 002.07371473 19
115 41.29879781 002.07374161
120 Linear Feature 201
111 41.29912773 002.07354803 19
115 41.29907252 002.07358030
120 Linear Feature 200
111 41.29874395 002.07341719 19
115 41.29869547 002.07344945
120 Linear Feature 199
111 41.29902270 002.07324691 19
115 41.29897287 002.07327559
120 Linear Feature 198
111 41.29864565 002.07312144 19
115 41.29859178 002.07315012
120 Linear Feature 197
111 41.29892170 002.07294758 19
115 41.29887188 002.07297805
120 Linear Feature 196
111 41.29854465 002.07282391 19
115 41.29848810 002.07285617
120 Linear Feature 195
111 41.29881667 002.07266259 19
115 41.29877088 002.07269127
120 Linear Feature 194
111 41.29843558 002.07252279 19
115 41.29838171 002.07256222
120 Linear Feature 193
111 41.29871567 002.07236864 19
115 41.29866315 002.07239732
120 Linear Feature 192
111 41.29904284 002.07596587 19
115 41.29900406 002.07591640
120 Linear Feature 191
111 41.29901860 002.07607771 19
115 41.29897336 002.07607341
120 Linear Feature 190
111 41.29903153 002.07623043 19
115 41.29898144 002.07624333
120 Linear Feature 189
111 41.29906546 002.07637884 19
115 41.29901699 002.07640680
120 Linear Feature 188
111 41.29914303 002.07660683 19
115 41.29909778 002.07663479
120 Linear Feature 187
111 41.29920766 002.07674234 19
115 41.29915919 002.07679396
120 Linear Feature 186
111 41.29928846 002.07685849 19
115 41.29924806 002.07692086
120 Linear Feature 185
111 41.29936279 002.07697679 19
115 41.29936279 002.07690366
120 Linear Feature 184
111 41.29947429 002.07691871 19
115 41.29942904 002.07686709
120 Linear Feature 183
111 41.29950661 002.07676170 19
115 41.29945652 002.07675955
120 Linear Feature 182
111 41.29948560 002.07659608 19
115 41.29944197 002.07659608
120 Linear Feature 181
111 41.29945328 002.07642616 19
115 41.29940804 002.07644982
120 Linear Feature 180
111 41.29937734 002.07619601 19
115 41.29933371 002.07621967
120 Linear Feature 179
111 41.29931270 002.07604545 19
115 41.29926907 002.07608632
120 Linear Feature 178
111 41.29921736 002.07592715 19
115 41.29918343 002.07597232
120 Linear Feature 177
111 41.29910748 002.07585187 19
115 41.29910748 002.07592930
120 Linear Feature 176
111 41.29970273 002.07552073 19
115 41.29969263 002.07558795
120 Linear Feature 175
111 41.29959051 002.07554612 19
115 41.29964101 002.07559840
120 Linear Feature 174
111 41.29959949 002.07572537 19
115 41.29953889 002.07571043
120 Linear Feature 173
111 41.29959725 002.07587623 19
115 41.29954226 002.07588519
120 Linear Feature 172
111 41.29964101 002.07603157 19
115 41.29959725 002.07606742
120 Linear Feature 171
111 41.29971844 002.07626309 19
115 41.29967468 002.07628998
120 Linear Feature 170
111 41.29979363 002.07641694 19
115 41.29974537 002.07646922
120 Linear Feature 169
111 41.29986432 002.07652449 19
115 41.29983515 002.07658274
120 Linear Feature 168
111 41.29996083 002.07655586 19
115 41.29996083 002.07663950
120 Linear Feature 167
111 41.30005958 002.07655137 19
115 41.30001133 002.07652001
120 Linear Feature 166
111 41.30006968 002.07640350 19
115 41.30000908 002.07640499
120 Linear Feature 165
111 41.30005172 002.07625712 19
115 41.29999786 002.07625712
120 Linear Feature 164
111 41.30000459 002.07610775 19
115 41.29995522 002.07613314
120 Linear Feature 163
111 41.29992941 002.07588370 19
115 41.29987779 002.07591058
120 Linear Feature 162
111 41.29986769 002.07572088 19
115 41.29982280 002.07576420
120 Linear Feature 161
111 41.29979250 002.07560139 19
115 41.29975659 002.07565815
120 Linear Feature 145
111 41.30005165 002.07925550 19
115 41.30000676 002.07928089
120 Linear Feature 144
111 41.30011337 002.07939292 19
115 41.30006960 002.07943325
120 Linear Feature 143
111 41.30019304 002.07950644 19
115 41.30015713 002.07956469
120 Linear Feature 142
111 41.30027272 002.07962892 19
115 41.30027608 002.07954527
120 Linear Feature 141
111 41.30037147 002.07955573 19
115 41.30033107 002.07950942
120 Linear Feature 140
111 41.30041523 002.07941383 19
115 41.30036025 002.07940785
120 Linear Feature 139
111 41.30040962 002.07923309 19
115 41.30034902 002.07924653
120 Linear Feature 132
111 41.30912273 002.09277808 19
115 41.30906333 002.09281128
120 Linear Feature 131
111 41.30918602 002.09296990 19
115 41.30912935 002.09300361
120 Linear Feature 130
111 41.30924931 002.09315813 19
115 41.30919443 002.09319320
120 Linear Feature 129
111 41.30928163 002.09327824 19
115 41.30926293 002.09334087
120 Linear Feature 128
111 41.30935031 002.09324777 19
115 41.30937724 002.09332485
120 Linear Feature 127
111 41.30939340 002.09320653 19
115 41.30944911 002.09322793
120 Linear Feature 126
111 41.30941965 002.09306334 19
115 41.30936108 002.09309718
120 Linear Feature 125
111 41.30935938 002.09286508 19
115 41.30930318 002.09290178
120 Linear Feature 124
111 41.30928770 002.09268102 19
115 41.30923585 002.09270996
120 Linear Feature 123
111 41.30921465 002.09249439 19
115 41.30917121 002.09251814
120 Linear Feature 122
111 41.30905271 002.09259523 19
115 41.30899898 002.09262381
120 Linear Feature 121
111 41.30901500 002.09248229 19
115 41.30896028 002.09245276
120 Linear Feature 120
111 41.30904264 002.09235910 19
115 41.30907156 002.09243926
120 Linear Feature 119
111 41.30912920 002.09232738 19
115 41.30911331 002.09241417
120 Linear Feature 118
111 41.31159490 002.09680535 19
115 41.31166223 002.09683941
120 Linear Feature 117
111 41.31155181 002.09692367 19
115 41.31161375 002.09698463
120 Linear Feature 116
111 41.31148986 002.09704558 19
115 41.31153700 002.09710833
120 Linear Feature 115
111 41.31141176 002.09714059 19
115 41.31144812 002.09721410
120 Linear Feature 114
111 41.31126902 002.09726429 19
115 41.31130538 002.09733959
120 Linear Feature 113
111 41.31106030 002.09686810 19
115 41.31109800 002.09692726
120 Linear Feature 112
111 41.31120708 002.09671034 19
115 41.31124882 002.09677667
120 Linear Feature 111
111 41.31130942 002.09653465 19
115 41.31136732 002.09656871
120 Linear Feature 110
112 41.31140907 002.09622271 41.31141176 002.09622630 19
115 41.31146967 002.09626215
120 Linear Feature 100
111 41.31207833 002.09458235 19
115 41.31201504 002.09462179
120 Linear Feature 99
111 41.31198945 002.09442100 19
115 41.31194501 002.09446761
120 Linear Feature 98
111 41.31187365 002.09428475 19
115 41.31183863 002.09434929
120 Linear Feature 97
111 41.31166358 002.09540343 19
115 41.31161106 002.09538729
120 Linear Feature 96
111 41.31171071 002.09512017 19
115 41.31166492 002.09510404
120 Linear Feature 95
111 41.31171609 002.09496599 19
115 41.31166627 002.09496779
120 Linear Feature 94
111 41.31169185 002.09481182 19
115 41.31164607 002.09483871
120 Linear Feature 93
111 41.31162318 002.09468633 19
115 41.31158413 002.09473652
120 Linear Feature 92
111 41.31151814 002.09461283 19
115 41.31150198 002.09466123
120 Linear Feature 91
111 41.31174033 002.09418615 19
115 41.31172148 002.09426862
120 Linear Feature 90
111 41.31132962 002.09446761 19
115 41.31130269 002.09454829
120 Linear Feature 89
111 41.31153161 002.09409293 19
115 41.31151141 002.09416823
120 Linear Feature 88
111 41.31132423 002.09398537 19
115 41.31130134 002.09407142
120 Linear Feature 87
111 41.31113032 002.09434212 19
115 41.31110070 002.09442279
120 Linear Feature 86
111 41.31111551 002.09388318 19
115 41.31108992 002.09396386
120 Linear Feature 60
111 41.31105331 002.10025271 19
115 41.31100160 002.10028068
120 Linear Feature 59
111 41.31097090 002.09994938 19
115 41.31091111 002.09997735
120 Linear Feature 58
111 41.31088041 002.09965250 19
115 41.31082708 002.09967617
120 Linear Feature 57
111 41.31084647 002.09952773 19
115 41.31079638 002.09953849
120 Linear Feature 56
111 41.31082224 002.09938360 19
115 41.31076729 002.09938575
120 Linear Feature 55
111 41.31081739 002.09908887 19
115 41.31075113 002.09909318
120 Linear Feature 54
111 41.31079961 002.09880491 19
115 41.31073336 002.09879630
120 Linear Feature 53
111 41.31048785 002.09873781 19
115 41.31041675 002.09873136
120 Linear Feature 52
111 41.31040705 002.09883892 19
115 41.31046522 002.09888625
120 Linear Feature 51
111 41.31035049 002.09892497 19
115 41.31039897 002.09899381
120 Linear Feature 50
111 41.31028262 002.09899166 19
115 41.31031171 002.09907340
120 Linear Feature 49
111 41.31019737 002.09901379 19
115 41.31020074 002.09910492
120 Linear Feature 48
111 41.31002343 002.09899885 19
115 41.31002343 002.09910193
120 Linear Feature 47
111 41.31002231 002.09940071 19
115 41.31002680 002.09949931
120 Linear Feature 46
111 41.31024113 002.09940669 19
115 41.31024562 002.09949483
120 Linear Feature 45
111 41.31035335 002.09943507 19
115 41.31032193 002.09952023
120 Linear Feature 44
111 41.31044649 002.09950977 19
115 41.31040048 002.09957401
120 Linear Feature 43
111 41.31050821 002.09962779 19
115 41.31045210 002.09966066
120 Linear Feature 42
111 41.31057105 002.09982350 19
115 41.31050821 002.09984591
120 Linear Feature 41
111 41.31060471 002.09999380 19
115 41.31053851 002.10001920
120 Linear Feature 40
111 41.31063277 002.10017457 19
115 41.31056993 002.10019548
120 Linear Feature 39
111 41.31065185 002.10032845 19
115 41.31057891 002.10032097
120 Linear Feature 38
111 41.31063838 002.10047336 19
115 41.31056993 002.10045543
120 Linear Feature 37
111 41.31059462 002.10061080 19
115 41.31053851 002.10057345
120 Linear Feature 36
111 41.31054075 002.10074077 19
115 41.31048801 002.10068400
120 Linear Feature 35
111 41.31046557 002.10085431 19
115 41.31042180 002.10078559
120 Linear Feature 34
111 41.31037130 002.10094395 19
115 41.31033876 002.10086626
120 Linear Feature 33
111 41.30999313 002.10121435 19
115 41.30996059 002.10112620
120 Linear Feature 32
111 41.31018503 002.10107541 19
115 41.31014912 002.10099175
120 Linear Feature 31
111 41.31029949 002.10141752 19
115 41.31033203 002.10151014
120 Linear Feature 30
111 41.31010925 002.10152959 19
115 41.31013076 002.10161051
120 Linear Feature 29
111 41.31050767 002.10132841 19
115 41.31053730 002.10141983
120 Linear Feature 28
111 41.31063829 002.10129076 19
115 41.31064503 002.10138577
120 Linear Feature 27
111 41.31076622 002.10129434 19
115 41.31075814 002.10138757
120 Linear Feature 26
111 41.31088876 002.10134275 19
115 41.31085914 002.10142342
120 Linear Feature 25
111 41.31100457 002.10142342 19
115 41.31096417 002.10149872
120 Linear Feature 24
111 41.31109479 002.10154891 19
115 41.31104362 002.10160628
120 Linear Feature 23
111 41.31115943 002.10169771 19
115 41.31110960 002.10173177
120 Linear Feature 22
111 41.31125100 002.10191642 19
115 41.31119983 002.10195586
120 Linear Feature 21
111 41.31135064 002.10214231 19
115 41.31129005 002.10218533
120 Linear Feature 20
111 41.31144625 002.10236102 19
115 41.31138296 002.10240584
120 Linear Feature 19
111 41.31154994 002.10268013 19
115 41.31149069 002.10271419
120 Linear Feature 18
111 41.31166171 002.10299924 19
115 41.31160380 002.10303510
120 Linear Feature 17
111 41.31177078 002.10332373 19
115 41.31171019 002.10335600
120 Linear Feature 16
111 41.31187447 002.10364463 19
115 41.31182195 002.10368049
120 Linear Feature 15
111 41.31198759 002.10395836 19
115 41.31193103 002.10399601
120 Linear Feature 14
111 41.31209666 002.10427927 19
115 41.31203876 002.10431692
120 Linear Feature 13
111 41.31232654 002.10491996 19
115 41.31226325 002.10495761
120 Linear Feature 13
111 41.31220843 002.10460017 19
115 41.31214514 002.10463782
120 Linear Feature 5
111 41.31282669 002.10499904 80
111 41.31125996 002.10041285 81
111 41.31161631 002.10018584 81
111 41.31175187 002.10028173 81
111 41.31179842 002.10041457 81
111 41.31176781 002.10060901 81
111 41.31140189 002.10082830
111 41.31152092 002.10117675 81
111 41.31188697 002.10095823 81
111 41.31204170 002.10107421 81
111 41.31214427 002.10136602 81
111 41.31210018 002.10164111 81
111 41.31175018 002.10184783
111 41.31197230 002.10249803 81
111 41.31233340 002.10227741 81
111 41.31249219 002.10239959 81
111 41.31259126 002.10268663 81
111 41.31255338 002.10291937 81
111 41.31219195 002.10314099
111 41.31248071 002.10398628 81
111 41.31290826 002.10372901 81
111 41.31318777 002.10390941 81
111 41.31332604 002.10431728 81
111 41.31326261 002.10473934 81
115 41.31282669 002.10499904
120 Linear Feature 158
111 41.30116271 002.08184154 19
111 41.30112367 002.08179296
111 41.30106172 002.08184041 19
115 41.30106002 002.08192514
120 Linear Feature 157
111 41.30119921 002.08169355 19
111 41.30114404 002.08168903
111 41.30098279 002.08178844 19
115 41.30094035 002.08186075
120 Linear Feature 156
111 41.30119242 002.08152070 19
111 41.30113131 002.08153199
111 41.30090216 002.08167773 19
115 41.30085038 002.08173309
120 Linear Feature 155
111 41.30115396 002.08135450 19
111 41.30109503 002.08138719
111 41.30084020 002.08154103 19
115 41.30077739 002.08157944
120 Linear Feature 154
111 41.30105429 002.08106711 19
111 41.30099912 002.08110100
111 41.30074026 002.08125634 19
115 41.30067943 002.08129306
120 Linear Feature 153
111 41.30095668 002.08078185 19
111 41.30089940 002.08081480
111 41.30064124 002.08097297 19
115 41.30057900 002.08100969
120 Linear Feature 152
111 41.30085908 002.08049189 19
111 41.30080108 002.08052672
111 41.30054364 002.08068394 19
115 41.30048069 002.08072537
120 Linear Feature 151
111 41.30079472 002.08034031 19
111 41.30074167 002.08039115
111 41.30050757 002.08053614 19
115 41.30044038 002.08055591
120 Linear Feature 150
111 41.30070065 002.08021604 19
111 41.30066034 002.08028383
111 41.30049837 002.08037609 19
115 41.30042977 002.08037609
120 Linear Feature 149
111 41.30058783 002.08015515 19
111 41.30058477 002.08023242
111 41.30052163 002.08026903 19
115 41.30047579 002.08021616
120 Linear Feature 148
111 41.30174996 002.08147237 19
111 41.30169348 002.08144622
111 41.30163798 002.08148152 19
115 41.30166155 002.08157894
120 Linear Feature 147
111 41.30175536 002.08133311 19
111 41.30169986 002.08133115
111 41.30156037 002.08146844 19
115 41.30153287 002.08152794
120 Linear Feature 146
111 41.30173916 002.08118731 19
111 41.30168513 002.08119712
111 41.30148424 002.08134619 19
115 41.30143316 002.08140699
120 Linear Feature 145
111 41.30169829 002.08102920 19
111 41.30164377 002.08106319
111 41.30141650 002.08119959 19
115 41.30135363 002.08123424
120 Linear Feature 144
111 41.30159944 002.08074147 19
111 41.30154443 002.08077351
111 41.30131784 002.08091551 19
115 41.30125758 002.08095166
120 Linear Feature 143
111 41.30150199 002.08045684 19
111 41.30144612 002.08049073
111 41.30122191 002.08062442 19
115 41.30115896 002.08066113
120 Linear Feature 142
111 41.30140509 002.08016875 19
111 41.30134851 002.08020170
111 41.30112148 002.08033539 19
115 41.30105995 002.08037305
120 Linear Feature 141
111 41.30134498 002.08001247 19
111 41.30129052 002.08006048
111 41.30108046 002.08017440 19
115 41.30101822 002.08018946
120 Linear Feature 140
111 41.30127637 002.07989008 19
111 41.30123818 002.07996446
111 41.30107197 002.08002942 19
115 41.30100761 002.08001718
120 Linear Feature 139
111 41.30117877 002.07981382 19
111 41.30116038 002.07989196
111 41.30111016 002.07990985 19
115 41.30106136 002.07985148
120 Linear Feature 121
111 41.28993250 002.09019206 19
115 41.28980095 002.09024402
120 Linear Feature 120
111 41.28973730 002.08995485 19
115 41.28986715 002.08990402
120 Linear Feature 119
111 41.28967789 002.08967021 19
115 41.28980519 002.08962277
120 Linear Feature 118
111 41.28967534 002.08950529 19
115 41.28980265 002.08956403
120 Linear Feature 117
111 41.28975597 002.08936862 19
115 41.28983235 002.08953014
120 Linear Feature 116
111 41.28994523 002.08921048 19
115 41.29001992 002.08936636
120 Linear Feature 115
111 41.29013450 002.08905347 19
115 41.29021343 002.08920483
120 Linear Feature 114
111 41.28997811 002.08852396 19
115 41.29001274 002.08868526
120 Linear Feature 113
111 41.28976118 002.08861613 19
115 41.28979580 002.08877065
120 Linear Feature 112
111 41.28954730 002.08870152 19
115 41.28958294 002.08885876
120 Linear Feature 111
111 41.28950758 002.08869475 19
115 41.28946378 002.08885469
120 Linear Feature 110
111 41.28947694 002.08866037 19
115 41.28936841 002.08875016
120 Linear Feature 109
111 41.28935375 002.08841249 19
115 41.28924815 002.08850422
120 Linear Feature 108
111 41.28923495 002.08815679 19
115 41.28912349 002.08825243
120 Linear Feature 107
111 41.28910736 002.08777814 19
115 41.28897683 002.08782889
120 Linear Feature 106
111 41.28904136 002.08749122 19
115 41.28891670 002.08753806
120 Linear Feature 105
111 41.28897096 002.08720820 19
115 41.28885364 002.08725700
120 Linear Feature 104
111 41.28885804 002.08708914 19
115 41.28897096 002.08715160
120 Linear Feature 103
111 41.28893430 002.08696422 19
115 41.28900176 002.08709695
120 Linear Feature 102
111 41.28912496 002.08680613 19
115 41.28919535 002.08695056
120 Linear Feature 101
111 41.28930975 002.08664412 19
115 41.28938601 002.08679441
120 Linear Feature 100
111 41.28893430 002.08619910 19
115 41.28897683 002.08636891
120 Linear Feature 99
111 41.28872018 002.08628694 19
115 41.28875977 002.08645284
120 Linear Feature 98
111 41.28868351 002.08627523 19
115 41.28863218 002.08645089
120 Linear Feature 97
111 41.28864245 002.08624595 19
115 41.28853685 002.08633963
120 Linear Feature 96
111 41.28852805 002.08599416 19
115 41.28841512 002.08608395
120 Linear Feature 95
111 41.28830073 002.08583021 19
115 41.28841219 002.08573848
120 Linear Feature 36
111 41.30136859 002.08243729 19
111 41.30136088 002.08251956
111 41.30130593 002.08256442 19
115 41.30125541 002.08250029
120 Linear Feature 36
111 41.30196175 002.08209429 19
111 41.30193786 002.08217225
111 41.30189990 002.08220095 19
115 41.30183805 002.08213358
120 Linear Feature 35
111 41.30148341 002.08250327 19
111 41.30144110 002.08257208
111 41.30128200 002.08266546 19
115 41.30121261 002.08266331
120 Linear Feature 35
111 41.30205172 002.08218847 19
111 41.30201845 002.08225459
111 41.30185492 002.08231384 19
115 41.30178229 002.08229014
120 Linear Feature 34
111 41.30157154 002.08263613 19
111 41.30152450 002.08268185
111 41.30129124 002.08282383 19
115 41.30122275 002.08284124
120 Linear Feature 34
111 41.30212341 002.08230823 19
111 41.30208780 002.08236436
111 41.30186335 002.08246790 19
115 41.30178838 002.08246915
120 Linear Feature 33
111 41.30163118 002.08278553 19
111 41.30158364 002.08281446
111 41.30133044 002.08297039 19
115 41.30126893 002.08300911
120 Linear Feature 33
111 41.30218548 002.08245008 19
111 41.30213288 002.08248201
111 41.30190580 002.08261985 19
115 41.30184024 002.08265965
120 Linear Feature 32
111 41.30173638 002.08309819 19
111 41.30168882 002.08312858
111 41.30143819 002.08328178 19
115 41.30137898 002.08332043
120 Linear Feature 32
111 41.30229068 002.08276274 19
111 41.30223729 002.08279572
111 41.30201436 002.08293340 19
115 41.30195353 002.08297097
120 Linear Feature 31
111 41.30184520 002.08341168 19
111 41.30179581 002.08343997
111 41.30154354 002.08359333 19
115 41.30148098 002.08363123
120 Linear Feature 31
111 41.30240517 002.08307515 19
111 41.30234526 002.08311099
111 41.30212132 002.08324495 19
115 41.30205796 002.08328286
120 Linear Feature 30
111 41.30195591 002.08372369 19
111 41.30190385 002.08375435
111 41.30165058 002.08390786 19
115 41.30158993 002.08394535
120 Linear Feature 30
111 41.30251264 002.08338717 19
111 41.30245330 002.08342279
111 41.30222918 002.08355733 19
115 41.30216852 002.08359375
120 Linear Feature 39
111 41.30208057 002.08452972 19
111 41.30203973 002.08447358
111 41.30197382 002.08452178 19
115 41.30197522 002.08459872
120 Linear Feature 39
111 41.30267131 002.08415764 19
111 41.30261508 002.08411335
111 41.30257103 002.08416263 19
115 41.30257244 002.08424496
120 Linear Feature 38
111 41.30211124 002.08437157 19
111 41.30205796 002.08437021
111 41.30189915 002.08446881 19
115 41.30186102 002.08453543
120 Linear Feature 38
111 41.30269146 002.08400919 19
111 41.30262117 002.08401106
111 41.30248341 002.08412583 19
115 41.30245014 002.08419569
120 Linear Feature 37
111 41.30209791 002.08420049 19
111 41.30204924 002.08421155
111 41.30181515 002.08435744 19
115 41.30176663 002.08440836
120 Linear Feature 37
111 41.30267084 002.08386074 19
111 41.30259868 002.08387072
111 41.30240750 002.08402416 19
115 41.30235736 002.08408154
120 Linear Feature 29
111 41.30205712 002.08403840 19
111 41.30201219 002.08406611
111 41.30175902 002.08422219 19
115 41.30169627 002.08425845
120 Linear Feature 29
111 41.30261790 002.08368895 19
111 41.30255597 002.08372743
111 41.30233599 002.08386412 19
115 41.30227243 002.08390362
120 Linear Feature 12
111 41.30911287 002.09068846 73
115 41.30861205 002.09098571
120 Linear Feature 161
111 41.30393202 002.09489260 19
115 41.30385398 002.09503452
120 Linear Feature 160
111 41.30403973 002.09498185 19
115 41.30398697 002.09513840
120 Linear Feature 159
111 41.30414854 002.09502721 19
115 41.30411117 002.09517352
120 Linear Feature 158
111 41.30426395 002.09503160 19
115 41.30427934 002.09515304
120 Linear Feature 157
111 41.30437386 002.09498478 19
115 41.30442222 002.09511500
120 Linear Feature 156
111 41.30447278 002.09492333 19
115 41.30452444 002.09507110
120 Linear Feature 155
111 41.30458709 002.09483554 19
115 41.30466732 002.09496576
120 Linear Feature 154
111 41.30467392 002.09472581 19
115 41.30476405 002.09481506
120 Linear Feature 153
111 41.30473327 002.09458681 19
115 41.30482340 002.09462632
120 Linear Feature 152
111 41.30482999 002.09442733 19
115 41.30476075 002.09441709
120 Linear Feature 151
111 41.30479262 002.09422835 19
115 41.30474536 002.09424445
120 Linear Feature 150
111 41.30655654 002.09934210 19
115 41.30644282 002.09943964
120 Linear Feature 149
111 41.30643747 002.09909011 19
115 41.30632298 002.09918867
120 Linear Feature 148
111 41.30631993 002.09883508 19
115 41.30619475 002.09893668
120 Linear Feature 147
111 41.30619933 002.09858411 19
115 41.30608560 002.09867657
120 Linear Feature 146
111 41.30609018 002.09846827 19
115 41.30604897 002.09864609
120 Linear Feature 145
111 41.30600546 002.09865218 19
115 41.30595432 002.09848453
120 Linear Feature 144
111 41.30578869 002.09878834 19
115 41.30573144 002.09861662
120 Linear Feature 143
111 41.30560016 002.09890518 19
115 41.30554139 002.09873449
120 Linear Feature 74
111 41.30455394 002.10466880 51 101
112 41.30425845 002.10463702 41.30413051 002.10454924 51 101
115 41.30407675 002.10439213
120 Linear Feature 71
111 41.30274762 002.08600813 19
111 41.30269046 002.08604239
111 41.30243792 002.08619626 19
115 41.30236669 002.08623968
120 Linear Feature 71
111 41.30264886 002.08572972 19
111 41.30259589 002.08576119
111 41.30234035 002.08591785 19
115 41.30227212 002.08595848
120 Linear Feature 71
111 41.30255364 002.08544895 19
111 41.30250067 002.08548042
111 41.30224513 002.08563708 19
115 41.30217690 002.08567771
120 Linear Feature 70
111 41.30220959 002.08548802 19
115 41.30213934 002.08550695
120 Linear Feature 69
111 41.30219924 002.08533371 19
115 41.30212727 002.08532912
120 Linear Feature 68
111 41.30217037 002.08516735 19
115 41.30222165 002.08522529
120 Linear Feature 67
111 41.30228543 002.08518800 19
115 41.30228630 002.08509908
120 Linear Feature 66
111 41.30235827 002.08523619 19
115 41.30240093 002.08516620
120 Linear Feature 65
111 41.30244127 002.08534666 19
115 41.30249100 002.08529585
120 Linear Feature 136
111 41.29772147 002.07891090 19
115 41.29765164 002.07892609
120 Linear Feature 135
111 41.29770680 002.07873727 19
115 41.29763574 002.07874695
120 Linear Feature 134
111 41.29769896 002.07862034 19
115 41.29762622 002.07862853
120 Linear Feature 133
111 41.29769225 002.07850192 19
115 41.29762063 002.07850937
120 Linear Feature 132
111 41.29768777 002.07838053 19
115 41.29761391 002.07838574
120 Linear Feature 131
111 41.29768386 002.07826360 19
115 41.29761279 002.07826509
120 Linear Feature 130
111 41.29768329 002.07808560 19
115 41.29761000 002.07808635
120 Linear Feature 78
111 41.29256707 002.06586572 19
115 41.29253893 002.06578463
120 Linear Feature 77
111 41.29273161 002.06576879 19
115 41.29270348 002.06568728
120 Linear Feature 76
111 41.29289605 002.06567176 19
115 41.29286621 002.06558799
120 Linear Feature 65
111 41.29508932 002.07105035 19
115 41.29502077 002.07109255
120 Linear Feature 64
111 41.29513455 002.07112978 19
115 41.29511636 002.07120302
120 Linear Feature 63
111 41.29507393 002.07095787 19
115 41.29500865 002.07093243
120 Linear Feature 62
111 41.29506647 002.07083189 19
115 41.29510144 002.07090760
120 Linear Feature 61
111 41.29526557 002.07066929 19
115 41.29530101 002.07074376
120 Linear Feature 60
111 41.29547228 002.07050577 19
115 41.29550306 002.07058273
120 Linear Feature 59
111 41.29564398 002.07040574 19
115 41.29566690 002.07048229
120 Linear Feature 58
111 41.29579198 002.07032906 19
115 41.29581518 002.07040241
120 Linear Feature 57
111 41.29594150 002.07025251 19
115 41.29596241 002.07032447
120 Linear Feature 56
111 41.29610748 002.07017207 19
115 41.29611876 002.07025572
120 Linear Feature 109
111 41.30207051 002.08488832 51 101
112 41.30183929 002.08498550 41.30174288 002.08500576
111 41.30183929 002.08498550
112 41.30183929 002.08498550 41.30176656 002.08500013 51 101
115 41.30156952 002.08492186
120 Linear Feature 12
111 41.30200351 002.07829038 80
115 41.30207638 002.07812090
120 Linear Feature 1
111 41.29694771 002.07239650 106
115 41.29717054 002.07302203
120 Linear Feature 30
111 41.30265315 002.08453853 51 101
112 41.30245369 002.08452146 41.30235446 002.08447787 51 101
111 41.30229210 002.08431567 51 101
112 41.30228055 002.08462907 41.30223490 002.08475984 51 101
111 41.30213764 002.08484771 51 101
112 41.30236166 002.08484882 41.30246784 002.08489770 51 101
111 41.30252613 002.08500345 51 101
114 41.30252439 002.08473804 41.30255714 002.08462180 51 101
120 Linear Feature 29
111 41.30317744 002.08421932 51 101
112 41.30297720 002.08418354 41.30288690 002.08413466
111 41.30297720 002.08418354
112 41.30297720 002.08418354 41.30297089 002.08418012 51 101
112 41.30295913 002.08417256 41.30295338 002.08416867
111 41.30295913 002.08417256
112 41.30295913 002.08417256 41.30288260 002.08412076 51 101
111 41.30285500 002.08403156 51 101
112 41.30284771 002.08429374 41.30280305 002.08443111 51 101
115 41.30272871 002.08449322
120 Linear Feature 23
111 41.30059271 002.07936086 51 101
112 41.30075040 002.07956485 41.30085308 002.07961897 51 101
111 41.30096541 002.07956807 51 101
112 41.30082776 002.07978807 41.30078986 002.07992842 51 101
111 41.30083640 002.08007428 51 101
112 41.30065732 002.07988678 41.30054775 002.07983633 51 101
111 41.30044507 002.07987879 51 101
114 41.30058907 002.07964013 41.30062353 002.07949153 51 101
120 Linear Feature 22
111 41.30114853 002.07905751 51 101
112 41.30114506 002.07934126 41.30110234 002.07945683 51 101
111 41.30101970 002.07953369 51 101
112 41.30122998 002.07954902 41.30133542 002.07960590 51 101
115 41.30138263 002.07973988
120 Linear Feature 48
111 41.29866374 002.06872525 52
111 41.29864044 002.06873941
111 41.29859051 002.06876975 52
111 41.29854539 002.06879716
111 41.29833063 002.06892764 52
111 41.29785662 002.06921565
111 41.29781589 002.06924039 52
115 41.29753588 002.06941052
120 Linear Feature 10
111 41.29838678 002.06708768 52
112 41.29825536 002.06729765 41.29821906 002.06743399
111 41.29825536 002.06729765
112 41.29825536 002.06729765 41.29824866 002.06732280 52
112 41.29824361 002.06737391 41.29824216 002.06739924
111 41.29824361 002.06737391
112 41.29824361 002.06737391 41.29824200 002.06740210
112 41.29824561 002.06745527 41.29824814 002.06748083
111 41.29824561 002.06745527
112 41.29824561 002.06745527 41.29825312 002.06753123 52
115 41.29827332 002.06758892
120 Linear Feature 4
111 41.29647601 002.06493629 51
112 41.29671502 002.06494621 41.29683543 002.06501589 51
112 41.29688521 002.06514078 41.29690005 002.06518259
111 41.29688521 002.06514078
112 41.29688521 002.06514078 41.29688700 002.06514582 51
111 41.29690480 002.06519744 51
111 41.29726976 002.06626079 51
112 41.29748717 002.06681600 41.29749848 002.06702170 51
111 41.29722121 002.06739396 51
111 41.29699132 002.06764132
111 41.29694409 002.06769215 51 101
115 41.29676385 002.06790110
120 Linear Feature 45
111 41.29569161 002.06491783 51 101
112 41.29588595 002.06514917 41.29600566 002.06521267 51 101
111 41.29617317 002.06511931 51 101
112 41.29596343 002.06538659 41.29591399 002.06556324 51 101
115 41.29599387 002.06579694
120 Linear Feature 23
111 41.30364243 002.10434041 53 102
112 41.30389875 002.10451273 41.30398132 002.10475189 53 102
112 41.30383660 002.10487898 41.30381802 002.10490089 53 102
112 41.30370984 002.10494351 41.30368276 002.10495270
111 41.30370984 002.10494351
112 41.30370984 002.10494351 41.30369714 002.10494759 53 102
112 41.30359679 002.10495985 41.30354598 002.10496041
111 41.30359679 002.10495985
112 41.30359679 002.10495985 41.30353633 002.10496051 53 102
112 41.30345495 002.10493956 41.30343938 002.10492766
111 41.30345495 002.10493956
112 41.30345495 002.10493956 41.30342628 002.10491766 53 102
112 41.30337331 002.10481735 41.30334267 002.10472429
111 41.30337331 002.10481735
112 41.30337331 002.10481735 41.30330634 002.10461585 53 102
114 41.30344820 002.10445585 41.30348857 002.10442899 53 102
120 Linear Feature 22
111 41.30299692 002.10378293 2
115 41.30274591 002.10393219
120 Linear Feature 2
111 41.29713899 002.08412590 51 101
112 41.29712158 002.08447695 41.29707156 002.08464237 51 101
111 41.29692304 002.08475564 51 101
112 41.29721306 002.08474437 41.29735857 002.08480690 51 101
115 41.29743900 002.08500090
120 Linear Feature 2
111 41.29417493 002.06128868 51 101
112 41.29389428 002.06148275 41.29381015 002.06166004 51 101
112 41.29362458 002.06202674 41.29351955 002.06223317 51 101
115 41.29340448 002.06228506
120 Linear Feature 1
111 41.29326775 002.06132389 51 101
112 41.29376448 002.06161595 41.29390466 002.06202366
111 41.29376448 002.06161595
112 41.29376448 002.06161595 41.29379165 002.06169497 51 101
111 41.29385446 002.06187548 51 101
111 41.29412189 002.06265454 51 101
111 41.29461406 002.06408829 51 101
111 41.29469298 002.06431819 51 101
111 41.29493966 002.06503680 51 101
111 41.29502188 002.06527632 51 101
111 41.29594822 002.06797485 51 101
111 41.29613186 002.06850981 51 101
111 41.29621782 002.06876023 51 101
111 41.29639828 002.06928595 51 101
111 41.29643910 002.06940484 51 101
111 41.29662308 002.06994081 51 101
111 41.29670021 002.07016549 51 101
111 41.29694315 002.07087321 51 101
111 41.29730883 002.07193848 51 101
111 41.29755812 002.07266468 51 101
111 41.29841290 002.07515476 51 101
111 41.29850397 002.07542005 51 101
111 41.29875836 002.07616114 51 101
111 41.29885685 002.07644804 51 101
111 41.29905922 002.07703756 51 101
111 41.29933540 002.07784213 51 101
111 41.29998434 002.07973257 51 101
111 41.30024784 002.08050017 51 101
111 41.30033535 002.08075508 51 101
111 41.30076411 002.08200412 51 101
111 41.30102506 002.08276429 51 101
111 41.30147508 002.08407525 51 101
111 41.30167618 002.08466110 51 101
111 41.30187960 002.08525368 51 101
111 41.30193273 002.08540844 51 101
111 41.30311454 002.08885122 51 101
111 41.30318247 002.08904910 51 101
115 41.30339224 002.08966018
120 Linear Feature 17
111 41.29037848 002.06338815 54
115 41.29063020 002.06351305
120 Linear Feature 16
111 41.29086103 002.06440555 54
115 41.29108439 002.06451543
120 Linear Feature 15
111 41.29275704 002.06180691 54
115 41.29266342 002.06153271
120 Linear Feature 15
111 41.29300529 002.06280815 54
115 41.29287161 002.06241980
120 Linear Feature 17
111 41.29384624 002.07070880 53
112 41.29399121 002.07084191 41.29404042 002.07099820 53
111 41.29396865 002.07108298 53
111 41.29344807 002.07136049 53
112 41.29320087 002.07126342 41.29314296 002.07108438 53
111 41.29330682 002.07097735 53
113 41.29353147 002.07083054 53
120 Linear Feature 27
111 41.29585865 002.08515059 2
115 41.29600081 002.08556315
120 Linear Feature 6
111 41.29184322 002.10214349 51 105
115 41.29205211 002.10274921
120 Linear Feature 15
111 41.28918307 002.08126700 52
115 41.28926560 002.08150510
120 Linear Feature 14
111 41.28872839 002.07998920 52
115 41.28881004 002.08022957
120 Linear Feature 13
111 41.28762307 002.08066382 52
115 41.28770557 002.08090570
120 Linear Feature 4
111 41.29316928 002.10191732 53
111 41.29329245 002.10227796 53
112 41.29329687 002.10239179 41.29328766 002.10244608 53
111 41.29324508 002.10248476 53
111 41.29301726 002.10268564 53
112 41.29298241 002.10269076 41.29296706 002.10268565 53
111 41.29295392 002.10266003 53
112 41.29291398 002.10254183 41.29290082 002.10250535 53
111 41.29291348 002.10247215 53
111 41.29308022 002.10190345 53
114 41.29313081 002.10186880 41.29315768 002.10187536 53
120 Linear Feature 5
111 41.29279649 002.10081411 53
111 41.29296184 002.10130219 53
112 41.29295529 002.10143946 41.29293476 002.10151302 53
111 41.29274737 002.10222824 53
112 41.29270141 002.10227426 41.29266687 002.10227645 53
111 41.29265569 002.10222388 53
112 41.29253127 002.10186217 41.29251537 002.10181547 53
111 41.29251873 002.10176482 53
111 41.29254328 002.10134922 53
111 41.29270317 002.10079886 53
114 41.29274682 002.10075873 41.29277588 002.10075800 53
120 Linear Feature 3
111 41.31055395 002.09372620 53 102
111 41.31097493 002.09347418 53
111 41.31005014 002.09303384 53
111 41.30992592 002.09267206
111 41.30969809 002.09200852 53
111 41.30951547 002.09147668 53
111 41.30902414 002.09125556 53
111 41.30898659 002.09123866 53
115 41.30870180 002.09111049
120 TWY D
111 41.28967527 002.08912175 51 101
111 41.29139922 002.08808323 57 101
111 41.29169553 002.08790473 101
111 41.29171209 002.08789476 51 101
111 41.29407044 002.08647407 101
111 41.29408426 002.08646574 57 101
111 41.29446107 002.08623874 51 101
111 41.29605410 002.08527909 51 101
111 41.29674555 002.08486256 51 101
111 41.29692304 002.08475564 51 101
111 41.29790263 002.08416552 101
111 41.29794303 002.08414119 51 101
111 41.29795459 002.08413425 101
111 41.29797631 002.08412121 51 101
111 41.29973810 002.08306385 101
111 41.29977467 002.08304190 51 101
111 41.30061986 002.08253465 51 101
111 41.30116400 002.08220808 51 101
111 41.30123515 002.08216488 51 101
111 41.30175015 002.08185222 51 101
115 41.30181733 002.08181237
120 TWY E
111 41.28885903 002.08670224 101
111 41.28888133 002.08668879 51 101
111 41.29131119 002.08522328 101
111 41.29132613 002.08521427 57 101
111 41.29167523 002.08500372 51 101
111 41.29288555 002.08427374 51 101
111 41.29324725 002.08405559 51 101
111 41.29356248 002.08386546 51 101
111 41.29377559 002.08373693 51 101
111 41.29417883 002.08349373 51 101
111 41.29426578 002.08344129 51 101
111 41.29453600 002.08327831 51 101
111 41.29464388 002.08321324 51 101
111 41.29474144 002.08315440 51 101
111 41.29611145 002.08232811 51 101
111 41.29707939 002.08174432 101
111 41.29714588 002.08170422 51 101
111 41.29800900 002.08119132
112 41.29800900 002.08119132 41.29806858 002.08115289 51 101
111 41.29890736 002.08074595 101
111 41.29892693 002.08073647 51 101
112 41.29893989 002.08073020 41.29894421 002.08072810
111 41.29893989 002.08073020
112 41.29893989 002.08073020 41.29895236 002.08072416 101
112 41.29897731 002.08071207 41.29898978 002.08070603
111 41.29897731 002.08071207
112 41.29897731 002.08071207 41.29922434 002.08059243 51 101
112 41.29964571 002.08038687 41.29982211 002.08029990
111 41.29964571 002.08038687
112 41.29964571 002.08038687 41.29973672 002.08034200 51 101
112 41.29980204 002.08030198 41.29983781 002.08027826
111 41.29980204 002.08030198
112 41.29980204 002.08030198 41.29982867 002.08028432 51 101
112 41.29992022 002.08022184 41.29998169 002.08018113
111 41.29992022 002.08022184
112 41.29992022 002.08022184 41.29996547 002.08019187 51 101
112 41.30038597 002.07991736 41.30051346 002.07983415
111 41.30038597 002.07991736
112 41.30038597 002.07991736 41.30042221 002.07989371 51 101
111 41.30044507 002.07987879 51 101
111 41.30096541 002.07956807 51 101
115 41.30102042 002.07953396
120 Acceso Rampa 31
111 41.31068414 002.09976356 51 101
112 41.31052828 002.09940018 41.31044696 002.09928590 51 101
112 41.31024993 002.09924876 41.31019183 002.09924957 51 101
115 41.30988110 002.09925197
120 TWY P+Stand 900
111 41.30455394 002.10466880 57 105
111 41.30491608 002.10444887 105
111 41.30492854 002.10444138 51 105
111 41.30542542 002.10414286 51 105
111 41.30612510 002.10372250 51 105
111 41.30697172 002.10321386 105
111 41.30698483 002.10320598 57 105
111 41.30734441 002.10298995 51 101
111 41.30740398 002.10295416 51 101
111 41.30817584 002.10249044 51 101
111 41.30863446 002.10221491 51 101
111 41.30883844 002.10209235 51 101
111 41.30935167 002.10178401 101
111 41.30936276 002.10177735 51 101
111 41.30937828 002.10176802 101
111 41.30942289 002.10174119 51 101
115 41.31051582 002.10108414
120 TWY U4-U6
111 41.30963189 002.09330455 51 101
112 41.30979211 002.09351403 41.30989051 002.09356305 51 101
111 41.31171282 002.09443191
112 41.31171282 002.09443191 41.31186204 002.09449818 51 101
112 41.31192639 002.09508242 41.31186126 002.09535435
111 41.31192639 002.09508242 51 101
112 41.31149242 002.09671516 41.31146418 002.09680427 51 101
112 41.31131741 002.09699334 41.31121911 002.09706574 51 101
111 41.31095235 002.09727831 51 101
112 41.31076330 002.09751143 41.31066569 002.09767734 51 101
111 41.31064968 002.09792590 51 101
111 41.31060908 002.09863388 51 101
111 41.31060402 002.09879722 51 101
112 41.31063108 002.09945609 41.31064011 002.09961647 51 101
111 41.31068414 002.09976356 51 101
111 41.31080014 002.10010341 51 101
111 41.31105345 002.10084552 51 101
111 41.31136621 002.10176208 51 101
111 41.31180686 002.10305278 51 101
111 41.31230754 002.10451963 51 101
115 41.31241832 002.10484418
120 TWY M-S
111 41.30575774 002.10499551 51 105
111 41.30643578 002.10458693 51 105
111 41.30695783 002.10427235 51 105
111 41.30736405 002.10402793 105
111 41.30737591 002.10402079 57 105
111 41.30773633 002.10380392 51 101
111 41.30780807 002.10375995 51 101
111 41.30796568 002.10366494
112 41.30796568 002.10366494 41.30802529 002.10363397 51 101
112 41.30816827 002.10340219 41.30819299 002.10329768
111 41.30816827 002.10340219 51 101
111 41.30843022 002.10248738 51 101
111 41.30843477 002.10247148
112 41.30843477 002.10247148 41.30846302 002.10237546 51 101
112 41.30843721 002.10209832 41.30840364 002.10200175
111 41.30843721 002.10209832 51 101
111 41.30833221 002.10178908 51 101
111 41.30800042 002.10081952 101
111 41.30799620 002.10080720 51 101
111 41.30799139 002.10079313 101
111 41.30796998 002.10073055 51 101
111 41.30678650 002.09727118 51 101
111 41.30653619 002.09653950 51 101
111 41.30628776 002.09581335 51 101
111 41.30594645 002.09481568 61 101
111 41.30577011 002.09430021 101
111 41.30576174 002.09427574 51 101
111 41.30476740 002.09136926 101
111 41.30475881 002.09134415 57 101
111 41.30457955 002.09082017 51 101
111 41.30426943 002.08991364
112 41.30426943 002.08991364 41.30418027 002.08966702 51 101
112 41.30407223 002.08950467 41.30397615 002.08922527
111 41.30407223 002.08950467 51 101
112 41.30400118 002.08930170 41.30395629 002.08917322
111 41.30400118 002.08930170
112 41.30400118 002.08930170 41.30399458 002.08928279 101
112 41.30398017 002.08924154 41.30397277 002.08922035
111 41.30398017 002.08924154
112 41.30398017 002.08924154 41.30397747 002.08923380 51 101
112 41.30397192 002.08921790 41.30396912 002.08920987
111 41.30397192 002.08921790
112 41.30397192 002.08921790 41.30391294 002.08904894 51 101
112 41.30373942 002.08854919 41.30364697 002.08828223
111 41.30373942 002.08854919
112 41.30373942 002.08854919 41.30362573 002.08822089 51 101
112 41.30336661 002.08746440 41.30323839 002.08708789
111 41.30336661 002.08746440
112 41.30336661 002.08746440 41.30336001 002.08744504 101
112 41.30334685 002.08740634 41.30334027 002.08738701
111 41.30334685 002.08740634
112 41.30334685 002.08740634 41.30333536 002.08737258 51 101
112 41.30331250 002.08730524 41.30330109 002.08727161
111 41.30331250 002.08730524
112 41.30331250 002.08730524 41.30322354 002.08704306 51 101
112 41.30305486 002.08654816 41.30297376 002.08630941
111 41.30305486 002.08654816
112 41.30305486 002.08654816 41.30304186 002.08650988 51 101
112 41.30283687 002.08590902 41.30280836 002.08582517
111 41.30283687 002.08590902
112 41.30283687 002.08590902 41.30281437 002.08584283 51 101
112 41.30277493 002.08572689 41.30275624 002.08567194
111 41.30277493 002.08572689
112 41.30277493 002.08572689 41.30276794 002.08570634 101
112 41.30275484 002.08566785 41.30274845 002.08564905
111 41.30275484 002.08566785
112 41.30275484 002.08566785 41.30271307 002.08554510 51 101
112 41.30267259 002.08542665 41.30266097 002.08539286
111 41.30267259 002.08542665 51 101
111 41.30263749 002.08532531 101
111 41.30261828 002.08526972 51 101
111 41.30252613 002.08500345 51 101
111 41.30229210 002.08431567 51 101
111 41.30161866 002.08235727 51 101
111 41.30137920 002.08166327 51 101
111 41.30059271 002.07936086 51 101
111 41.29993389 002.07744445 51 101
111 41.29968476 002.07671978 51 101
111 41.29935908 002.07577243 51 101
111 41.29912179 002.07508440 51 101
111 41.29816237 002.07228151
112 41.29816237 002.07228151 41.29803275 002.07190624 51 101
112 41.29796030 002.07150879 41.29782829 002.07111862
111 41.29796030 002.07150879 51 101
111 41.29787202 002.07125950 51 101
111 41.29686946 002.06834359 51 101
111 41.29656181 002.06744879 51 101
111 41.29599387 002.06579694 51 101
111 41.29569161 002.06491783 51 101
111 41.29559904 002.06464858 51 101
111 41.29548254 002.06430975 51 101
111 41.29517146 002.06340497 51 101
111 41.29501821 002.06295926 51 101
111 41.29469413 002.06201668 51 101
111 41.29451647 002.06149995
112 41.29451647 002.06149995 41.29447494 002.06137621 51 101
112 41.29427069 002.06129382 41.29417050 002.06129262
111 41.29427069 002.06129382 51 101
112 41.29424263 002.06129281 41.29414244 002.06129161
111 41.29424263 002.06129281 101
111 41.29417493 002.06128868 51 101
111 41.29344257 002.06127937
112 41.29344257 002.06127937 41.29339590 002.06127937 51 101
112 41.29326775 002.06132389 41.29321215 002.06135561
111 41.29326775 002.06132389 51 101
111 41.29089123 002.06274343
112 41.29089123 002.06274343 41.29078191 002.06280259 51 101
112 41.29056574 002.06313227 41.29050928 002.06332413
111 41.29056574 002.06313227 51 101
111 41.29013818 002.06462009 51 101
111 41.29001217 002.06508451
112 41.29001217 002.06508451 41.28998403 002.06520857 51 101
112 41.29002376 002.06543511 41.29005387 002.06552066
111 41.29002376 002.06543511 51 101
112 41.29051384 002.06686054 41.29054395 002.06694609
111 41.29051384 002.06686054 51 101
111 41.29105450 002.06843309 51 101
111 41.29128628 002.06910723 51 101
111 41.29173094 002.07040057 51 101
111 41.29196263 002.07107443 51 101
111 41.29274111 002.07333869 51 101
111 41.29297278 002.07401253 51 101
111 41.29338362 002.07522975 51 101
111 41.29341597 002.07532560 51 101
112 41.29345012 002.07555513 41.29343709 002.07565484 51 101
111 41.29349594 002.07580034 51 101
111 41.29353212 002.07590551 51 101
112 41.29381393 002.07672603 41.29394733 002.07711487
111 41.29381393 002.07672603 51 101
112 41.29406640 002.07746751 41.29426315 002.07804101
111 41.29406640 002.07746751 51 101
111 41.29425292 002.07801528 51 101
111 41.29449253 002.07871899 51 101
111 41.29468620 002.07928775 51 101
111 41.29492718 002.07999547 51 101
111 41.29512923 002.08058888 51 101
111 41.29537120 002.08129948 51 101
111 41.29565289 002.08209880 51 101
112 41.29568508 002.08259228 41.29562605 002.08278104 51 101
111 41.29573021 002.08311503 51 101
111 41.29624339 002.08460869 51 101
111 41.29656968 002.08555852 51 101
111 41.29722863 002.08748465 57 101
111 41.29740319 002.08799489 101
111 41.29740537 002.08800127 51 101
111 41.29840764 002.09093092 101
111 41.29840952 002.09093642 57 101
111 41.29860402 002.09150494 51 101
111 41.29963638 002.09452257 51 101
111 41.30112940 002.09888672 51 101
111 41.30144702 002.09981511 51 101
111 41.30164102 002.10038218 51 101
111 41.30194573 002.10127286 51 101
111 41.30290787 002.10408467 51 101
111 41.30319478 002.10491894
112 41.30319478 002.10491894 41.30325463 002.10510521 51 101
112 41.30343268 002.10524650 41.30353328 002.10530798
111 41.30343268 002.10524650 51 101
111 41.30434424 002.10568967
112 41.30434424 002.10568967 41.30437380 002.10570368 51 101
112 41.30443903 002.10571520 41.30447213 002.10571830
111 41.30443903 002.10571520
112 41.30443903 002.10571520 41.30449748 002.10572067 57 105
112 41.30461485 002.10568333 41.30467071 002.10565712
111 41.30461485 002.10568333 57 101
111 41.30482152 002.10556047 105
111 41.30483414 002.10555297 51 105
111 41.30495878 002.10547887 51 105
113 41.30495878 002.10547887 51 105
120 N13
112 41.29034193 002.06391140 41.29030757 002.06402571 51 101
112 41.29035081 002.06431705 41.29038781 002.06442432
111 41.29035081 002.06431705 51 101
115 41.29077633 002.06556818
120 E-Gate JS
112 41.29348998 002.08390888 41.29370103 002.08378249 51 101
112 41.29368780 002.08319155 41.29359911 002.08290825
111 41.29368780 002.08319155 51 101
111 41.29362217 002.08300001 51 101
111 41.29350818 002.08266732 51 101
111 41.29340210 002.08235771 51 101
111 41.29334366 002.08218717 51 101
111 41.29322798 002.08184762 51 101
111 41.29321340 002.08180457 51 101
111 41.29317051 002.08167943 51 101
111 41.29295363 002.08104660 51 101
111 41.29278434 002.08055263 51 101
115 41.29251699 002.07977255
120 j7 gate ks
111 41.29028524 002.08297804 51 101
112 41.29024528 002.08333269 41.29016155 002.08350442
111 41.29024528 002.08333269
112 41.29024528 002.08333269 41.29023807 002.08334748 51 101
112 41.29022071 002.08337668 41.29021150 002.08339118
111 41.29022071 002.08337668
112 41.29022071 002.08337668 41.29010454 002.08355955 51 101
115 41.28990377 002.08350880
120 E4
112 41.29677298 002.08192932 41.29664347 002.08198364 51 101
112 41.29628563 002.08163691 41.29616805 002.08132753
111 41.29628563 002.08163691
112 41.29628563 002.08163691 41.29636398 002.08186674 51 101
112 41.29611145 002.08232811 41.29594278 002.08243768
111 41.29611145 002.08232811
111 41.29606228 002.08235764
112 41.29606228 002.08235764 41.29604099 002.08236967 51 101
112 41.29596385 002.08238626 41.29592200 002.08239006
111 41.29596385 002.08238626
112 41.29596385 002.08238626 41.29594492 002.08238798 101
112 41.29590079 002.08238478 41.29587986 002.08238192
111 41.29590079 002.08238478
112 41.29590079 002.08238478 41.29581177 002.08237258 51 101
112 41.29565289 002.08209880 41.29559302 002.08191775
111 41.29565289 002.08209880
112 41.29565289 002.08209880 41.29571478 002.08229749 51 101
112 41.29541840 002.08274612 41.29522789 002.08285612
111 41.29541840 002.08274612
111 41.29521825 002.08286687
112 41.29521825 002.08286687 41.29549166 002.08271365 51 101
112 41.29573021 002.08311503 41.29580695 002.08332358
111 41.29573021 002.08311503
112 41.29573021 002.08311503 41.29565456 002.08285156 51 101
112 41.29591589 002.08244615 41.29607473 002.08234969
111 41.29591589 002.08244615
111 41.29611145 002.08232811
112 41.29611145 002.08232811 41.29628409 002.08223122 51 101
112 41.29659930 002.08255178 41.29668244 002.08279012
111 41.29659930 002.08255178
112 41.29659930 002.08255178 41.29652415 002.08230918 51 101
116 41.29677298 002.08192932 41.29691648 002.08183922
120 X D1
112 41.28915091 002.08884074 41.28923674 002.08907130 51 101
112 41.28967527 002.08912175 41.28987792 002.08899384
111 41.28967527 002.08912175
112 41.28967527 002.08912175 41.28947035 002.08925000 51 101
116 41.28950327 002.08987106 41.28960489 002.09016903
120 X E1
111 41.28833271 002.08642459 51 101
112 41.28847129 002.08664034 41.28855043 002.08671169
111 41.28847129 002.08664034
112 41.28847129 002.08664034 41.28848958 002.08665683 57 101
112 41.28853351 002.08668883 41.28855681 002.08670461
111 41.28853351 002.08668883
112 41.28853351 002.08668883 41.28865763 002.08677285 57 101
111 41.28885903 002.08670224 57 101
112 41.28863325 002.08711884 41.28861751 002.08740298
111 41.28863325 002.08711884
112 41.28863325 002.08711884 41.28862741 002.08725802 51 101
115 41.28866116 002.08739450
120 Linear Feature 15
111 41.28610950 002.07734903 51 101
111 41.28624386 002.07774105 51 101
111 41.28625461 002.07777242 51 101
111 41.28638132 002.07814210 51 101
111 41.28640246 002.07820380 51 101
111 41.28654960 002.07863310 51 101
111 41.28657011 002.07869292 101
111 41.28664578 002.07891372 51 101
115 41.28672065 002.07913215
120 X J9/10-PS
111 41.28587091 002.07665290 51 101
111 41.28590808 002.07676130 51 101
111 41.28606221 002.07721084 51 101
111 41.28609035 002.07729307 51 101
111 41.28610950 002.07734903
112 41.28610950 002.07734903 41.28603945 002.07713445 51 101
116 41.28577125 002.07711860 41.28561026 002.07720966
120 TWY J7
112 41.29249006 002.08451192 41.29241045 002.08455866 51 101
112 41.29215614 002.08453485 41.29202793 002.08447462
111 41.29215614 002.08453485 51 101
112 41.29210855 002.08451317 41.29198034 002.08445294
111 41.29210855 002.08451317 51 101
112 41.29161132 002.08428666 41.29148311 002.08422643
111 41.29161132 002.08428666 51 101
112 41.29070653 002.08387449 41.29057832 002.08381426
111 41.29070653 002.08387449 51 101
111 41.28990377 002.08350880 51 101
111 41.28963669 002.08338714 51 101
111 41.28906645 002.08312737 51 101
111 41.28742511 002.08237967 101
111 41.28736943 002.08235401
112 41.28736943 002.08235401 41.28734932 002.08234464 51 101
112 41.28730353 002.08233396 41.28727995 002.08232984
111 41.28730353 002.08233396
112 41.28730353 002.08233396 41.28729875 002.08233312 101
112 41.28728901 002.08233179 41.28728411 002.08233117
111 41.28728901 002.08233179
112 41.28728901 002.08233179 41.28728166 002.08233086 51 101
112 41.28725681 002.08232904 41.28724923 002.08232863
111 41.28725681 002.08232904
112 41.28725681 002.08232904 41.28723444 002.08232783 101
112 41.28719116 002.08233524 41.28716727 002.08233857
111 41.28719116 002.08233524
112 41.28719116 002.08233524 41.28711519 002.08234582 51 101
112 41.28696487 002.08243822 41.28689033 002.08249889
111 41.28696487 002.08243822
112 41.28696487 002.08243822 41.28674382 002.08262634 51 105
115 41.28670800 002.08297806
120 X J7/8-LS
111 41.28802528 002.08210458 51 101
112 41.28791444 002.08238011 41.28792298 002.08255651 51 101
111 41.28803159 002.08265573 51 101
112 41.28785447 002.08250597 41.28776826 002.08240762 51 101
111 41.28771251 002.08229221 51 101
111 41.28756044 002.08185995 51 101
112 41.28776121 002.08209643 41.28789574 002.08216704
111 41.28776121 002.08209643
112 41.28776121 002.08209643 41.28783146 002.08213330 51 101
112 41.28795014 002.08212603 41.28799993 002.08211818
111 41.28795014 002.08212603
112 41.28795014 002.08212603 41.28797407 002.08212226 101
112 41.28800674 002.08211194 41.28801988 002.08210736
111 41.28800674 002.08211194
114 41.28800674 002.08211194 41.28801861 002.08210780 51 101
120 TWY J8
112 41.28706150 002.07898703 41.28709658 002.07913167 51 101
112 41.28706722 002.07924449 41.28706621 002.07924873
111 41.28706722 002.07924449
112 41.28706722 002.07924449 41.28706074 002.07927184 101
112 41.28704553 002.07931244 41.28703787 002.07933064
111 41.28704553 002.07931244
112 41.28704553 002.07931244 41.28702236 002.07936745 51 101
111 41.28699800 002.07938424
111 41.28687629 002.07945989 51 101
112 41.28683107 002.07957832 41.28682386 002.07962985 51 101
112 41.28684483 002.07976616 41.28686689 002.07984817
111 41.28684483 002.07976616
112 41.28684483 002.07976616 41.28684904 002.07978178 51 101
112 41.28685998 002.07981455 41.28686589 002.07983120
111 41.28685998 002.07981455 51 101
111 41.28688771 002.07989551 51 101
111 41.28692811 002.08001349 101
111 41.28694618 002.08006626 51 101
111 41.28699288 002.08020262 101
111 41.28701791 002.08027572 51 101
111 41.28714902 002.08065856 51 101
111 41.28739612 002.08138012 51 101
111 41.28756044 002.08185995
112 41.28756044 002.08185995 41.28760592 002.08200243 51 101
112 41.28741417 002.08229365 41.28727396 002.08237960
111 41.28741417 002.08229365
112 41.28741417 002.08229365 41.28738765 002.08231145 101
112 41.28736182 002.08232768 41.28734523 002.08233647
111 41.28736182 002.08232768
112 41.28736182 002.08232768 41.28732223 002.08235419 51 101
112 41.28726478 002.08234936 41.28723096 002.08235871
111 41.28726478 002.08234936
112 41.28726478 002.08234936 41.28724027 002.08235618 101
112 41.28719739 002.08238064 41.28716991 002.08239782
111 41.28719739 002.08238064
112 41.28719739 002.08238064 41.28716381 002.08240163 51 101
112 41.28709850 002.08252911 41.28706744 002.08261642
111 41.28709850 002.08252911
112 41.28709850 002.08252911 41.28706206 002.08269791 57 105
115 41.28709409 002.08281605
120 TWY J10
112 41.28513098 002.07708650 41.28518492 002.07720734 51 101
112 41.28548895 002.07728298 41.28565925 002.07723244
111 41.28548895 002.07728298 51 101
111 41.28577125 002.07711860
112 41.28577125 002.07711860 41.28595040 002.07701725 51 101
112 41.28587091 002.07665290 41.28581170 002.07648811
111 41.28587091 002.07665290 51 101
111 41.28584979 002.07659129 101
111 41.28582680 002.07652421 51 101
111 41.28581973 002.07650357 51 101
111 41.28566558 002.07605381 51 101
111 41.28551650 002.07561886 51 101
111 41.28543335 002.07537626 51 101
111 41.28539167 002.07525465 51 101
111 41.28528258 002.07493636 51 101
111 41.28527350 002.07490988 51 101
111 41.28520822 002.07471941 51 101
111 41.28512792 002.07448510 51 101
111 41.28506873 002.07431243 51 101
111 41.28500388 002.07412320 51 101
111 41.28492754 002.07390047 51 101
111 41.28481416 002.07356966 51 101
115 41.28476007 002.07341184
120 K1/k10
111 41.28477267 002.07603880 101
111 41.28480013 002.07611910 51 101
111 41.28513098 002.07708650 51 101
111 41.28536701 002.07777664 51 101
111 41.28563971 002.07857400 51 101
111 41.28597293 002.07954834 51 101
111 41.28623097 002.08029397 51 101
111 41.28627967 002.08043469 51 101
111 41.28700420 002.08255322 57 105
111 41.28709409 002.08281605 57 105
111 41.28716915 002.08304608 105
111 41.28718516 002.08309290 51 105
111 41.28771692 002.08464778 51 101
111 41.28832082 002.08639028 101
111 41.28832834 002.08641198 51 101
111 41.28833271 002.08642459 57 101
111 41.28850010 002.08691888 51 101
111 41.28866116 002.08739450 51 101
111 41.28915091 002.08884074 51 101
111 41.28950327 002.08987106 51 101
111 41.29023471 002.09200979 51 101
111 41.29137492 002.09532631 51 101
111 41.29265399 002.09904675 101
111 41.29267509 002.09910813 51 101
115 41.29268537 002.09913803
120 Exit UB
111 41.30462837 002.09251881 51 105
111 41.30515816 002.09276017
112 41.30515816 002.09276017 41.30548315 002.09291144 51 105
112 41.30595993 002.09260555 41.30613558 002.09242452
111 41.30595993 002.09260555 51 105
111 41.30638274 002.09213135 105
111 41.30639980 002.09211222 57 105
111 41.30660556 002.09188144 51 105
111 41.30668890 002.09178797 51 105
112 41.30685307 002.09130107 41.30685412 002.09095999 51 105
115 41.30655899 002.09076893
120 Exit ZA-T3
111 41.30500527 002.09437427 51 105
112 41.30503040 002.09475726 41.30499269 002.09494423 51 105
112 41.30484238 002.09507563 41.30478274 002.09510949
111 41.30484238 002.09507563 51 105
111 41.30435199 002.09536496
112 41.30435199 002.09536496 41.30421634 002.09544992 51 105
112 41.30393982 002.09532008 41.30384974 002.09523103
111 41.30393982 002.09532008 51 105
111 41.30322247 002.09463840 51 105
112 41.30267089 002.09395104 41.30239330 002.09354794
111 41.30267089 002.09395104
112 41.30267089 002.09395104 41.30213888 002.09319012 51 105
112 41.30166495 002.09182503 41.30139694 002.09104989
111 41.30166495 002.09182503 51 105
115 41.30148253 002.09129282
120 Exit BA-A
111 41.30359988 002.08905429 51 105
111 41.30353588 002.08909571 51 105
112 41.30334755 002.08917721 41.30324013 002.08920338
111 41.30334755 002.08917721
112 41.30334755 002.08917721 41.30324944 002.08920112 51 105
112 41.30304622 002.08914906 41.30296422 002.08909947
111 41.30304622 002.08914906
112 41.30304622 002.08914906 41.30300629 002.08913209 51 105
112 41.30255974 002.08891378 41.30243236 002.08885142
111 41.30255974 002.08891378
112 41.30255974 002.08891378 41.30252747 002.08889798 105
111 41.30250751 002.08888819 51 105
112 41.30175936 002.08847254 41.30158015 002.08835308
111 41.30175936 002.08847254
112 41.30175936 002.08847254 41.30106015 002.08797226 51 105
112 41.30030584 002.08705436 41.29987643 002.08650070
111 41.30030584 002.08705436
112 41.30030584 002.08705436 41.30009465 002.08678282 51 105
112 41.29968457 002.08606168 41.29959049 002.08578515
111 41.29968457 002.08606168 51 105
115 41.29948933 002.08549199
120 BA-T5
111 41.30291153 002.08826786 51 105
112 41.30285803 002.08873474 41.30272687 002.08893547
111 41.30285803 002.08873474
112 41.30285803 002.08873474 41.30276812 002.08887234 51 105
112 41.30256303 002.08889303 41.30248930 002.08889267
111 41.30256303 002.08889303
112 41.30256303 002.08889303 41.30252920 002.08889287 105
115 41.30250751 002.08888819
120 Exit CA-T6
111 41.30121042 002.08494974 51 105
111 41.30088543 002.08514362
112 41.30088543 002.08514362 41.30079380 002.08520101 51 105
112 41.30057240 002.08514302 41.30047428 002.08509989
111 41.30057240 002.08514302
112 41.30057240 002.08514302 41.30055310 002.08513453 105
112 41.30051785 002.08511462 41.30050093 002.08510428
111 41.30051785 002.08511462
112 41.30051785 002.08511462 41.30049345 002.08509971 51 105
112 41.30045471 002.08506616 41.30043745 002.08504910
111 41.30045471 002.08506616 51 105
111 41.29980327 002.08448514 51 105
112 41.29917173 002.08372345 41.29888710 002.08331801
111 41.29917173 002.08372345
112 41.29917173 002.08372345 41.29887241 002.08329048 51 105
112 41.29841467 002.08231918 41.29830852 002.08200824
111 41.29841467 002.08231918 51 105
115 41.29823277 002.08180335
120 Exit CB-C/T5/T6
112 41.30088543 002.08514362 41.30079284 002.08520160 51 105
112 41.30068308 002.08543772 41.30064336 002.08555925
111 41.30068308 002.08543772
112 41.30068308 002.08543772 41.30067548 002.08546098 105
112 41.30066366 002.08550792 41.30065833 002.08553134
111 41.30066366 002.08550792
112 41.30066366 002.08550792 41.30065604 002.08554141 51 105
112 41.30064811 002.08560680 41.30064542 002.08563889
111 41.30064811 002.08560680 51 105
111 41.30055656 002.08664702
112 41.30055656 002.08664702 41.30054092 002.08685475 51 105
112 41.30056771 002.08781444 41.30060485 002.08837941
111 41.30056771 002.08781444
112 41.30056771 002.08781444 41.30062150 002.08837554 51 105
112 41.30095112 002.08974482 41.30120313 002.09049862
111 41.30095112 002.08974482 51 105
115 41.30120947 002.09050568
120 Exit EB-E/T7/T8
111 41.29964571 002.08038687 51 105
112 41.29943805 002.08079631 41.29941712 002.08110079
111 41.29943805 002.08079631 51 105
111 41.29942725 002.08094792 105
111 41.29942195 002.08102018 51 105
111 41.29928457 002.08293055
112 41.29928457 002.08293055 41.29926190 002.08321620 51 105
112 41.29929572 002.08409798 41.29933286 002.08466295
111 41.29929572 002.08409798
112 41.29929572 002.08409798 41.29934951 002.08471293 51 105
112 41.29967913 002.08602835 41.29993114 002.08678215
111 41.29967913 002.08602835 51 105
115 41.29993748 002.08678921
120 Exit GA-T9
111 41.29816871 002.07606190 51 105
111 41.29781464 002.07627427
112 41.29781464 002.07627427 41.29770049 002.07634978 51 105
112 41.29758367 002.07674910 41.29756484 002.07695834
111 41.29758367 002.07674910 51 105
111 41.29751092 002.07779481
112 41.29751092 002.07779481 41.29750107 002.07794330 51 105
112 41.29751735 002.07889199 41.29755449 002.07945696
111 41.29751735 002.07889199
112 41.29751735 002.07889199 41.29757964 002.07956999 51 105
112 41.29796974 002.08103937 41.29824158 002.08183465
111 41.29796974 002.08103937 51 105
115 41.29823277 002.08180335
120 Exit KA
111 41.29403393 002.06515507 51 105
112 41.29377650 002.06563998 41.29376525 002.06594594
111 41.29377650 002.06563998 51 105
111 41.29376498 002.06580070 105
111 41.29375906 002.06588338 51 105
111 41.29372889 002.06630426
112 41.29372889 002.06630426 41.29371053 002.06658308 51 105
112 41.29370849 002.06776368 41.29374805 002.06836870
111 41.29370849 002.06776368
112 41.29370849 002.06776368 41.29376682 002.06844344 51 105
112 41.29415844 002.06991107 41.29443029 002.07070635
111 41.29415844 002.06991107 51 105
115 41.29442448 002.07068426
120 Exit R1-N4
111 41.30052631 002.09402839 51 105
112 41.30072105 002.09425495 41.30085550 002.09433031 51 105
111 41.30100550 002.09427854 105
112 41.30105445 002.09424932 41.30108356 002.09422925
111 41.30105445 002.09424932
112 41.30105445 002.09424932 41.30109017 002.09422470 51 105
112 41.30118387 002.09412295 41.30122792 002.09406224
111 41.30118387 002.09412295
112 41.30118387 002.09412295 41.30122412 002.09406813 51 105
112 41.30128500 002.09373036 41.30129638 002.09349206 51 105
112 41.30134451 002.09241056 41.30133763 002.09187592
111 41.30134451 002.09241056
112 41.30134451 002.09241056 41.30134310 002.09168647 51 105
112 41.30117982 002.09046820 41.30107366 002.09015725
111 41.30117982 002.09046820 51 105
115 41.30100049 002.08994894
120 Exit R2-N5
112 41.29834480 002.08764282 41.29852320 002.08817298 51 105
112 41.29912900 002.08750488 41.29917547 002.08695095
111 41.29912900 002.08750488 51 105
111 41.29918663 002.08670796
112 41.29918663 002.08670796 41.29920067 002.08643994 51 105
112 41.29918130 002.08545690 41.29914932 002.08492597
111 41.29918130 002.08545690
112 41.29918130 002.08545690 41.29913937 002.08472035 51 105
112 41.29882126 002.08359524 41.29871511 002.08328429
111 41.29882126 002.08359524 51 105
115 41.29852861 002.08274037
120 Exit R4-N6
112 41.29724555 002.08443669 41.29742608 002.08497536 51 105
112 41.29801039 002.08425674 41.29804835 002.08375381
111 41.29801039 002.08425674 51 105
111 41.29806595 002.08345478
112 41.29806595 002.08345478 41.29808528 002.08315632 51 105
112 41.29806130 002.08219958 41.29802932 002.08166867
111 41.29806130 002.08219958
112 41.29806130 002.08219958 41.29801937 002.08146305 51 105
112 41.29770667 002.08034491 41.29760051 002.08003396
111 41.29770667 002.08034491 51 105
115 41.29741402 002.07949004
120 R1-M4 (Q5)
111 41.30027251 002.09472533 51 105
111 41.30034764 002.09467928 51 105
115 41.30100550 002.09427854
120 Exit R6-N8
112 41.29535751 002.07892991 41.29522990 002.07849817 51 105
112 41.29595942 002.07831881 41.29625870 002.07860505
111 41.29595942 002.07831881 51 105
111 41.29654361 002.07886823
112 41.29654361 002.07886823 41.29678173 002.07910545 51 105
112 41.29718284 002.07963715 41.29744488 002.08000886
111 41.29718284 002.07963715
112 41.29718284 002.07963715 41.29738781 002.07992468 51 105
112 41.29803907 002.08130087 41.29831091 002.08209615
111 41.29803907 002.08130087 51 105
115 41.29829742 002.08206174
120 R6-FS-N9
111 41.29470065 002.07816436 51 105
111 41.29476725 002.07812614 51 105
111 41.29496760 002.07801116
112 41.29496760 002.07801116 41.29521808 002.07787153 51 105
112 41.29572000 002.07809002 41.29595954 002.07831442
111 41.29572000 002.07809002
111 41.29595942 002.07831881 51 105
111 41.29575985 002.07812810 105
111 41.29572000 002.07809002 51 105
111 41.29485403 002.07726250
112 41.29485403 002.07726250 41.29477375 002.07718239 51 105
116 41.29471657 002.07706052 41.29467458 002.07693980
120 Exit R5-N6
112 41.29677298 002.08192932 41.29680641 002.08191183 51 105
112 41.29695717 002.08190405 41.29702608 002.08191680
111 41.29695717 002.08190405
112 41.29695717 002.08190405 41.29703335 002.08191815 51 105
112 41.29710452 002.08197364 41.29711327 002.08198028
111 41.29710452 002.08197364
112 41.29710452 002.08197364 41.29712102 002.08198616 105
112 41.29714921 002.08200983 41.29715862 002.08201878
111 41.29714921 002.08200983 51 105
111 41.29783508 002.08265859
112 41.29783508 002.08265859 41.29807319 002.08289581 51 105
112 41.29848115 002.08342295 41.29874320 002.08379465
111 41.29848115 002.08342295
112 41.29848115 002.08342295 41.29868613 002.08371048 51 105
112 41.29933053 002.08509123 41.29960238 002.08588651
111 41.29933053 002.08509123 51 105
115 41.29959738 002.08588226
120 R5-N7
111 41.29714921 002.08200983 105
111 41.29710624 002.08196914 51 105
111 41.29615086 002.08106466
112 41.29615086 002.08106466 41.29610458 002.08101849 51 105
116 41.29603142 002.08089549 41.29600491 002.08082607
120 Exit R3-N6
112 41.29713899 002.08412590 41.29717810 002.08423840 51 105
112 41.29728800 002.08434581 41.29734384 002.08439610
111 41.29728800 002.08434581 51 105
111 41.29813523 002.08514736 105
111 41.29819494 002.08520305 51 105
111 41.29896408 002.08593004
112 41.29896408 002.08593004 41.29920220 002.08616726 51 105
112 41.29960748 002.08670375 41.29986952 002.08707545
111 41.29960748 002.08670375
112 41.29960748 002.08670375 41.29981245 002.08699128 51 105
112 41.30045519 002.08837882 41.30072703 002.08917410
111 41.30045519 002.08837882 51 105
115 41.30072487 002.08916985
120 Exit G4-K2
112 41.29269701 002.09917403 41.29280104 002.09960412 51 105
112 41.29207369 002.09975803 41.29175388 002.09946511
111 41.29207369 002.09975803 51 105
111 41.29145238 002.09916651
112 41.29145238 002.09916651 41.29135872 002.09906991 51 105
112 41.29087251 002.09844652 41.29051578 002.09792207
111 41.29087251 002.09844652
112 41.29087251 002.09844652 41.29050333 002.09794967 51 105
112 41.28992449 002.09655213 41.28969053 002.09587615
111 41.28992449 002.09655213 51 105
115 41.28974420 002.09602558
120 Exit G5-K3
111 41.29137492 002.09532631 51 105
112 41.29125466 002.09592645 41.29103247 002.09620525
111 41.29125466 002.09592645
112 41.29125466 002.09592645 41.29099776 002.09617346 51 105
111 41.29076715 002.09594286 51 105
111 41.29015488 002.09536352
112 41.29015488 002.09536352 41.28998653 002.09517779 51 105
112 41.28957502 002.09464353 41.28920283 002.09411908
111 41.28957502 002.09464353
112 41.28957502 002.09464353 41.28920584 002.09414668 51 105
112 41.28862700 002.09274914 41.28839304 002.09207316
111 41.28862700 002.09274914 51 105
115 41.28844670 002.09222259
120 Exit G6-K4
112 41.29023471 002.09200979 41.29042910 002.09261629 51 105
112 41.28963201 002.09266725 41.28931518 002.09236526
111 41.28963201 002.09266725 51 105
111 41.28902788 002.09208909
112 41.28902788 002.09208909 41.28887898 002.09191509 51 105
112 41.28844220 002.09137877 41.28805494 002.09085819
111 41.28844220 002.09137877
112 41.28844220 002.09137877 41.28807303 002.09088192 51 105
112 41.28750701 002.08947673 41.28727305 002.08880076
111 41.28750701 002.08947673 51 105
115 41.28732616 002.08894547
120 Exit G7-K7
111 41.28664248 002.08389764 51 105
111 41.28658142 002.08470567
112 41.28658142 002.08470567 41.28656577 002.08491340 51 105
112 41.28658006 002.08594147 41.28661720 002.08650644
111 41.28658006 002.08594147
112 41.28658006 002.08594147 41.28663386 002.08650257 51 105
112 41.28697648 002.08792389 41.28724832 002.08871917
111 41.28697648 002.08792389 51 105
115 41.28723349 002.08867925
120 Exit G7/K8
111 41.28664248 002.08389764 51 105
111 41.28666180 002.08362535 105
111 41.28666761 002.08354351 51 105
112 41.28670800 002.08297806 41.28672243 002.08277695
111 41.28670800 002.08297806
112 41.28670800 002.08297806 41.28673762 002.08256529 51 105
112 41.28677423 002.08208088 41.28678093 002.08200774
111 41.28677423 002.08208088
112 41.28677423 002.08208088 41.28678839 002.08192644 51 105
115 41.28675542 002.08182698
120 Exit G8-K8
112 41.28627967 002.08043469 41.28618227 002.08020439 51 105
112 41.28579851 002.08018736 41.28562300 002.08026236
111 41.28579851 002.08018736
112 41.28579851 002.08018736 41.28566253 002.08024547 51 105
112 41.28552374 002.08064522 41.28549806 002.08088293
111 41.28552374 002.08064522 51 105
111 41.28546444 002.08144649
112 41.28546444 002.08144649 41.28544879 002.08165422 51 105
112 41.28546686 002.08266861 41.28550400 002.08323358
111 41.28546686 002.08266861
112 41.28546686 002.08266861 41.28552065 002.08322971 51 105
112 41.28584539 002.08461371 41.28611723 002.08540899
111 41.28584539 002.08461371 51 105
115 41.28612048 002.08542176
120 Exit G8-K9
111 41.28552374 002.08064522 51 105
111 41.28555128 002.08026691 105
111 41.28555758 002.08018040 51 105
111 41.28565292 002.07887114 51 105
116 41.28563971 002.07857400 41.28560265 002.07844373
120 KB - RWY 07L
111 41.29520191 002.06444148 51 101
111 41.29509037 002.06450963 51 101
111 41.29438009 002.06494358 51 101
111 41.29430281 002.06499080 101
111 41.29424079 002.06502869 51 101
111 41.29403393 002.06515507 57 105
111 41.29365491 002.06538116 101
111 41.29364135 002.06538925 51 105
111 41.29314817 002.06568344
112 41.29314817 002.06568344 41.29293852 002.06580787 51 105
112 41.29296064 002.06641394 41.29305413 002.06670051
111 41.29296064 002.06641394 51 105
115 41.29322129 002.06718315
120 U3L-RWY 20
111 41.30835031 002.09158662 51 101
112 41.30851901 002.09173147 41.30859971 002.09182553
111 41.30851901 002.09173147
112 41.30851901 002.09173147 41.30857535 002.09179714 51 101
112 41.30865182 002.09197334 41.30867861 002.09204776
111 41.30865182 002.09197334 51 101
111 41.30894893 002.09284060 57 101
111 41.30911912 002.09333739 101
111 41.30912715 002.09336081 51 105
111 41.30929202 002.09384208
112 41.30929202 002.09384208 41.30933129 002.09394534 51 105
112 41.30922625 002.09434161 41.30912758 002.09448264
111 41.30922625 002.09434161
112 41.30922625 002.09434161 41.30921887 002.09435216 51 105
112 41.30920254 002.09437123 41.30919411 002.09438039
111 41.30920254 002.09437123
112 41.30920254 002.09437123 41.30909336 002.09448983 51 105
111 41.30887417 002.09445980 51 105
115 41.30835758 002.09422890
120 TWY S-Y1/Z1-M
112 41.30628776 002.09581335 41.30636897 002.09612032 51 101
112 41.30608096 002.09648184 41.30590650 002.09658635
111 41.30608096 002.09648184 51 101
112 41.30543673 002.09688137 41.30526227 002.09698588
111 41.30543673 002.09688137 51 101
111 41.30539432 002.09690586 51 105
111 41.30525912 002.09698634 105
111 41.30521629 002.09701185 51 105
111 41.30519688 002.09702340 105
111 41.30518784 002.09702879 51 105
111 41.30502623 002.09712500 57 105
111 41.30466237 002.09734162 105
111 41.30462702 002.09736267 57 105
111 41.30459515 002.09738164 105
111 41.30458458 002.09738793 51 105
111 41.30406038 002.09770294 51 105
111 41.30340432 002.09809719 51 105
111 41.30286284 002.09842257 101
111 41.30285316 002.09842849 57 105
111 41.30246335 002.09866563 51 101
111 41.30164806 002.09915881
112 41.30164806 002.09915881 41.30147486 002.09925749 51 101
116 41.30113054 002.09888830 41.30102489 002.09859587
120 Z1-T
112 41.30564568 002.09624587 41.30570479 002.09648236 51 101
116 41.30543673 002.09688137 41.30524808 002.09701529
120 Y1/N
112 41.30201887 002.09838519 41.30206074 002.09848179 51 101
112 41.30217644 002.09859707 41.30223690 002.09864298
111 41.30217644 002.09859707
112 41.30217644 002.09859707 41.30218438 002.09860310 101
112 41.30220051 002.09861395 41.30220861 002.09861918
111 41.30220051 002.09861395
112 41.30220051 002.09861395 41.30231052 002.09868492 51 101
112 41.30252399 002.09862860 41.30261423 002.09857444
111 41.30252399 002.09862860
112 41.30252399 002.09862860 41.30243570 002.09868212 51 101
112 41.30232216 002.09896653 41.30229020 002.09912469
111 41.30232216 002.09896653
112 41.30232216 002.09896653 41.30232030 002.09897574 101
112 41.30231709 002.09899449 41.30231557 002.09900391
111 41.30231709 002.09899449
112 41.30231709 002.09899449 41.30230091 002.09909499 51 101
116 41.30233925 002.09932039 41.30237363 002.09943389
120 Y1/M2
112 41.30164806 002.09915881 41.30146934 002.09926277 51 101
116 41.30144702 002.09981511 41.30152977 002.10010130
120 TWY S-Y2/Z2-M
112 41.30653619 002.09653950 41.30659470 002.09692837 51 101
112 41.30632933 002.09721626 41.30615487 002.09732077
111 41.30632933 002.09721626 51 101
111 41.30564222 002.09763073 51 105
111 41.30550660 002.09771157 105
111 41.30546347 002.09773728 51 105
111 41.30544569 002.09774788 105
111 41.30543509 002.09775420 51 105
111 41.30527337 002.09785059 57 105
111 41.30490998 002.09806720 105
111 41.30487422 002.09808851 57 105
111 41.30484692 002.09810478 105
111 41.30483629 002.09811112 51 105
111 41.30433684 002.09840883 51 105
112 41.30409199 002.09843400 41.30393541 002.09840822 51 105
111 41.30384025 002.09818622 51 105
115 41.30376075 002.09795502
120 Z2-T
112 41.30588021 002.09693127 41.30595593 002.09721348 51 101
116 41.30564222 002.09763073 41.30542721 002.09775963
120 S/Z2-T
112 41.30632933 002.09721626 41.30617589 002.09730840 51 101
116 41.30615551 002.09773584 41.30619955 002.09795236
120 TWY S-Y3/Z3-M
112 41.30678650 002.09727118 41.30685601 002.09759372 51 101
112 41.30657952 002.09793203 41.30640506 002.09803654
111 41.30657952 002.09793203 51 101
111 41.30588932 002.09835327 51 105
111 41.30575543 002.09843244 105
111 41.30570932 002.09845971 51 105
111 41.30569250 002.09846965 105
111 41.30568231 002.09847567 51 105
111 41.30552091 002.09857111 57 105
111 41.30515641 002.09878663 105
111 41.30512029 002.09880799 57 105
111 41.30509698 002.09882177 105
111 41.30508507 002.09882889 51 105
111 41.30455957 002.09914741 51 105
111 41.30387930 002.09955974 51 105
111 41.30336860 002.09986929 105
111 41.30335976 002.09987463 57 105
111 41.30301243 002.10008377 51 101
111 41.30214401 002.10060668
112 41.30214401 002.10060668 41.30196529 002.10071064 51 101
116 41.30164102 002.10038218 41.30152625 002.10014818
120 Z3-T
112 41.30613202 002.09766720 41.30620319 002.09795733 51 101
116 41.30588932 002.09835327 41.30567431 002.09848217
120 Q1/N
111 41.30378361 002.10353646 51 101
112 41.30398470 002.10377755 41.30411275 002.10384641 51 101
115 41.30428769 002.10377975
120 Y3/N
112 41.30251667 002.09983826 41.30255603 002.09993346 51 101
112 41.30267221 002.10004708 41.30273344 002.10009227
111 41.30267221 002.10004708
112 41.30267221 002.10004708 41.30267822 002.10005152 101
112 41.30269041 002.10005972 41.30269653 002.10006371
111 41.30269041 002.10005972
112 41.30269041 002.10005972 41.30279782 002.10012973 51 101
112 41.30301243 002.10008377 41.30310379 002.10003576
111 41.30301243 002.10008377
112 41.30301243 002.10008377 41.30292739 002.10015967 51 101
112 41.30281455 002.10042249 41.30278372 002.10057306
111 41.30281455 002.10042249
112 41.30281455 002.10042249 41.30281295 002.10043031 101
112 41.30281016 002.10044628 41.30280884 002.10045431
111 41.30281016 002.10044628
112 41.30281016 002.10044628 41.30279593 002.10053294 51 101
116 41.30282658 002.10074289 41.30285459 002.10085408
120 Y3/M2
112 41.30214401 002.10060668 41.30196529 002.10071064 51 101
116 41.30194573 002.10127286 41.30202297 002.10156150
120 TWY T-S1
111 41.30339224 002.08966018 51 101
111 41.30363672 002.09037466 57 101
111 41.30382013 002.09091068 101
111 41.30382847 002.09093507 51 101
111 41.30482752 002.09385479 101
111 41.30483601 002.09387961 57 101
111 41.30499768 002.09435208 51 101
111 41.30500527 002.09437427 51 101
111 41.30564568 002.09624587 51 101
111 41.30588021 002.09693127 51 101
111 41.30613202 002.09766720 51 101
111 41.30615551 002.09773584 51 101
111 41.30764429 002.10208681 101
111 41.30769233 002.10222721 51 101
111 41.30798389 002.10307930
112 41.30798389 002.10307930 41.30806821 002.10333864 51 101
116 41.30780807 002.10375995 41.30764065 002.10386333
120 TWY Q1
111 41.30290787 002.10408467 51 101
112 41.30312100 002.10431685 41.30326957 002.10439948 51 101
111 41.30340945 002.10430768 51 101
111 41.30428769 002.10377975 57 105
111 41.30461833 002.10357915 105
111 41.30462589 002.10357457 51 105
111 41.30515921 002.10325174
112 41.30515921 002.10325174 41.30532029 002.10313328 51 105
116 41.30530472 002.10250057 41.30518457 002.10215030
120 TWY N-M1
111 41.29077633 002.06556818 51 101
111 41.29164358 002.06809766 51 101
111 41.29186827 002.06875299 51 101
111 41.29231945 002.07006893 51 101
111 41.29253604 002.07070066 51 101
111 41.29276993 002.07138284 51 101
111 41.29284428 002.07159967 51 101
111 41.29302774 002.07213476 51 101
111 41.29308447 002.07230023 51 101
111 41.29333423 002.07302871 51 101
111 41.29354700 002.07364928 51 101
111 41.29396154 002.07485835 51 101
111 41.29418205 002.07550151 51 101
111 41.29446956 002.07634008 51 101
111 41.29471657 002.07706052 51 101
111 41.29492098 002.07765672 51 101
111 41.29514210 002.07830165 51 101
111 41.29535751 002.07892991 51 101
111 41.29558291 002.07958735 51 101
111 41.29580636 002.08023906 51 101
111 41.29603142 002.08089549 51 101
111 41.29628563 002.08163691 51 101
111 41.29659930 002.08255178 51 101
111 41.29713899 002.08412590 51 101
111 41.29724555 002.08443669 51 101
111 41.29743900 002.08500090 51 101
111 41.29834480 002.08764282 51 101
111 41.29843453 002.08791052 57 101
111 41.29861973 002.08846308 101
111 41.29862439 002.08847670 51 101
111 41.29969614 002.09160514 101
111 41.29970096 002.09161919 57 101
111 41.29987548 002.09212860 51 101
111 41.30052631 002.09402839 51 101
111 41.30082883 002.09491146 51 101
111 41.30201887 002.09838519 51 101
111 41.30233925 002.09932039 51 101
111 41.30251667 002.09983826 51 101
111 41.30282658 002.10074289 51 101
111 41.30378361 002.10353646 51 101
111 41.30407675 002.10439213 51 101
111 41.30421012 002.10478144 101
111 41.30425940 002.10492676 51 101
111 41.30435191 002.10519950 51 101
112 41.30442486 002.10536559 41.30447153 002.10544832
111 41.30442486 002.10536559
112 41.30442486 002.10536559 41.30445236 002.10540875 57 105
112 41.30453385 002.10548130 41.30457249 002.10551750
111 41.30453385 002.10548130
112 41.30453385 002.10548130 41.30458888 002.10553285 57 105
112 41.30472677 002.10555338 41.30478236 002.10555052
111 41.30472677 002.10555338
112 41.30472677 002.10555338 41.30474145 002.10555262 105
112 41.30478713 002.10554692 41.30480222 002.10554423
111 41.30478713 002.10554692
112 41.30478713 002.10554692 41.30479418 002.10554566 57 105
112 41.30481090 002.10554101 41.30481958 002.10553839
111 41.30481090 002.10554101
112 41.30481090 002.10554101 41.30481655 002.10553931 105
112 41.30482854 002.10553524 41.30483462 002.10553313
111 41.30482854 002.10553524
112 41.30482854 002.10553524 41.30488621 002.10551513 51 105
115 41.30495878 002.10547887
120 TWY N1
111 41.30319478 002.10491894 51 101
112 41.30342075 002.10518848 41.30356746 002.10524154 51 101
111 41.30370227 002.10518306 51 101
111 41.30420736 002.10487664 101
111 41.30426972 002.10483881 51 101
111 41.30455394 002.10466880
112 41.30455394 002.10466880 41.30448149 002.10471595 51 101
112 41.30433673 002.10491706 41.30430723 002.10503055
111 41.30433673 002.10491706
112 41.30433673 002.10491706 41.30430355 002.10504131 51 101
115 41.30435191 002.10519950
120 K1/Hold G1
112 41.29206097 002.10277772 41.29215561 002.10306175 51 105
112 41.29248447 002.10317274 41.29267753 002.10315709
111 41.29248447 002.10317274
112 41.29248447 002.10317274 41.29253181 002.10317095 51 105
112 41.29261256 002.10313187 41.29264402 002.10311413
111 41.29261256 002.10313187 51 105
111 41.29310816 002.10282686 105
111 41.29313652 002.10280941 57 105
111 41.29337887 002.10266521 51 101
112 41.29349520 002.10255885 41.29355832 002.10248730
111 41.29349520 002.10255885
112 41.29349520 002.10255885 41.29356305 002.10248193 51 101
112 41.29367929 002.10219835 41.29371624 002.10203413
111 41.29367929 002.10219835
112 41.29367929 002.10219835 41.29375060 002.10188137 51 101
111 41.29366948 002.10165369 51 101
111 41.29325982 002.10045772 51 101
111 41.29294557 002.09954027 51 101
112 41.29279661 002.09931350 41.29269068 002.09923031
111 41.29279661 002.09931350
112 41.29279661 002.09931350 41.29273279 002.09925483 51 101
115 41.29269701 002.09917403
120 Hold G2-25L
112 41.29325982 002.10045772 41.29331146 002.10065514 51 101
111 41.29327296 002.10078650 51 101
111 41.29315614 002.10120412 51 101
111 41.29306306 002.10152268 57 105
111 41.29292466 002.10201900 105
111 41.29291982 002.10203633 51 105
111 41.29270728 002.10278273
112 41.29270728 002.10278273 41.29266034 002.10294676 51 105
112 41.29244241 002.10305275 41.29235820 002.10306950
111 41.29244241 002.10305275
112 41.29244241 002.10305275 41.29231949 002.10308007 51 105
116 41.29206097 002.10277772 41.29199670 002.10258730
120 Hold G3-25L
112 41.29205211 002.10274921 41.29209670 002.10291959 51 105
112 41.29239293 002.10291546 41.29249026 002.10286588
111 41.29239293 002.10291546
112 41.29239293 002.10291546 41.29248673 002.10287055 51 105
112 41.29253801 002.10244060 41.29245896 002.10219271
111 41.29253801 002.10244060 51 105
111 41.29237428 002.10195567
112 41.29237428 002.10195567 41.29233175 002.10180673 51 105
112 41.29236099 002.10156353 41.29239009 002.10143345
111 41.29236099 002.10156353 51 105
111 41.29254756 002.10091838 105
111 41.29255440 002.10089424 57 105
111 41.29269456 002.10039941 51 101
112 41.29283011 002.09992090 41.29289014 002.09971027 51 101
111 41.29281727 002.09952042 51 101
115 41.29269701 002.09917403
120 SH N2
111 41.30306214 002.10080721 8
115 41.30270722 002.10101836
120 SH N2
111 41.30389996 002.10326084 8
115 41.30354894 002.10347259
120 SH M2
111 41.30216764 002.10134589 8
115 41.30190767 002.10149923
120 SH N3
111 41.30107499 002.09498734 8
115 41.30071746 002.09520215
120 SH N3
111 41.30213715 002.09811556 8
115 41.30178831 002.09832301
120 SH M3
111 41.30016898 002.09553398 8
115 41.29991324 002.09569084
120 SH M3
111 41.30124872 002.09865582 8
115 41.30098672 002.09880356
120 SH N5
111 41.29767878 002.08505952 8
115 41.29731568 002.08527322
120 SH N4
111 41.30064520 002.09374426 8
115 41.30029613 002.09395588
120 SH M5
111 41.29675942 002.08560882 8
115 41.29645348 002.08579346
120 SH M4
111 41.29975077 002.09429919 8
115 41.29949943 002.09444839
120 SH N6
111 41.29686462 002.08262962 8
115 41.29648316 002.08285783
120 SH N6
111 41.29724838 002.08381004 8
115 41.29688445 002.08402875
120 SH M6
111 41.29594875 002.08318678 8
115 41.29562429 002.08337882
120 SH M6
111 41.29634715 002.08435745 8
115 41.29602643 002.08454267
120 SH D3
111 41.29673379 002.08462337 8
115 41.29688271 002.08504601
120 SH E4
111 41.29442375 002.08320908 8
115 41.29450215 002.08343906
120 SH E4
111 41.29503467 002.08274406 8
115 41.29516918 002.08313954
120 SH E4
111 41.29587724 002.08207693 8
115 41.29606042 002.08264018
120 SH U4
111 41.31072544 002.09862951 8
115 41.31051433 002.09860857
120 SH U5
111 41.31086874 002.09997252 8
115 41.31068152 002.10008519
120 SH U4
111 41.31060429 002.09404138 8
115 41.31067279 002.09379039
120 SH U6
111 41.31118995 002.10167102 8
115 41.31143533 002.10152285
120 SH P1
111 41.31035683 002.10098999 8
115 41.31046807 002.10130565
120 SH S2
111 41.30838951 002.10159804 8
115 41.30811988 002.10175937
120 SH S2
111 41.30699730 002.09843901 8
115 41.30725196 002.09828340
120 SH S3
111 41.30632433 002.09558084 8
115 41.30605469 002.09574217
120 SH S4
111 41.30348437 002.09030204 8
115 41.30370006 002.09016932
120 SH S4
111 41.30438472 002.09057577 8
115 41.30457109 002.09046272
120 SH T2
111 41.30772408 002.10199979 8
115 41.30748354 002.10214388
120 SH T2
111 41.30633166 002.09883756 8
115 41.30659940 002.09867228
120 SH T3
111 41.30567107 002.09598881 8
115 41.30542378 002.09613945
120 SH S5
111 41.30376432 002.08815780 8
115 41.30354198 002.08829166
120 SH S5
111 41.30254612 002.08540985 8
115 41.30277133 002.08527427
120 SH S6
111 41.30227055 002.08394888 8
115 41.30207929 002.08406381
120 SH S6
111 41.30162587 002.08272849 8
115 41.30181586 002.08261512
120 SH S7
111 41.30135862 002.08127800 8
115 41.30117200 002.08138990
120 SH S7
111 41.30084857 002.08044264 8
115 41.30103856 002.08032927
120 SH S8
111 41.30058347 002.07898604 8
115 41.30038782 002.07910340
120 SH S8
111 41.29994752 002.07779786 8
115 41.30013751 002.07768449
120 SH S9
111 41.29967317 002.07633865 8
115 41.29947753 002.07645601
120 SH S9
111 41.29937481 002.07614298 8
115 41.29956480 002.07602961
120 SH S10
111 41.29910758 002.07469280 8
115 41.29891194 002.07481016
120 SH S10
111 41.29816958 002.07264408 8
115 41.29835957 002.07253071
120 SH S11
111 41.29800394 002.07118018 58
115 41.29774843 002.07133326
120 SH S11
111 41.29686342 002.06871053 58
115 41.29709074 002.06857290
120 SH S12
111 41.29668112 002.06713166 58
115 41.29637729 002.06731522
120 SH S12
111 41.29556327 002.06498225 58
115 41.29582053 002.06482879
120 SH S13
111 41.29518749 002.06313148 58
115 41.29500921 002.06323729
120 SH T5
111 41.30305136 002.08830665 8
115 41.30278063 002.08847550
120 SH T5
111 41.30191547 002.08574109 8
115 41.30214675 002.08561180
120 SH T6
111 41.30156687 002.08392930 8
115 41.30132195 002.08407800
120 SH T6
111 41.30096161 002.08309933 8
115 41.30122634 002.08293624
120 SH T7
111 41.30080130 002.08167017 8
115 41.30052020 002.08184065
120 SH T7
111 41.30034589 002.08114576 8
115 41.30055378 002.08102497
120 SH T8
111 41.29994005 002.07913997 8
115 41.29971093 002.07927790
120 SH T8
111 41.29930861 002.07813265 8
115 41.29955034 002.07798088
120 SH T9
111 41.29912842 002.07676048 8
115 41.29888036 002.07690691
120 SH T9
111 41.29869793 002.07646278 8
115 41.29897080 002.07629665
120 SH T10
111 41.29852650 002.07502844 8
115 41.29827315 002.07517395
120 SH T10
111 41.29753155 002.07296148 8
115 41.29776193 002.07281808
120 SH T11
111 41.29721199 002.07125263 8
115 41.29698605 002.07138193
120 SH T11
111 41.29607109 002.06906656 8
115 41.29649279 002.06882013
120 SH T12
111 41.29602821 002.06762854 8
115 41.29574449 002.06779745
120 SH T12
111 41.29490422 002.06538833 8
115 41.29517612 002.06520413
120 SH T13
111 41.29470531 002.06394029 8
115 41.29446169 002.06408393
120 SH N13
111 41.29170792 002.06760376 8
115 41.29132725 002.06783472
120 SH N12
111 41.29241302 002.06964527 8
115 41.29202922 002.06987066
120 SH N12
111 41.29216241 002.06891861 8
115 41.29178541 002.06915732
120 SH N11
111 41.29339859 002.07259656 8
115 41.29304238 002.07280467
120 SH N11
111 41.29283288 002.07090299 8
115 41.29247193 002.07111933
120 SH N10
111 41.29404387 002.07442969 8
115 41.29368371 002.07464533
120 SH N10
111 41.29383866 002.07383099 8
115 41.29346784 002.07405920
120 SH N9
111 41.29457356 002.07598991 8
115 41.29420989 002.07620520
120 SH FS
111 41.29504195 002.07735806 8
115 41.29467761 002.07757764
120 SH N9
111 41.29498457 002.07720594 8
115 41.29462488 002.07742058
120 SH DS
111 41.29446901 002.07568912 8
115 41.29411541 002.07589821
120 SH FS
111 41.29539252 002.07838557 8
115 41.29502503 002.07860639
120 SH N8
111 41.29552192 002.07872518 8
115 41.29513330 002.07895487
120 SH N8
111 41.29588103 002.07981836 8
115 41.29551724 002.08003487
120 SH N7
111 41.29631693 002.08106040 8
115 41.29594611 002.08128862
120 SH N7
111 41.29642346 002.08137966 8
115 41.29605263 002.08160787
120 SH AS
111 41.29106873 002.06804974 8
115 41.29082671 002.06819576
120 SH M12
111 41.29174480 002.07001568 8
115 41.29150195 002.07016576
120 SH M12
111 41.29151206 002.06934980 8
115 41.29127304 002.06949999
120 SH M11
111 41.29275687 002.07295470 8
115 41.29251838 002.07310092
120 SH M11
111 41.29220424 002.07130949 8
115 41.29194793 002.07146200
120 SH M10
111 41.29339277 002.07479522 8
115 41.29314623 002.07494228
120 SH M10
111 41.29320566 002.07424716 8
115 41.29296419 002.07439413
120 SH FS
111 41.29427187 002.07765228 8
115 41.29402138 002.07780285
120 SH M9
111 41.29385984 002.07641819 8
115 41.29360535 002.07657407
120 SH M9
111 41.29376691 002.07614119 8
115 41.29351242 002.07629707
120 SH M8
111 41.29516002 002.08022372 8
115 41.29490953 002.08037429
120 SH GS
111 41.29471419 002.07894153 8
115 41.29446369 002.07909210
120 SH M7
111 41.29569320 002.08178138 8
115 41.29544270 002.08193195
120 SH M7
111 41.29559951 002.08151120 8
115 41.29531755 002.08168741
120 SH JS
111 41.29376873 002.08304921 8
115 41.29354585 002.08318220
120 SH AS
111 41.29094962 002.06943880 8
115 41.29068336 002.06959337
120 SH BS
111 41.29132480 002.07052230 8
111 41.29114650 002.07062871
111 41.29110412 002.07065400 8
115 41.29104396 002.07068990
120 SH BS
111 41.29162026 002.07141537 8
115 41.29135020 002.07157990
120 SH CS
111 41.29232977 002.07347225 8
115 41.29205579 002.07363927
120 SH CS
111 41.29262505 002.07434632 8
115 41.29235600 002.07451011
120 SH DS
111 41.29289055 002.07513823 8
115 41.29264401 002.07528529
120 SH NS
111 41.28724745 002.07909297 8
115 41.28732941 002.07934549
120 SH D1
111 41.28986550 002.08925072 8
115 41.28971564 002.08884000
120 SH E1
111 41.28904639 002.08684858 8
115 41.28889594 002.08641329
120 SH KS
111 41.29032493 002.08276381 8
115 41.29014075 002.08287763
120 SH J7
111 41.29139596 002.08396523 8
115 41.29130257 002.08429850
120 SH J7
111 41.28830481 002.08254387 8
115 41.28821529 002.08290803
120 SH J8
111 41.28765229 002.08155585 8
115 41.28732837 002.08175226
120 SH J8
111 41.28709218 002.08011760 8
115 41.28686598 002.08025394
120 SH J9
111 41.28678866 002.07885249 8
115 41.28650180 002.07902613
120 SH J9
111 41.28634992 002.07760404 8
115 41.28609429 002.07775916
120 SH J10
111 41.28593223 002.07635270 8
115 41.28564791 002.07652466
120 SH J10
111 41.28487322 002.07336157 8
115 41.28465760 002.07349153
120 SH J10
111 41.28522702 002.07441297 8
115 41.28501140 002.07454293
120 SH J10
111 41.28563420 002.07551977 8
115 41.28541858 002.07564973
120 SH K2
111 41.29184875 002.09636996 8
115 41.29161093 002.09651256
120 SH K3
111 41.29072429 002.09307713 8
115 41.29048646 002.09321973
120 SH K4
111 41.28970047 002.08985217 8
115 41.28943706 002.09000966
120 SH K5
111 41.28927193 002.08859654 8
115 41.28900582 002.08875283
120 SH K5
111 41.28887248 002.08744683 8
115 41.28861275 002.08760535
120 SH K7
111 41.28753051 002.08369997 8
115 41.28724679 002.08387817
120 SH K8
111 41.28686747 002.08174304 8
115 41.28662422 002.08188997
120 SH K8
111 41.28644080 002.08043350 8
115 41.28614276 002.08061504
120 SH K9
111 41.28606386 002.07933830 8
115 41.28582060 002.07948523
120 SH K9
111 41.28555270 002.07800963 8
115 41.28536651 002.07811987
120 SH K10
111 41.28466542 002.07605744 8
115 41.28485397 002.07594464
120 SH K10
111 41.28515483 002.07683846 8
115 41.28491158 002.07698539
120 Hold U4
111 41.31055546 002.09788382 4 104
115 41.31079756 002.09792354
120 Hold U3L
111 41.30966493 002.09302824 4 104
115 41.30945973 002.09315077
120 Hold U3R
111 41.30921958 002.09328866 4 104
115 41.30902521 002.09340701
120 Hold U8
111 41.30645433 002.09222072 4 104
115 41.30632543 002.09202149
120 Hold S4
111 41.30486206 002.09129877 4 104
115 41.30466413 002.09141368
120 Hold S3
111 41.30565945 002.09435208 4 104
115 41.30586131 002.09422917
120 Hold T4
111 41.30393476 002.09085710 4 104
115 41.30371421 002.09098863
120 Hold T3
111 41.30472551 002.09393323 4 104
115 41.30493215 002.09380548
120 Hold N5
111 41.29881121 002.08835675 4 104
115 41.29844874 002.08857347
120 Hold N4
111 41.29952859 002.09171517 4 104
115 41.29988304 002.09149940
120 Hold M5
111 41.29750285 002.08794051 4 104
115 41.29730386 002.08806154
120 Hold M4
111 41.29831008 002.09099045 4 104
115 41.29850251 002.09087405
120 Hold K7
111 41.28730481 002.08299114 4 104
115 41.28706598 002.08313483
120 Hold K6
111 41.28821740 002.08646305 4 104
115 41.28849672 002.08630145
120 Hold E1
111 41.28879013 002.08645417 4 104
115 41.28895391 002.08692951
120 Hold D1
111 41.29165673 002.08776117 4 104
115 41.29175026 002.08803632
120 Hold E2
111 41.29136363 002.08535132 4 104
115 41.29127209 002.08508428
120 Hold D2
111 41.29412183 002.08660180 4 104
115 41.29402901 002.08633501
120 Hold G1
111 41.29316505 002.10294199 54 104
115 41.29307940 002.10268902
120 Hold G2
111 41.29302348 002.10207898 54 104
115 41.29281837 002.10197547
120 Hold G3
111 41.29265341 002.10095537 54 104
115 41.29245021 002.10085390
120 HOLD KB
111 41.29369340 002.06551994 4 104
115 41.29360268 002.06525181
120 Hold S1
111 41.30741342 002.10414829 54 104
115 41.30731665 002.10386806
120 Hold T1
111 41.30702090 002.10333610 54 104
115 41.30693406 002.10307641
120 Hold Q1
111 41.30455947 002.10339528 54 104
115 41.30468637 002.10376081
120 Hold N1
111 41.30485849 002.10426143 54 104
115 41.30497264 002.10459508
120 Hold M1
111 41.30473971 002.10530392 54 104
115 41.30486592 002.10567144
120 Hold Y1-Y3
111 41.30280012 002.09825471 54 104
111 41.30293179 002.09864117
111 41.30329559 002.09966959 54 104
115 41.30342428 002.10005011
120 Hold Z1-Z3
111 41.30513798 002.09895998 54 104
111 41.30504968 002.09869981
111 41.30488760 002.09824069 54 104
111 41.30479645 002.09797883
111 41.30463865 002.09752551 54 104
115 41.30454037 002.09724318
120 Hold V1-V3
111 41.29321624 002.07060519 54 104
111 41.29333322 002.07094792
111 41.29347446 002.07136175 54 104
111 41.29358331 002.07168065
111 41.29372388 002.07209252 54 104
115 41.29383016 002.07240392
120 Hold W1-W3
111 41.29566035 002.07127228 54 104
111 41.29556641 002.07099681
111 41.29541008 002.07053842 54 104
111 41.29531929 002.07027220
111 41.29516358 002.06981563 54 104
115 41.29507308 002.06955026
120 Hold E5
111 41.29709428 002.08158097 4 104
115 41.29718520 002.08184101
120 Hold D4
111 41.29791916 002.08399363 4 104
115 41.29800514 002.08424851
120 Hold DB
111 41.29975509 002.08320600 4 104
115 41.29966288 002.08293964
120 Hold DA
111 41.29894948 002.08086481 4 104
115 41.29887964 002.08060444
120 NE R6
111 41.29586857 002.07804964 104
111 41.29579831 002.07816146 104
115 41.29576746 002.07852112
120 NE R5
111 41.29708303 002.08159369 104
111 41.29721488 002.08197080 104
115 41.29711380 002.08232260
120 NE R4
111 41.29790567 002.08399099 104
111 41.29802034 002.08431739 104
115 41.29811240 002.08433014
120 NE R3
111 41.29828059 002.08512574 104
115 41.29816957 002.08533109
120 NE R1
111 41.30098106 002.09402315 104
115 41.30109864 002.09435955
120 NE R2
111 41.29888368 002.08760816 104
111 41.29908482 002.08780345 104
115 41.29921338 002.08781913
120 NE ZA
111 41.30481686 002.09529220 104
115 41.30469903 002.09494071
120 NE BA
111 41.30242804 002.08899071 104
115 41.30249389 002.08872957
120 NE CA-CB
111 41.30132081 002.08510508 104
115 41.30119244 002.08472082
120 NE EB
111 41.29952785 002.08107039 104
115 41.29931082 002.08104207
120 NE GA
111 41.29828584 002.07621457 104
115 41.29815482 002.07582328
120 NE KA
111 41.29387562 002.06593713 104
115 41.29366183 002.06591215
120 ILS Hold K1
111 41.29277390 002.09908954 6 103
115 41.29256937 002.09921173
120 ILS Hold K10
111 41.28466676 002.07607387 6 103
115 41.28485916 002.07595572
120 ILS KB
111 41.29429849 002.06518443 6 103
115 41.29418694 002.06485807
120 ILS Z1
111 41.30523506 002.09715190 56 104
115 41.30512903 002.09684213
120 ILS Z2
111 41.30548300 002.09787629 56 104
115 41.30538260 002.09758296
120 ILS Z1
111 41.30572725 002.09858992 56 104
115 41.30562990 002.09830551
120 ILS Y1
111 41.30222396 002.09864911 6
115 41.30231529 002.09891194
120 ILS Y3
111 41.30271828 002.10010561 6
115 41.30280960 002.10036845
120 ILS W3
111 41.29574584 002.06947977 56 103
115 41.29563151 002.06914152
120 ILS W2
111 41.29599864 002.07020690 56 103
115 41.29589141 002.06989856
120 ILS W1
111 41.29625975 002.07096110 56 103
115 41.29614239 002.07062349
120 ILS S2
111 41.30940334 002.10191064 56 103
115 41.30931530 002.10165689
120 ILS S2
111 41.30809951 002.10074934 56 103
115 41.30789413 002.10087884
120 ILS T2
111 41.30743777 002.10115009 56 103
115 41.30724060 002.10127413
120 N14-M13
111 41.29340448 002.06228506 51 101
112 41.29142271 002.06348438 41.29128217 002.06356527 51 101
112 41.29113924 002.06385876 41.29109366 002.06400284 51 101
112 41.29044815 002.06629538 41.29042689 002.06637521
111 41.29044815 002.06629538
112 41.29044815 002.06629538 41.29041908 002.06640449 51 101
112 41.29045511 002.06668920 41.29050072 002.06682020
111 41.29045511 002.06668920
111 41.29051384 002.06686054
112 41.29051384 002.06686054 41.29051994 002.06687943 101
112 41.29052645 002.06692334 41.29052873 002.06694603
111 41.29052645 002.06692334
112 41.29052645 002.06692334 41.29053934 002.06705156 51 101
116 41.29036784 002.06729478 41.29022380 002.06737466
120 S1-T1
112 41.30629210 002.10378107 41.30653380 002.10364789
111 41.30629210 002.10378107 53 102
111 41.30752275 002.10304361
112 41.30752275 002.10304361 41.30774238 002.10291546 53 102
112 41.30771125 002.10352265 41.30749876 002.10370515
111 41.30771125 002.10352265 53 102
112 41.30715173 002.10398917 41.30708993 002.10402002
111 41.30715173 002.10398917 53 102
111 41.30699839 002.10408152
112 41.30699839 002.10408152 41.30692887 002.10412951 53 102
111 41.30644316 002.10430281
114 41.30644316 002.10430281 41.30615291 002.10441443 53 102
120 T1-Z3-T2
112 41.30457185 002.09949800 41.30454674 002.09942413 53 102
112 41.30462718 002.09927279 41.30467211 002.09924288
111 41.30462718 002.09927279 53 102
111 41.30594465 002.09847094
112 41.30594465 002.09847094 41.30604531 002.09841173 53 102
112 41.30619957 002.09856520 41.30624639 002.09866492
111 41.30619957 002.09856520 53 102
112 41.30661697 002.09946176 41.30662933 002.09950568
111 41.30661697 002.09946176 53 102
112 41.30732021 002.10151711 41.30734149 002.10159180 53 102
111 41.30749671 002.10219989
112 41.30749671 002.10219989 41.30751033 002.10226247 53 102
111 41.30751221 002.10233326
112 41.30751221 002.10233326 41.30751064 002.10251816 53 102
112 41.30733633 002.10275871 41.30726244 002.10280555
111 41.30733633 002.10275871 53 102
112 41.30668818 002.10322253 41.30663730 002.10324768 53 102
111 41.30611072 002.10345253
112 41.30611072 002.10345253 41.30603852 002.10346811 53 102
116 41.30590446 002.10336067 41.30586798 002.10328931
120 T1-Z3-S2-T2
111 41.30651852 002.09842939
112 41.30651852 002.09842939 41.30647988 002.09831309 53 102
112 41.30662049 002.09818054 41.30668841 002.09814896
111 41.30662049 002.09818054 53 102
111 41.30667714 002.09815791
112 41.30667714 002.09815791 41.30677310 002.09813054 53 102
112 41.30691507 002.09827103 41.30696990 002.09835315
111 41.30691507 002.09827103 53 102
112 41.30727479 002.09905154 41.30730564 002.09914735
111 41.30727479 002.09905154 53 102
111 41.30795746 002.10106435
112 41.30795746 002.10106435 41.30798488 002.10115104 53 102
111 41.30815985 002.10194667
112 41.30815985 002.10194667 41.30817718 002.10202900 53 102
112 41.30806476 002.10222110 41.30801705 002.10224558 53 102
112 41.30781348 002.10202762 41.30770189 002.10185306 53 102
112 41.30757782 002.10155967 41.30752257 002.10138537
113 41.30757782 002.10155967 53 102
120 Z1-ZA-T3
112 41.30306283 002.09509592 41.30299872 002.09490311 53 102
112 41.30326946 002.09487318 41.30337879 002.09498359
111 41.30326946 002.09487318 53 102
111 41.30386633 002.09544306
112 41.30386633 002.09544306 41.30401645 002.09558257 53 102
112 41.30439640 002.09550367 41.30457485 002.09540564
111 41.30439640 002.09550367 53 102
111 41.30465908 002.09534662
112 41.30465908 002.09534662 41.30491966 002.09519204 53 102
112 41.30530295 002.09566762 41.30537376 002.09596925
111 41.30530295 002.09566762 53 102
112 41.30545233 002.09633186 41.30547992 002.09645878 53 102
112 41.30535559 002.09664145 41.30526756 002.09672798
111 41.30535559 002.09664145 53 102
111 41.30495128 002.09697268
112 41.30495128 002.09697268 41.30483553 002.09705948 53 102
112 41.30448516 002.09726631 41.30438089 002.09730455
111 41.30448516 002.09726631 53 102
111 41.30405963 002.09742268
112 41.30405963 002.09742268 41.30395199 002.09746792 53 102
116 41.30381320 002.09728694 41.30377921 002.09719268
120 ZA-B-T4
112 41.30079780 002.08815586 41.30077013 002.08796891 53 102
112 41.30094867 002.08802017 41.30100400 002.08807966
111 41.30094867 002.08802017
112 41.30094867 002.08802017 41.30113225 002.08820514 53 102
112 41.30209057 002.08881785 41.30258073 002.08908599
111 41.30209057 002.08881785 53 102
111 41.30303878 002.08929392
112 41.30303878 002.08929392 41.30310765 002.08932496 53 102
112 41.30319182 002.08948459 41.30322470 002.08957471
111 41.30319182 002.08948459 53 102
111 41.30404862 002.09197022
111 41.30429218 002.09267681 53 102
111 41.30475317 002.09404574
112 41.30475317 002.09404574 41.30480266 002.09419270 53 102
112 41.30484385 002.09458771 41.30482688 002.09474194
111 41.30484385 002.09458771
112 41.30484385 002.09458771 41.30481499 002.09485004 53 102
112 41.30460757 002.09503910 41.30454753 002.09507541
111 41.30460757 002.09503910
112 41.30460757 002.09503910 41.30451224 002.09509676 53 102
112 41.30429600 002.09517040 41.30417052 002.09521060
111 41.30429600 002.09517040
112 41.30429600 002.09517040 41.30417144 002.09519231 53 102
112 41.30384847 002.09504664 41.30365273 002.09485692
111 41.30384847 002.09504664 53 102
111 41.30338871 002.09459499
112 41.30338871 002.09459499 41.30307259 002.09427722 53 102
112 41.30220342 002.09255404 41.30195460 002.09181132
111 41.30220342 002.09255404
111 41.30101154 002.08909748
114 41.30101154 002.08909748 41.30095834 002.08892752 53 102
120 Z1-A-S4-T4
111 41.30523095 002.09310577 53 102
112 41.30589359 002.09505076 41.30591277 002.09512313 53 102
111 41.30609433 002.09591237
112 41.30609433 002.09591237 41.30613165 002.09610006 53 102
112 41.30601364 002.09623255 41.30597526 002.09627086
111 41.30601364 002.09623255 53 102
112 41.30592655 002.09629879 41.30588018 002.09632007
111 41.30592655 002.09629879
112 41.30592655 002.09629879 41.30584501 002.09633497 53 102
112 41.30574704 002.09617874 41.30570067 002.09604039
111 41.30574704 002.09617874 53 102
111 41.30460862 002.09282794
111 41.30436120 002.09209968 53 102
111 41.30390776 002.09076503 53 102
111 41.30372697 002.09023419
112 41.30372697 002.09023419 41.30369503 002.09013692 53 102
112 41.30358705 002.08953383 41.30360362 002.08931106 53 102
112 41.30376352 002.08940503 41.30382977 002.08945994 53 102
112 41.30403254 002.08975329 41.30410944 002.08986154 53 102
111 41.30437265 002.09056726 53 102
113 41.30500109 002.09241286
120 BA-CB-T5
112 41.30183600 002.08554850 41.30195091 002.08589692
111 41.30183600 002.08554850 53 102
111 41.30275494 002.08820968
112 41.30275494 002.08820968 41.30286560 002.08854110 53 102
112 41.30243492 002.08871346 41.30226041 002.08862281
111 41.30243492 002.08871346 53 102
112 41.30177227 002.08833712 41.30156112 002.08818974
111 41.30177227 002.08833712
112 41.30177227 002.08833712 41.30145555 002.08811776 53 102
112 41.30085946 002.08750907 41.30068193 002.08728534
111 41.30085946 002.08750907
112 41.30085946 002.08750907 41.30077721 002.08739502 53 102
112 41.30068573 002.08703538 41.30067545 002.08683921
111 41.30068573 002.08703538
112 41.30068573 002.08703538 41.30067077 002.08673327 53 102
112 41.30073509 002.08577646 41.30076786 002.08553653
111 41.30073509 002.08577646
112 41.30073509 002.08577646 41.30076786 002.08554276 53 102
112 41.30102183 002.08525988 41.30117263 002.08517776
111 41.30102183 002.08525988 53 102
112 41.30130484 002.08510984 41.30139634 002.08508435
111 41.30130484 002.08510984
114 41.30130484 002.08510984 41.30146657 002.08506452 53 102
120 A-C-S5-T5
112 41.30253609 002.08538497 41.30275145 002.08589287
111 41.30253609 002.08538497 53 102
111 41.30351735 002.08823053
112 41.30351735 002.08823053 41.30372569 002.08883940 53 102
112 41.30313026 002.08848773 41.30289828 002.08788914
111 41.30313026 002.08848773 53 102
111 41.30215523 002.08562119
114 41.30215523 002.08562119 41.30201712 002.08508836 53 102
120 A-BE-Rampa1-S5
111 41.30350716 002.08645611 53 102
111 41.30392901 002.08768118 53 102
111 41.30417621 002.08840985 53 102
111 41.30404722 002.08848237
112 41.30404722 002.08848237 41.30400824 002.08850254 53 102
112 41.30384829 002.08829959 41.30378812 002.08822138 53 102
112 41.30357164 002.08772395 41.30354985 002.08766300
111 41.30357164 002.08772395 53 102
111 41.30334805 002.08706932
112 41.30334805 002.08706932 41.30333045 002.08701501 53 102
112 41.30329941 002.08676406 41.30330024 002.08664225
111 41.30329941 002.08676406
112 41.30329941 002.08676406 41.30330015 002.08665574 53 102
112 41.30335873 002.08654620 41.30339497 002.08652395
113 41.30335873 002.08654620 53 102
120 BW-C-Rampa1-S5
111 41.30291852 002.08473672 53 102
111 41.30294039 002.08480070 53 102
111 41.30318141 002.08552625 53 102
111 41.30301887 002.08562319
112 41.30301887 002.08562319 41.30297084 002.08565277 53 102
112 41.30280882 002.08544593 41.30277952 002.08539315
111 41.30280882 002.08544593 53 102
111 41.30271934 002.08517549
112 41.30271934 002.08517549 41.30269647 002.08510759 53 102
111 41.30271276 002.08497061
112 41.30271276 002.08497061 41.30271980 002.08489803 53 102
112 41.30278590 002.08481569 41.30283163 002.08478526
113 41.30278590 002.08481569 53 102
120 CB-CA
112 41.29975536 002.08540918 41.29968648 002.08520025 53 102
112 41.29954430 002.08453229 41.29952302 002.08442671 53 102
112 41.29961293 002.08444921 41.29966391 002.08449666
111 41.29961293 002.08444921 53 102
111 41.30040079 002.08522742
112 41.30040079 002.08522742 41.30049752 002.08532270 53 102
112 41.30052109 002.08560318 41.30051142 002.08574739
111 41.30052109 002.08560318 53 102
112 41.30044940 002.08651262 41.30043341 002.08668841 53 102
112 41.30019123 002.08655446 41.30012248 002.08639953 53 102
116 41.29997558 002.08604538 41.29993881 002.08593897
120 Ca-DB-T6
112 41.30087051 002.08294991 41.30092855 002.08308100
111 41.30087051 002.08294991 53 102
112 41.30115427 002.08355984 41.30118911 002.08363979 53 102
111 41.30127679 002.08392254
112 41.30127679 002.08392254 41.30141513 002.08440605 53 102
112 41.30114957 002.08476442 41.30103064 002.08486468 53 102
112 41.30087131 002.08494821 41.30077406 002.08499716 53 102
112 41.30055913 002.08494398 41.30048238 002.08488652
111 41.30055913 002.08494398
112 41.30055913 002.08494398 41.30024575 002.08475244 53 102
112 41.29958756 002.08403119 41.29938319 002.08373214
111 41.29958756 002.08403119
112 41.29958756 002.08403119 41.29948578 002.08381469 53 102
112 41.29952789 002.08334555 41.29973972 002.08322427
111 41.29952789 002.08334555 53 102
112 41.30003342 002.08304900 41.30011257 002.08301389 53 102
111 41.30062685 002.08281592
114 41.30062685 002.08281592 41.30073238 002.08278080 53 102
120 C-D-S6-T6
111 41.30126273 002.08301921
112 41.30126273 002.08301921 41.30105416 002.08238855 53 102
112 41.30163734 002.08276649 41.30183819 002.08334231
111 41.30163734 002.08276649 53 102
111 41.30207929 002.08406381
112 41.30207929 002.08406381 41.30223144 002.08462468 53 102
112 41.30168739 002.08426776 41.30143926 002.08367261
113 41.30168739 002.08426776 53 102
120 C-D-Rampa2-S6
111 41.30183303 002.08265972
112 41.30183303 002.08265972 41.30173417 002.08238407 53 102
112 41.30189059 002.08207353 41.30201932 002.08198718
111 41.30189059 002.08207353
112 41.30189059 002.08207353 41.30193138 002.08204464 53 102
112 41.30218982 002.08245049 41.30230323 002.08276017
111 41.30218982 002.08245049 53 102
111 41.30263476 002.08371602
112 41.30263476 002.08371602 41.30283608 002.08430181 53 102
112 41.30227104 002.08391701 41.30205375 002.08337131
113 41.30227104 002.08391701 53 102
120 EB-DA
112 41.29837638 002.08141751 41.29834829 002.08133027 53 102
112 41.29853359 002.08107758 41.29862489 002.08103084
111 41.29853359 002.08107758 53 102
111 41.29915267 002.08077866
112 41.29915267 002.08077866 41.29923993 002.08073900 53 102
112 41.29931471 002.08095951 41.29930619 002.08106148
111 41.29931471 002.08095951 53 102
111 41.29916930 002.08287728
112 41.29916930 002.08287728 41.29915902 002.08305975 53 102
116 41.29888253 002.08287654 41.29879684 002.08262108
120 DB-EB-T7
112 41.29940871 002.08276599 41.29942004 002.08260387 53 102
111 41.29953767 002.08098383
112 41.29953767 002.08098383 41.29955467 002.08079155 53 102
112 41.29976851 002.08052859 41.29983876 002.08045347
111 41.29976851 002.08052859
112 41.29976851 002.08052859 41.29983112 002.08047355 53 102
112 41.29997760 002.08052647 41.30002836 002.08054928
111 41.29997760 002.08052647
112 41.29997760 002.08052647 41.30005554 002.08055992 53 102
112 41.30022567 002.08081874 41.30028675 002.08098743
111 41.30022567 002.08081874 53 102
111 41.30033526 002.08114259 53 102
111 41.30054251 002.08198332
112 41.30054251 002.08198332 41.30058217 002.08217183 53 102
112 41.30047303 002.08232054 41.30040788 002.08237710
111 41.30047303 002.08232054 53 102
112 41.29990242 002.08279338 41.29983161 002.08283486 53 102
111 41.29964405 002.08295372
114 41.29964405 002.08295372 41.29947693 002.08306306 53 102
120 D-E-S7-T7
111 41.30047738 002.08074119
112 41.30047738 002.08074119 41.30026863 002.08011911 53 102
112 41.30086602 002.08049501 41.30106231 002.08108807
111 41.30086602 002.08049501 53 102
111 41.30116356 002.08136827
112 41.30116356 002.08136827 41.30132397 002.08191230 53 102
112 41.30078069 002.08161181 41.30055302 002.08102862
113 41.30078069 002.08161181 53 102
120 D-E-Rampa2-S7
111 41.30105464 002.08037784
112 41.30105464 002.08037784 41.30085994 002.07978691 53 102
112 41.30140143 002.08014740 41.30158133 002.08074981
111 41.30140143 002.08014740 53 102
111 41.30170599 002.08103936
112 41.30170599 002.08103936 41.30179556 002.08132851 53 102
112 41.30171158 002.08156786 41.30166290 002.08160054
111 41.30171158 002.08156786
112 41.30171158 002.08156786 41.30163715 002.08161300 53 102
112 41.30134652 002.08123927 41.30122567 002.08089471
113 41.30134652 002.08123927 53 102
120 N1-M1-N
112 41.30461967 002.10480971 41.30480070 002.10470065
111 41.30461967 002.10480971 53 102
111 41.30544379 002.10431925
112 41.30544379 002.10431925 41.30563229 002.10419606 53 102
112 41.30561502 002.10479988 41.30541988 002.10496730
111 41.30561502 002.10479988 53 102
112 41.30526214 002.10508487 41.30522779 002.10510422 53 102
111 41.30479087 002.10527225
114 41.30479087 002.10527225 41.30455699 002.10536372 53 102
120 Q1-N1-N
112 41.30432573 002.10399069 41.30447333 002.10390679
111 41.30432573 002.10399069 53 102
111 41.30517778 002.10347496
112 41.30517778 002.10347496 41.30535138 002.10337161 53 102
112 41.30531702 002.10392727 41.30513465 002.10409186
111 41.30531702 002.10392727 53 102
112 41.30495570 002.10422086 41.30492134 002.10424021 53 102
111 41.30449143 002.10440575
114 41.30449143 002.10440575 41.30423284 002.10447787 53 102
120 Y3-Q1-N2
111 41.30510164 002.10278166 53 102
112 41.30501635 002.10305130 41.30491565 002.10314462
111 41.30501635 002.10305130 53 102
111 41.30478062 002.10325347 53 102
111 41.30452694 002.10340515 53 102
111 41.30417497 002.10353395
112 41.30417497 002.10353395 41.30412080 002.10355198 53 102
112 41.30393613 002.10333458 41.30386455 002.10312856
111 41.30393613 002.10333458 53 102
111 41.30302870 002.10067785
112 41.30302870 002.10067785 41.30299091 002.10055596 53 102
112 41.30307779 002.10035217 41.30315192 002.10028638
111 41.30307779 002.10035217 53 102
111 41.30371638 002.09981107
112 41.30371638 002.09981107 41.30376754 002.09977276 53 102
112 41.30388031 002.09976344 41.30393787 002.09976344
111 41.30388031 002.09976344 53 102
111 41.30398384 002.09976514
112 41.30398384 002.09976514 41.30405172 002.09978072 53 102
116 41.30413277 002.09992425 41.30416937 002.10004038
120 Y3-Q1-N2-M2
112 41.30264816 002.10086860 41.30268299 002.10097418
111 41.30264816 002.10086860 53 102
111 41.30362626 002.10372407
112 41.30362626 002.10372407 41.30366803 002.10386540 53 102
112 41.30352167 002.10398334 41.30345773 002.10400674
111 41.30352167 002.10398334 53 102
111 41.30332380 002.10406430
112 41.30332380 002.10406430 41.30322206 002.10410300 53 102
112 41.30308214 002.10393454 41.30303325 002.10382549
111 41.30308214 002.10393454 53 102
112 41.30270528 002.10313618 41.30267656 002.10305591 53 102
112 41.30234292 002.10207661 41.30231735 002.10196944 53 102
111 41.30213965 002.10118317
112 41.30213965 002.10118317 41.30211623 002.10106017 53 102
112 41.30219783 002.10088046 41.30225478 002.10083372
111 41.30219783 002.10088046 53 102
112 41.30239819 002.10072691 41.30246906 002.10069972
111 41.30239819 002.10072691
114 41.30239819 002.10072691 41.30250571 002.10067991 53 102
120 R1-Y1-N3
112 41.30331173 002.09751970 41.30336998 002.09769530 53 102
112 41.30326624 002.09789185 41.30320455 002.09794660
111 41.30326624 002.09789185 53 102
112 41.30288325 002.09821382 41.30283651 002.09823871 53 102
111 41.30244147 002.09838188
112 41.30244147 002.09838188 41.30232443 002.09842239 53 102
112 41.30219208 002.09823970 41.30215228 002.09812129
111 41.30219208 002.09823970 53 102
111 41.30099911 002.09475868 53 102
112 41.30098846 002.09452790 41.30101955 002.09442243 53 102
112 41.30111312 002.09436853 41.30116158 002.09433822 53 102
112 41.30131360 002.09412857 41.30137485 002.09399644 53 102
112 41.30139595 002.09382459 41.30139961 002.09374579
111 41.30139595 002.09382459 53 102
111 41.30145254 002.09263130 53 102
115 41.30145037 002.09211537
120 Q5-Y1-N3-M3
112 41.30067947 002.09510148 41.30075158 002.09532388
111 41.30067947 002.09510148 53 102
111 41.30182540 002.09845492
112 41.30182540 002.09845492 41.30188014 002.09863708 53 102
112 41.30175385 002.09881760 41.30167420 002.09889046
111 41.30175385 002.09881760
112 41.30175385 002.09881760 41.30168987 002.09887520 53 102
112 41.30154344 002.09892246 41.30146577 002.09894067
111 41.30154344 002.09892246
112 41.30154344 002.09892246 41.30141953 002.09895052 53 102
112 41.30130124 002.09874612 41.30123021 002.09861111
111 41.30130124 002.09874612 53 102
112 41.30095255 002.09800969 41.30091041 002.09790375 53 102
112 41.30035612 002.09624724 41.30032845 002.09615093 53 102
111 41.30014752 002.09535715
112 41.30014752 002.09535715 41.30012114 002.09523307 53 102
112 41.30020830 002.09506793 41.30026282 002.09501409
111 41.30020830 002.09506793 53 102
111 41.30039905 002.09491391
114 41.30039905 002.09491391 41.30046764 002.09486475 53 102
120 R2-R1-N4
112 41.30014448 002.08828573 41.30028780 002.08872119
111 41.30014448 002.08828573
111 41.30112822 002.09124758 53 102
111 41.30119895 002.09191422 53 102
111 41.30122452 002.09275505 53 102
111 41.30119981 002.09323645 53 102
112 41.30095826 002.09401600 41.30078798 002.09411384
111 41.30095826 002.09401600
112 41.30095826 002.09401600 41.30083239 002.09406726 53 102
112 41.30071354 002.09390854 41.30069372 002.09384700 53 102
111 41.29954355 002.09050961
111 41.29930273 002.08980691 53 102
111 41.29915512 002.08935483
112 41.29915512 002.08935483 41.29911742 002.08924535 53 102
112 41.29912886 002.08902777 41.29914257 002.08892285
111 41.29912886 002.08902777 53 102
111 41.29927237 002.08708628
112 41.29927237 002.08708628 41.29929107 002.08683330 53 102
114 41.29953518 002.08696968 41.29962865 002.08711483 53 102
120 R3-R2-N5
111 41.29803443 002.08609175
112 41.29803443 002.08609175 41.29783814 002.08551530 53 102
112 41.29854444 002.08571664 41.29877500 002.08594888
111 41.29854444 002.08571664 53 102
111 41.29899010 002.08621076
112 41.29899010 002.08621076 41.29903995 002.08625638 53 102
112 41.29905691 002.08638712 41.29906003 002.08648665
111 41.29905691 002.08638712 53 102
112 41.29903599 002.08712343 41.29902041 002.08734738
111 41.29903599 002.08712343
112 41.29903599 002.08712343 41.29901729 002.08731835 53 102
112 41.29890391 002.08756434 41.29883848 002.08767216
111 41.29890391 002.08756434
112 41.29890391 002.08756434 41.29882290 002.08768875 53 102
112 41.29848164 002.08738361 41.29832274 002.08691084
113 41.29848164 002.08738361 53 102
120 D4-R2-R3
112 41.29865308 002.08410748 41.29870834 002.08420718
111 41.29865308 002.08410748 53 102
112 41.29881294 002.08448023 41.29884098 002.08458391 53 102
111 41.29896298 002.08527373
112 41.29896298 002.08527373 41.29903185 002.08560288 53 102
112 41.29875085 002.08555171 41.29864600 002.08544140
111 41.29875085 002.08555171 53 102
111 41.29814025 002.08495950
112 41.29814025 002.08495950 41.29811256 002.08493333 53 102
112 41.29808653 002.08479646 41.29809463 002.08471084
111 41.29808653 002.08479646 53 102
111 41.29811512 002.08438189
112 41.29811512 002.08438189 41.29813520 002.08425499 53 102
112 41.29823502 002.08413114 41.29832033 002.08407103
111 41.29823502 002.08413114 53 102
111 41.29845926 002.08399346
114 41.29845926 002.08399346 41.29854075 002.08394824 53 102
120 D3-Q5-N5/4-M4/5
112 41.29726602 002.08515944 41.29732524 002.08533767
111 41.29726602 002.08515944 53 102
111 41.29878309 002.08954792
111 41.29902194 002.09023451 53 102
111 41.30033604 002.09409575
112 41.30033604 002.09409575 41.30040459 002.09429897 53 102
112 41.30022717 002.09448377 41.30014304 002.09452110
111 41.30022717 002.09448377 53 102
111 41.30005515 002.09455123
112 41.30005515 002.09455123 41.29996791 002.09458026 53 102
112 41.29981663 002.09440211 41.29974808 002.09425281
111 41.29981663 002.09440211 53 102
111 41.29945674 002.09363936 53 102
111 41.29816378 002.08987154
111 41.29793439 002.08917713 53 102
112 41.29694974 002.08630572 41.29689567 002.08612407 53 102
111 41.29674777 002.08544297
112 41.29674777 002.08544297 41.29671430 002.08528188 53 102
112 41.29682068 002.08511151 41.29687218 002.08507039 53 102
114 41.29702366 002.08499257 41.29708031 002.08497544 53 102
120 R5-R4-N6
112 41.29794141 002.08313058 41.29794598 002.08320951
111 41.29794141 002.08313058 53 102
111 41.29792892 002.08379269
112 41.29792892 002.08379269 41.29791761 002.08391814 53 102
112 41.29782874 002.08404667 41.29776088 002.08408681
111 41.29782874 002.08404667 53 102
111 41.29755609 002.08419888
112 41.29755609 002.08419888 41.29745053 002.08425408 53 102
112 41.29733655 002.08406554 41.29728377 002.08389995
111 41.29733655 002.08406554 53 102
111 41.29689873 002.08275177
112 41.29689873 002.08275177 41.29672995 002.08222353 53 102
112 41.29744427 002.08246818 41.29765411 002.08268069
111 41.29744427 002.08246818 53 102
111 41.29787172 002.08292656
114 41.29787172 002.08292656 41.29791952 002.08298516 53 102
120 E5-R4-R5
112 41.29780130 002.08170150 41.29781357 002.08177595
111 41.29780130 002.08170150 53 102
111 41.29786048 002.08207259
112 41.29786048 002.08207259 41.29790542 002.08231244 53 102
112 41.29765684 002.08229879 41.29757529 002.08221792
111 41.29765684 002.08229879 53 102
111 41.29737325 002.08204250
112 41.29737325 002.08204250 41.29730130 002.08196589 53 102
112 41.29736873 002.08173836 41.29745558 002.08166247
111 41.29736873 002.08173836 53 102
111 41.29760858 002.08158535
114 41.29760858 002.08158535 41.29771645 002.08152560 53 102
120 E4-D3-N6-M6
112 41.29643731 002.08272597 41.29647335 002.08284250
111 41.29643731 002.08272597 53 102
111 41.29693210 002.08418254
112 41.29693210 002.08418254 41.29697330 002.08432306 53 102
112 41.29683806 002.08453694 41.29677884 002.08458493 53 102
112 41.29669109 002.08462843 41.29662672 002.08465242
111 41.29669109 002.08462843
112 41.29669109 002.08462843 41.29658809 002.08466613 53 102
112 41.29642966 002.08449619 41.29636528 002.08436938
111 41.29642966 002.08449619 53 102
112 41.29609396 002.08379358 41.29604504 002.08364621 53 102
111 41.29591061 002.08300874
112 41.29591061 002.08300874 41.29587971 002.08286479 53 102
112 41.29599862 002.08269159 41.29607587 002.08261619
111 41.29599862 002.08269159
112 41.29599862 002.08269159 41.29606042 002.08264018 53 102
112 41.29617927 002.08257805 41.29624364 002.08255406
111 41.29617927 002.08257805
114 41.29617927 002.08257805 41.29630544 002.08253692 53 102
120 L-LE
111 41.29489645 002.06123041 53
111 41.29513815 002.06193420 53 102
111 41.29501270 002.06199341
112 41.29501270 002.06199341 41.29493000 002.06202339 53 102
112 41.29485817 002.06199020 41.29484538 002.06197318
111 41.29485817 002.06199020
112 41.29485817 002.06199020 41.29482459 002.06195615 53 102
112 41.29473490 002.06177613 41.29471019 002.06170842 53 102
112 41.29467471 002.06144323 41.29467974 002.06132553
111 41.29467471 002.06144323 53 102
112 41.29469573 002.06137235 41.29472096 002.06134888
111 41.29469573 002.06137235
112 41.29469573 002.06137235 41.29473459 002.06133178 53 102
112 41.29479790 002.06128522 41.29482892 002.06126275
113 41.29479790 002.06128522 53 102
120 LE-KW
111 41.29535242 002.06256866 53
111 41.29560761 002.06329434 53 102
111 41.29548670 002.06336074
112 41.29548670 002.06336074 41.29537681 002.06340349 53 102
112 41.29530978 002.06335328 41.29527745 002.06329734
111 41.29530978 002.06335328 53 102
112 41.29518171 002.06310090 41.29513941 002.06297999 53 102
111 41.29513918 002.06283459
112 41.29513918 002.06283459 41.29513277 002.06275840 53 102
112 41.29524799 002.06264671 41.29535095 002.06256466
113 41.29524799 002.06264671 53 102
120 KW-KE
111 41.29583386 002.06395419 53
111 41.29606723 002.06462741 53 102
111 41.29588484 002.06473471
112 41.29588484 002.06473471 41.29584850 002.06475405 53 102
112 41.29579135 002.06470003 41.29576222 002.06465899
111 41.29579135 002.06470003 53 102
112 41.29567747 002.06446282 41.29562530 002.06435033 53 102
111 41.29560963 002.06425245
112 41.29560963 002.06425245 41.29560002 002.06418689 53 102
112 41.29563120 002.06411575 41.29565642 002.06407738
111 41.29563120 002.06411575
112 41.29563120 002.06411575 41.29565161 002.06409221 53 102
112 41.29572120 002.06402439 41.29575222 002.06400193
113 41.29572120 002.06402439 53 102
120 KE-J
112 41.29637566 002.06555662 41.29647866 002.06549431
111 41.29637566 002.06555662 53
111 41.29693675 002.06717770
112 41.29693675 002.06717770 41.29683609 002.06723690 53 102
112 41.29672223 002.06717179 41.29667307 002.06711259
111 41.29672223 002.06717179
112 41.29672223 002.06717179 41.29657402 002.06693412 53 102
112 41.29630644 002.06635084 41.29621599 002.06605092
111 41.29630644 002.06635084
112 41.29630644 002.06635084 41.29624941 002.06615752 53 102
112 41.29623646 002.06581130 41.29622342 002.06561667
111 41.29623646 002.06581130
114 41.29623646 002.06581130 41.29623178 002.06568979 53 102
120 S14-T14
112 41.29263038 002.06186744 41.29271068 002.06182258
111 41.29263038 002.06186744
112 41.29263038 002.06186744 41.29271770 002.06181946 53 102
111 41.29338976 002.06156100
112 41.29338976 002.06156100 41.29354901 002.06151453 53 102
112 41.29355725 002.06186901 41.29348088 002.06200245
111 41.29355725 002.06186901
112 41.29355725 002.06186901 41.29348603 002.06200931 53 102
112 41.29330321 002.06215325 41.29319763 002.06221493
111 41.29330321 002.06215325 53 102
111 41.29289074 002.06240321 53 102
111 41.29222656 002.06280302
112 41.29222656 002.06280302 41.29197375 002.06295880 53 102
112 41.29202838 002.06236657 41.29221096 002.06221079
113 41.29202838 002.06236657 53 102
120 L-K-S13-T13
112 41.29463765 002.06218336 41.29470952 002.06236322
111 41.29463765 002.06218336
112 41.29463765 002.06218336 41.29471962 002.06237192 53 102
111 41.29508448 002.06350391
112 41.29508448 002.06350391 41.29511762 002.06361002 53 102
112 41.29515490 002.06398309 41.29515104 002.06418038
111 41.29515490 002.06398309
112 41.29515490 002.06398309 41.29514475 002.06427029 53 102
112 41.29469084 002.06389066 41.29453427 002.06341972
111 41.29469084 002.06389066 53 102
112 41.29417756 002.06237181 41.29412487 002.06219426
111 41.29417756 002.06237181
112 41.29417756 002.06237181 41.29414555 002.06227831 53 102
112 41.29406033 002.06178543 41.29404594 002.06158077 53 102
114 41.29432417 002.06162395 41.29445398 002.06179106 53 102
120 Linear Feature 1
111 41.29317506 002.06620351 53 102
112 41.29324581 002.06580310 41.29339528 002.06567437
111 41.29324581 002.06580310 53 102
112 41.29355839 002.06560442 41.29363155 002.06555783 53 102
112 41.29366794 002.06570340 41.29366428 002.06575973 53 102
116 41.29358852 002.06740596 41.29359882 002.06764925
120 KA/B-W3-T12
112 41.29393575 002.06840280 41.29382528 002.06807482 53 102
112 41.29382012 002.06646063 41.29386544 002.06583484
111 41.29382012 002.06646063 53 102
111 41.29387697 002.06598477 53 102
112 41.29395989 002.06557818 41.29401789 002.06540482
111 41.29395989 002.06557818
112 41.29395989 002.06557818 41.29400155 002.06545366 53 102
112 41.29410156 002.06535129 41.29412877 002.06532200
111 41.29410156 002.06535129
112 41.29410156 002.06535129 41.29416666 002.06528123 53 102
112 41.29435312 002.06516827 41.29441407 002.06514061 53 102
112 41.29472542 002.06518724 41.29488333 002.06530523 53 102
111 41.29497556 002.06555229 53 102
111 41.29582259 002.06802476
112 41.29582259 002.06802476 41.29584546 002.06809030 53 102
111 41.29595834 002.06860695
112 41.29595834 002.06860695 41.29598072 002.06874740 53 102
112 41.29586698 002.06892731 41.29578064 002.06899328
111 41.29586698 002.06892731 53 102
112 41.29530096 002.06940310 41.29524644 002.06944056 53 102
112 41.29457090 002.06983029 41.29447331 002.06988438 53 102
115 41.29440956 002.06979356
120 K-J-S12-T12
112 41.29560327 002.06508333 41.29565007 002.06517414
111 41.29560327 002.06508333
112 41.29560327 002.06508333 41.29576691 002.06540087 53 102
112 41.29630126 002.06707892 41.29639250 002.06740482
111 41.29630126 002.06707892
112 41.29630126 002.06707892 41.29635181 002.06724682 53 102
112 41.29641774 002.06761197 41.29642446 002.06770682
111 41.29641774 002.06761197
112 41.29641774 002.06761197 41.29643056 002.06808685 53 102
112 41.29584604 002.06725748 41.29568407 002.06675504
111 41.29584604 002.06725748 53 102
112 41.29522608 002.06540754 41.29519467 002.06524131
111 41.29522608 002.06540754
112 41.29522608 002.06540754 41.29518334 002.06523755 53 102
111 41.29518792 002.06500407
112 41.29518792 002.06500407 41.29519141 002.06478099 53 102
112 41.29543258 002.06480246 41.29552943 002.06490646
111 41.29543258 002.06480246
114 41.29543258 002.06480246 41.29548538 002.06485011 53 102
120 W1-HA-T11
112 41.29515283 002.07197753 41.29511274 002.07185289 53 102
112 41.29519575 002.07164305 41.29524798 002.07160185
111 41.29519575 002.07164305 53 102
112 41.29579783 002.07116913 41.29585781 002.07113051 53 102
111 41.29654380 002.07086826
112 41.29654380 002.07086826 41.29663246 002.07083731 53 102
112 41.29678006 002.07099204 41.29683820 002.07109651
111 41.29678006 002.07099204
112 41.29678006 002.07099204 41.29688616 002.07116422 53 102
111 41.29710596 002.07175165 53 102
115 41.29754825 002.07303908
120 J-H-S11-T11
112 41.29674896 002.06854812 41.29687539 002.06874130
111 41.29674896 002.06854812
112 41.29674896 002.06854812 41.29701797 002.06894633 53 102
112 41.29771916 002.07123544 41.29777641 002.07150479
111 41.29771916 002.07123544
112 41.29771916 002.07123544 41.29775838 002.07138827 53 102
112 41.29776483 002.07170063 41.29775739 002.07178041
111 41.29776483 002.07170063
112 41.29776483 002.07170063 41.29774366 002.07197571 53 102
112 41.29722428 002.07127451 41.29705949 002.07079469
111 41.29722428 002.07127451 53 102
111 41.29664815 002.06955985
112 41.29664815 002.06955985 41.29659408 002.06941248 53 102
112 41.29650552 002.06888328 41.29648212 002.06873315
111 41.29650552 002.06888328
114 41.29650552 002.06888328 41.29646509 002.06861986 53 102
120 HA-GA-T10
111 41.29754825 002.07303908 53 102
111 41.29824433 002.07507934
112 41.29824433 002.07507934 41.29838118 002.07547124 53 102
112 41.29805587 002.07591805 41.29789828 002.07601188
111 41.29805587 002.07591805 53 102
111 41.29780916 002.07606923
112 41.29780916 002.07606923 41.29761287 002.07618949 53 102
112 41.29748324 002.07667962 41.29744897 002.07690770
111 41.29748324 002.07667962
112 41.29748324 002.07667962 41.29745209 002.07694088 53 102
112 41.29738906 002.07797399 41.29738283 002.07822281
111 41.29738906 002.07797399
112 41.29738906 002.07797399 41.29737348 002.07821452 53 102
116 41.29718090 002.07787338 41.29715286 002.07776970
120 H-G-S10-T10
112 41.29817762 002.07267296 41.29837636 002.07323505
111 41.29817762 002.07267296 53 102
111 41.29891194 002.07481016
112 41.29891194 002.07481016 41.29906573 002.07530963 53 102
112 41.29855090 002.07509179 41.29832173 002.07462317
111 41.29855090 002.07509179 53 102
111 41.29777180 002.07283914
114 41.29777180 002.07283914 41.29764304 002.07232372 53 102
120 H-G-R2-S10
112 41.29869171 002.07225410 41.29893089 002.07277937
111 41.29869171 002.07225410 53 102
111 41.29947588 002.07452816
112 41.29947588 002.07452816 41.29959690 002.07498400 53 102
112 41.29913042 002.07475173 41.29890125 002.07429246
111 41.29913042 002.07475173 53 102
111 41.29835132 002.07249908
114 41.29835132 002.07249908 41.29824141 002.07209907 53 102
120 GA-DA-S9/8
111 41.29786649 002.07991070 53 102
112 41.29767330 002.07914662 41.29762695 002.07882787 53 102
112 41.29760515 002.07793862 41.29761544 002.07755542
111 41.29760515 002.07793862
112 41.29760515 002.07793862 41.29760858 002.07755086 53 102
112 41.29774087 002.07671605 41.29779914 002.07646971 53 102
111 41.29794110 002.07638597 53 102
111 41.29817617 002.07625195
112 41.29817617 002.07625195 41.29836467 002.07614247 53 102
112 41.29881227 002.07671178 41.29895964 002.07715428
111 41.29881227 002.07671178 53 102
111 41.29973246 002.07938681 53 102
112 41.29980850 002.07988182 41.29977019 002.08007876 53 102
112 41.29953776 002.08023299 41.29948359 002.08026992 53 102
112 41.29916520 002.08045810 41.29910047 002.08049503 53 102
111 41.29842799 002.08081028
112 41.29842799 002.08081028 41.29827294 002.08088275 53 102
115 41.29816710 002.08077324
120 G-F-S9-T9
112 41.29931848 002.07602873 41.29950807 002.07636349
111 41.29931848 002.07602873
112 41.29931848 002.07602873 41.29943843 002.07627851 53 102
111 41.29949426 002.07651870
112 41.29949426 002.07651870 41.29962581 002.07712899 53 102
112 41.29910783 002.07671002 41.29896854 002.07632376
111 41.29910783 002.07671002 53 102
111 41.29898400 002.07636319
114 41.29898400 002.07636319 41.29885825 002.07579668 53 102
120 G-F-R2-S9
112 41.29986791 002.07570169 41.30002268 002.07604933
111 41.29986791 002.07570169
112 41.29986791 002.07570169 41.29998786 002.07595148 53 102
111 41.30003788 002.07616591
112 41.30003788 002.07616591 41.30022941 002.07681483 53 102
112 41.29968434 002.07636754 41.29957407 002.07600445
111 41.29968434 002.07636754 53 102
111 41.29952956 002.07591770
114 41.29952956 002.07591770 41.29947152 002.07545934 53 102
120 F-E-S8-T8
112 41.29995262 002.07782408 41.30019957 002.07840556
111 41.29995262 002.07782408 53 102
111 41.30039782 002.07913776
112 41.30039782 002.07913776 41.30051550 002.07959631 53 102
112 41.30001064 002.07934248 41.29977036 002.07878391
111 41.30001064 002.07934248 53 102
111 41.29955034 002.07798088
114 41.29955034 002.07798088 41.29943513 002.07751236 53 102
120 F-E-R2-S8
112 41.30049756 002.07750063 41.30055958 002.07768328
111 41.30049756 002.07750063 53 102
111 41.30094276 002.07879561
112 41.30094276 002.07879561 41.30101362 002.07903605 53 102
112 41.30092509 002.07928398 41.30085854 002.07933191
111 41.30092509 002.07928398
112 41.30092509 002.07928398 41.30082299 002.07932058 53 102
112 41.30057665 002.07896295 41.30047447 002.07865365
111 41.30057665 002.07896295 53 102
111 41.30013507 002.07766990
112 41.30013507 002.07766990 41.30009477 002.07754724 53 102
112 41.30010203 002.07733226 41.30011274 002.07725473 53 102
112 41.30019225 002.07715196 41.30022582 002.07713493 53 102
112 41.30029321 002.07715384 41.30032174 002.07716001
111 41.30029321 002.07715384
114 41.30029321 002.07715384 41.30034387 002.07717256 53 102
120 M14-N14
111 41.29123922 002.06282496
112 41.29123922 002.06282496 41.29145171 002.06274286 53 102
112 41.29139784 002.06331544 41.29119906 002.06344316 53 102
111 41.29124062 002.06343104
112 41.29124062 002.06343104 41.29116179 002.06347665 53 102
112 41.29106079 002.06368391 41.29102309 002.06380250
111 41.29106079 002.06368391 53 102
111 41.29085419 002.06440402
112 41.29085419 002.06440402 41.29079935 002.06457278 53 102
112 41.29061696 002.06444763 41.29057240 002.06433816
111 41.29061696 002.06444763 53 102
111 41.29051982 002.06417353
112 41.29051982 002.06417353 41.29048212 002.06405950 53 102
112 41.29055955 002.06371484 41.29062467 002.06349133
111 41.29055955 002.06371484 53 102
111 41.29074623 002.06318801
112 41.29074623 002.06318801 41.29080450 002.06305573 53 102
112 41.29097457 002.06293700 41.29106026 002.06289595
113 41.29097457 002.06293700 53 102
120 N14-V3-N12/13
112 41.29388787 002.07002707 41.29393422 002.07016072 53 102
112 41.29383488 002.07028150 41.29377051 002.07032605
111 41.29383488 002.07028150 53 102
112 41.29361815 002.07042010 41.29355635 002.07045094 53 102
111 41.29293831 002.07068897
112 41.29293831 002.07068897 41.29283531 002.07073009 53 102
112 41.29271954 002.07053323 41.29268092 002.07042356
111 41.29271954 002.07053323 53 102
111 41.29141429 002.06675405 53 102
111 41.29095190 002.06543206
112 41.29095190 002.06543206 41.29091321 002.06532439 53 102
112 41.29093481 002.06517874 41.29094481 002.06511271
111 41.29093481 002.06517874 53 102
111 41.29103576 002.06467914 53 102
112 41.29131462 002.06391428 41.29134653 002.06383220
111 41.29131462 002.06391428
112 41.29131462 002.06391428 41.29138289 002.06377269 53 102
111 41.29149174 002.06370645 53 102
112 41.29236182 002.06313430 41.29244750 002.06308412 53 102
111 41.29333201 002.06265386
112 41.29333201 002.06265386 41.29358563 002.06252613 53 102
112 41.29411073 002.06303575 41.29424439 002.06342804
111 41.29411073 002.06303575 53 102
111 41.29442188 002.06395295
112 41.29442188 002.06395295 41.29455767 002.06439586 53 102
112 41.29421886 002.06482019 41.29400036 002.06497394
111 41.29421886 002.06482019 53 102
112 41.29381628 002.06511808 41.29359210 002.06528122
111 41.29381628 002.06511808
112 41.29381628 002.06511808 41.29350252 002.06531316 53 102
111 41.29298354 002.06562609 53
111 41.29248387 002.06591758 53
115 41.29300093 002.06741683
120 N13 AS
112 41.29117561 002.06739814 41.29119276 002.06745175
111 41.29117561 002.06739814 53 102
112 41.29135884 002.06792423 41.29137075 002.06795726 53 102
112 41.29138868 002.06807038 41.29139464 002.06813115
111 41.29138868 002.06807038
112 41.29138868 002.06807038 41.29140059 002.06815890 53 102
111 41.29139581 002.06828143
112 41.29139581 002.06828143 41.29139184 002.06840298 53 102
112 41.29127735 002.06838474 41.29122772 002.06833585
111 41.29127735 002.06838474 53 102
112 41.29116439 002.06825336 41.29111674 002.06818069 53 102
112 41.29109046 002.06810901 41.29106880 002.06804655
111 41.29109046 002.06810901 53 102
111 41.29102357 002.06791584
112 41.29102357 002.06791584 41.29100462 002.06784977 53 102
112 41.29101257 002.06768906 41.29102069 002.06763741
111 41.29101257 002.06768906 53 102
111 41.29109290 002.06739405
114 41.29109290 002.06739405 41.29111081 002.06733350 53 102
120 M13-AS
111 41.29088771 002.06855598
112 41.29088771 002.06855598 41.29089764 002.06874360 53 102
112 41.29072701 002.06864079 41.29066967 002.06851417
111 41.29072701 002.06864079 53 102
111 41.29039192 002.06763943 53 102
111 41.29050763 002.06755860
112 41.29050763 002.06755860 41.29054069 002.06754570 53 102
112 41.29058397 002.06759590 41.29060038 002.06762072
111 41.29058397 002.06759590 53 102
112 41.29067424 002.06775736 41.29069885 002.06781890 53 102
114 41.29084525 002.06824567 41.29088894 002.06837839 53 102
120 AS-BS-N12-M12
112 41.29177934 002.06914645 41.29200367 002.06964820
111 41.29177934 002.06914645 53 102
111 41.29204962 002.06993243
112 41.29204962 002.06993243 41.29217425 002.07044247 53 102
112 41.29176931 002.07008372 41.29156055 002.06963173
111 41.29176931 002.07008372 53 102
111 41.29149834 002.06930672
114 41.29149834 002.06930672 41.29136125 002.06876351 53 102
120 AS-BS-M12-R10
112 41.29125902 002.06946159 41.29150204 002.06995090
111 41.29125902 002.06946159 53 102
111 41.29152930 002.07024758
112 41.29152930 002.07024758 41.29161965 002.07075762 53 102
112 41.29126145 002.07039472 41.29103088 002.06995517
111 41.29126145 002.07039472 53 102
111 41.29097802 002.06958041
114 41.29097802 002.06958041 41.29088143 002.06907036 53 102
120 BS-CS-N11-M11
112 41.29246439 002.07110415 41.29269184 002.07161005
111 41.29246439 002.07110415 53 102
111 41.29304119 002.07280109
112 41.29304119 002.07280109 41.29318717 002.07337786 53 102
112 41.29276190 002.07296677 41.29253359 002.07244879
111 41.29276190 002.07296677 53 102
111 41.29218837 002.07126204
114 41.29218837 002.07126204 41.29204505 002.07076443 53 102
120 BS-CS-M11-R10
112 41.29194407 002.07145662 41.29218001 002.07201153
111 41.29194407 002.07145662 53 102
111 41.29252087 002.07311210
112 41.29252087 002.07311210 41.29266401 002.07369263 53 102
112 41.29225092 002.07327363 41.29202261 002.07275565
111 41.29225092 002.07327363 53 102
111 41.29167286 002.07162243
114 41.29167286 002.07162243 41.29151821 002.07103434 53 102
120 V1-R6-N9/10
112 41.29677937 002.07845886 41.29685896 002.07870499 53 102
112 41.29657867 002.07871049 41.29646162 002.07858275
111 41.29657867 002.07871049
112 41.29657867 002.07871049 41.29639081 002.07856013 53 102
111 41.29511603 002.07732672
112 41.29511603 002.07732672 41.29501406 002.07722870 53 102
112 41.29493405 002.07703115 41.29489722 002.07691428
111 41.29493405 002.07703115 53 102
111 41.29352870 002.07292556
112 41.29352870 002.07292556 41.29348750 002.07280561 53 102
112 41.29359565 002.07262558 41.29366002 002.07257417
111 41.29359565 002.07262558 53 102
112 41.29401365 002.07228094 41.29408575 002.07223639 53 102
111 41.29443499 002.07211129
112 41.29443499 002.07211129 41.29453026 002.07208388 53 102
116 41.29465024 002.07224717 41.29468114 002.07233971
120 CS-DS-N-M
112 41.29344938 002.07401274 41.29368161 002.07445429
111 41.29344938 002.07401274 53 102
111 41.29368387 002.07464678
112 41.29368387 002.07464678 41.29381243 002.07520423 53 102
112 41.29341312 002.07485205 41.29319332 002.07438291
111 41.29341312 002.07485205 53 102
111 41.29320062 002.07422713
114 41.29320062 002.07422713 41.29306377 002.07365312 53 102
120 CS-DS-M-R10
112 41.29294759 002.07434666 41.29317982 002.07478820
111 41.29294759 002.07434666 53 102
111 41.29314103 002.07492606
112 41.29314103 002.07492606 41.29326958 002.07548351 53 102
112 41.29287027 002.07509490 41.29265048 002.07462576
111 41.29287027 002.07509490 53 102
111 41.29268059 002.07452462
114 41.29268059 002.07452462 41.29254374 002.07395061 53 102
120 DS-ES-N-M
111 41.29423529 002.07629704
112 41.29423529 002.07629704 41.29427346 002.07643404 53 102
112 41.29417871 002.07665181 41.29409812 002.07670655
111 41.29417871 002.07665181
112 41.29417871 002.07665181 41.29408220 002.07671552 53 102
112 41.29389447 002.07648510 41.29380783 002.07633502
111 41.29389447 002.07648510
112 41.29389447 002.07648510 41.29384978 002.07638879 53 102
111 41.29374897 002.07606880
112 41.29374897 002.07606880 41.29360561 002.07548161 53 102
112 41.29410477 002.07588413 41.29428642 002.07632661
113 41.29410477 002.07588413 53 102
120 ES-FS-N-M
111 41.29466548 002.07759723
112 41.29466548 002.07759723 41.29475752 002.07797953 53 102
112 41.29432915 002.07777138 41.29413243 002.07739443
111 41.29432915 002.07777138
112 41.29432915 002.07777138 41.29428317 002.07768646 53 102
111 41.29425684 002.07751826
112 41.29425684 002.07751826 41.29421959 002.07717894 53 102
112 41.29457286 002.07731159 41.29473612 002.07763586
111 41.29457286 002.07731159
114 41.29457286 002.07731159 41.29462971 002.07743578 53 102
120 FS-GS-N-M
111 41.29510897 002.07885336
112 41.29510897 002.07885336 41.29520102 002.07923566 53 102
112 41.29478327 002.07903928 41.29459951 002.07878019
111 41.29478327 002.07903928
112 41.29478327 002.07903928 41.29473729 002.07895436 53 102
111 41.29469548 002.07884982
112 41.29469548 002.07884982 41.29458859 002.07838477 53 102
112 41.29499975 002.07856453 41.29516301 002.07888880
111 41.29499975 002.07856453
114 41.29499975 002.07856453 41.29508642 002.07875275 53 102
120 GS-HS-N-M
111 41.29554049 002.08016379
112 41.29554049 002.08016379 41.29561696 002.08056682 53 102
112 41.29521205 002.08034482 41.29501391 002.07999506
111 41.29521205 002.08034482
112 41.29521205 002.08034482 41.29516139 002.08026613 53 102
111 41.29512791 002.08000036
112 41.29512791 002.08000036 41.29508004 002.07976286 53 102
112 41.29544295 002.07983968 41.29560621 002.08016395
111 41.29544295 002.07983968
114 41.29544295 002.07983968 41.29551423 002.08000741 53 102
120 HS-E4-N7-M7
111 41.29609661 002.08174229
112 41.29609661 002.08174229 41.29614117 002.08190195 53 102
112 41.29602114 002.08208496 41.29594054 002.08213970
111 41.29602114 002.08208496
112 41.29602114 002.08208496 41.29592175 002.08213970 53 102
112 41.29572812 002.08186237 41.29564725 002.08167259
111 41.29572812 002.08186237
112 41.29572812 002.08186237 41.29568343 002.08176606 53 102
111 41.29558049 002.08145174
112 41.29558049 002.08145174 41.29543713 002.08086454 53 102
112 41.29593630 002.08126707 41.29611794 002.08170954
113 41.29593630 002.08126707 53 102
120 R6-E5-R5-N8
111 41.29769568 002.08114229 53 102
112 41.29764840 002.08124698 41.29758525 002.08128433 53 102
111 41.29709513 002.08157035
112 41.29709513 002.08157035 41.29701137 002.08162230 53 102
112 41.29689258 002.08157769 41.29682579 002.08152025
111 41.29689258 002.08157769 53 102
111 41.29637741 002.08108795
112 41.29637741 002.08108795 41.29631441 002.08103243 53 102
112 41.29623434 002.08084471 41.29619001 002.08070402
111 41.29623434 002.08084471 53 102
111 41.29560927 002.07902810
112 41.29560927 002.07902810 41.29548838 002.07867666 53 102
112 41.29581296 002.07852284 41.29602531 002.07853109
111 41.29581296 002.07852284
112 41.29581296 002.07852284 41.29595652 002.07852818 53 102
112 41.29616689 002.07869598 41.29630504 002.07882994
111 41.29616689 002.07869598
112 41.29616689 002.07869598 41.29644363 002.07895920 53 102
112 41.29718669 002.08002541 41.29749019 002.08055548
111 41.29718669 002.08002541
114 41.29718669 002.08002541 41.29752652 002.08061895 53 102
120 U1 Gate A/AN
111 41.30618765 002.08934312
112 41.30618765 002.08934312 41.30621143 002.08941172 53
112 41.30621639 002.08966242 41.30619524 002.08974686
111 41.30621639 002.08966242 53 102
111 41.30609522 002.09011898
112 41.30609522 002.09011898 41.30606478 002.09021661 53 102
112 41.30576757 002.09026211 41.30561985 002.09019523
111 41.30576757 002.09026211 53 102
111 41.30439156 002.08961669
112 41.30439156 002.08961669 41.30435286 002.08959580 53 102
112 41.30413561 002.08921969 41.30410424 002.08904011 53 102
112 41.30426648 002.08885988 41.30430622 002.08883482
111 41.30426648 002.08885988 53
113 41.30571963 002.08798960 53
120 UB U2 U3
112 41.30602124 002.09289258 41.30597589 002.09287280 53 102
112 41.30600108 002.09273934 41.30605552 002.09267979
111 41.30600108 002.09273934 53 102
111 41.30674752 002.09189889
112 41.30674752 002.09189889 41.30688295 002.09173922 53 102
112 41.30695017 002.09120883 41.30692889 002.09093841
111 41.30695017 002.09120883
112 41.30695017 002.09120883 41.30694243 002.09112642 53 102
112 41.30706048 002.09112897 41.30712057 002.09116171
111 41.30706048 002.09112897 53 102
111 41.30830865 002.09171801
112 41.30830865 002.09171801 41.30837888 002.09175767 53 102
112 41.30854257 002.09200512 41.30858087 002.09212127
111 41.30854257 002.09200512 53 102
111 41.30909810 002.09362978
112 41.30909810 002.09362978 41.30918322 002.09387625 53 102
116 41.30897369 002.09413483 41.30885878 002.09420566
120 U1 UB S4
112 41.30471744 002.09007090 41.30483895 002.09012896
111 41.30471744 002.09007090 53 102
111 41.30600287 002.09067139 53 102
112 41.30630835 002.09085041 41.30643183 002.09093060 53 102
111 41.30654716 002.09105057
112 41.30654716 002.09105057 41.30667138 002.09116667 53 102
112 41.30661034 002.09156800 41.30651520 002.09173510
111 41.30661034 002.09156800 53 102
112 41.30641903 002.09188866 41.30635032 002.09198365 53 102
111 41.30605735 002.09231727
112 41.30605735 002.09231727 41.30582794 002.09257279 53 102
112 41.30529443 002.09255565 41.30499948 002.09240919
111 41.30529443 002.09255565 53 102
111 41.30453964 002.09034571
114 41.30453964 002.09034571 41.30446486 002.09011760 53 102
120 Rampa 0 U2
111 41.30870221 002.09111071 53 102
111 41.30891000 002.09170230 53 102
111 41.30636111 002.09054501
112 41.30636111 002.09054501 41.30624173 002.09048892 53 102
112 41.30624241 002.09023933 41.30626348 002.09015519
111 41.30624241 002.09023933 53 102
111 41.30630068 002.09001577
112 41.30630068 002.09001577 41.30632174 002.08995345 53 102
112 41.30641480 002.08998544 41.30645549 002.09000557
111 41.30641480 002.08998544 53 102
111 41.30840360 002.09096381 53 102
113 41.30849124 002.09100693 53 102
120 U6 S - P-S2/3
111 41.30944393 002.09444841 53 102
111 41.30967663 002.09418992 53 102
111 41.31009150 002.09394092
112 41.31009150 002.09394092 41.31016200 002.09390227 53 102
112 41.31029658 002.09390094 41.31038781 002.09394510
111 41.31029658 002.09390094 53 102
111 41.31093708 002.09420753 53 102
112 41.31131137 002.09443448 41.31135075 002.09446046
111 41.31131137 002.09443448
112 41.31131137 002.09443448 41.31141256 002.09450124 53 102
111 41.31155831 002.09461020
112 41.31155831 002.09461020 41.31169540 002.09470602 53 102
112 41.31172282 002.09511666 41.31168512 002.09531741
111 41.31172282 002.09511666 53 102
111 41.31157783 002.09596188 53 102
111 41.31136353 002.09661597
112 41.31136353 002.09661597 41.31133344 002.09669213 53 102
112 41.31123455 002.09680880 41.31119329 002.09685617
111 41.31123455 002.09680880 53 102
112 41.31081058 002.09723293 41.31064672 002.09739498 53 102
112 41.31053917 002.09803907 41.31053215 002.09832889 53 102
111 41.31049708 002.09875973
112 41.31049708 002.09875973 41.31048790 002.09895640 53 102
112 41.31020764 002.09911243 41.31007662 002.09911042
111 41.31020764 002.09911243 53
111 41.30987649 002.09911190
111 41.30988093 002.09938334 53
111 41.31024706 002.09938891
112 41.31024706 002.09938891 41.31035673 002.09939347 53 102
112 41.31053034 002.09964911 41.31057832 002.09982706
111 41.31053034 002.09964911 53 102
111 41.31058811 002.09981826 53 102
111 41.31065546 002.10022469
112 41.31065546 002.10022469 41.31068556 002.10043121 53 102
112 41.31053914 002.10076695 41.31046545 002.10088772
111 41.31053914 002.10076695 53 102
112 41.31036702 002.10096585 41.31028488 002.10102619
111 41.31036702 002.10096585 53 102
111 41.30980089 002.10135630 53 102
111 41.30897484 002.10185901
112 41.30897484 002.10185901 41.30875505 002.10199151 53 102
112 41.30838596 002.10158298 41.30829185 002.10128754
111 41.30838596 002.10158298 53 102
115 41.30551771 002.09323064
120 U6 N
111 41.31125996 002.10041285 81
111 41.31106117 002.10053950 53 102
111 41.31087471 002.09991595
112 41.31087471 002.09991595 41.31082080 002.09973653 53 102
112 41.31075519 002.09938747 41.31072753 002.09918711
111 41.31075519 002.09938747 53 102
111 41.31071973 002.09879928 53 102
111 41.31077753 002.09809748
112 41.31077753 002.09809748 41.31081070 002.09779935 53 102
112 41.31103690 002.09747571 41.31113642 002.09738737
111 41.31103690 002.09747571 53 102
111 41.31127323 002.09724263
112 41.31127323 002.09724263 41.31140179 002.09713221 53 102
112 41.31158377 002.09678055 41.31164183 002.09656523
111 41.31158377 002.09678055 53 102
111 41.31201789 002.09515535
112 41.31201789 002.09515535 41.31210014 002.09483597 53 102
112 41.31171573 002.09428172 41.31140728 002.09412203
111 41.31171573 002.09428172 53 102
115 41.31055395 002.09372620
120 Lateral oeste (S14-M14-07L)
111 41.29406654 002.06052135 53 102
111 41.29414634 002.06075305
112 41.29414634 002.06075305 41.29415527 002.06078098 53 102
112 41.29416849 002.06099877 41.29415820 002.06112197
111 41.29416849 002.06099877
112 41.29416849 002.06099877 41.29415820 002.06112197 53 102
112 41.29404081 002.06114780 41.29402557 002.06114711
111 41.29404081 002.06114780 53 102
111 41.29346408 002.06113660
112 41.29346408 002.06113660 41.29336328 002.06112809 53 102
112 41.29322321 002.06119062 41.29314167 002.06123318
111 41.29322321 002.06119062 53 102
111 41.29258285 002.06157616
112 41.29258285 002.06157616 41.29237168 002.06170555 53 102
112 41.29197158 002.06184964 41.29180665 002.06194696
111 41.29197158 002.06184964 53 102
111 41.29088132 002.06247841
112 41.29088132 002.06247841 41.29075261 002.06255497 53 102
112 41.29047634 002.06303056 41.29041098 002.06324165
111 41.29047634 002.06303056 53 102
111 41.29047634 002.06303056 53 102
111 41.29007722 002.06444704 53 102
111 41.28973332 002.06569508
112 41.28973332 002.06569508 41.28970287 002.06584133 53 102
115 41.28975086 002.06599441
120 D M E K
111 41.29056836 002.08583635 53 102
112 41.29465188 002.08335573 41.29471604 002.08332312 53 102
111 41.29527691 002.08310440
112 41.29527691 002.08310440 41.29535205 002.08307248 53 102
112 41.29553923 002.08321160 41.29561438 002.08336269
111 41.29553923 002.08321160 53 102
112 41.29587273 002.08391000 41.29590311 002.08399299 53 102
111 41.29605911 002.08473552
112 41.29605911 002.08473552 41.29608252 002.08487430 53 102
112 41.29594925 002.08505038 41.29586413 002.08512402
111 41.29594925 002.08505038 53 102
112 41.29541251 002.08549344 41.29531312 002.08555730 53 102
111 41.29301500 002.08694510
111 41.29246974 002.08727248 53 102
111 41.29165673 002.08776117 53 102
112 41.29022250 002.08861693 41.29018784 002.08863316
111 41.29022250 002.08861693
112 41.29022250 002.08861693 41.29016353 002.08864454 53 102
111 41.28958135 002.08887215
112 41.28958135 002.08887215 41.28949429 002.08890305 53 102
112 41.28934944 002.08875174 41.28929141 002.08863330
111 41.28934944 002.08875174 53 102
112 41.28902163 002.08806077 41.28899126 002.08797566 53 102
111 41.28883678 002.08726400
112 41.28883678 002.08726400 41.28881279 002.08715731 53 102
112 41.28892352 002.08695541 41.28900542 002.08688300
111 41.28892352 002.08695541 53 102
111 41.28895391 002.08692951 53 102
112 41.28948743 002.08648842 41.28956664 002.08643307
111 41.28948743 002.08648842
112 41.28948743 002.08648842 41.28958107 002.08642299 53 102
115 41.29002303 002.08615009
120 J K E
111 41.28781957 002.08457282 53 102
112 41.28763555 002.08401805 41.28759387 002.08386599
111 41.28763555 002.08401805
112 41.28763555 002.08401805 41.28759573 002.08388774 53 102
111 41.28743264 002.08311150
112 41.28743264 002.08311150 41.28739659 002.08290932 53 102
112 41.28763369 002.08278798 41.28774698 002.08280854
111 41.28763369 002.08278798 53 102
111 41.28833568 002.08295383 53 102
111 41.29170023 002.08449484
112 41.29170023 002.08449484 41.29182686 002.08456272 53 102
112 41.29171402 002.08481537 41.29163839 002.08485984
111 41.29171402 002.08481537 53 102
111 41.29027358 002.08568808
111 41.28971838 002.08602137 53 102
112 41.28939391 002.08620719 41.28932184 002.08624062
111 41.28939391 002.08620719
112 41.28939391 002.08620719 41.28933251 002.08623567 53 102
111 41.28879013 002.08645417 53 102
111 41.28875637 002.08646774
112 41.28875637 002.08646774 41.28866843 002.08649817 53 102
112 41.28852135 002.08635394 41.28847035 002.08623925
111 41.28852135 002.08635394 53 102
112 41.28815832 002.08555037 41.28808596 002.08537761 53 102
115 41.28805449 002.08526157
120 Lateral este (KDMP)
111 41.29253758 002.10333857 53 102
111 41.29337184 002.10283568
112 41.29337184 002.10283568 41.29347159 002.10277624 53 102
112 41.29375489 002.10234820 41.29381546 002.10213248 53 102
112 41.29378762 002.10163361 41.29373468 002.10147515
111 41.29378762 002.10163361 53 102
111 41.29303046 002.09941839 53 102
111 41.29270900 002.09885404 53 102
112 41.28984887 002.09050521 41.28983330 002.09045031
111 41.28984887 002.09050521
112 41.28984887 002.09050521 41.28981018 002.09036875 53 102
111 41.28966204 002.08966384
112 41.28966204 002.08966384 41.28963360 002.08952765 53 102
112 41.28974394 002.08936056 41.28981445 002.08930044
111 41.28974394 002.08936056 53 102
112 41.29030937 002.08889864 41.29036037 002.08886587
111 41.29030937 002.08889864
112 41.29030937 002.08889864 41.29033941 002.08887429 53 102
111 41.29175026 002.08803632 53 102
111 41.29277768 002.08741182
111 41.29333339 002.08708488 53 102
112 41.29546565 002.08579706 41.29552796 002.08576690 53 102
111 41.29612310 002.08552851
112 41.29612310 002.08552851 41.29621657 002.08549835 53 102
112 41.29637236 002.08564435 41.29642618 002.08575368
111 41.29637236 002.08564435 53 102
112 41.29672846 002.08639080 41.29677094 002.08648505 53 102
111 41.29763954 002.08905143
111 41.29787647 002.08973853 53 102
111 41.30310947 002.10502825
112 41.30310947 002.10502825 41.30315848 002.10518884 53 102
112 41.30338087 002.10536675 41.30346748 002.10541037
111 41.30338087 002.10536675 53 102
111 41.30431388 002.10583389
112 41.30431388 002.10583389 41.30443540 002.10588710 53 102
112 41.30470088 002.10578028 41.30479202 002.10572494
111 41.30470088 002.10578028 53 102
111 41.30582048 002.10510676 53
111 41.30644070 002.10473603 53 102
111 41.30801954 002.10379176
112 41.30801954 002.10379176 41.30810002 002.10374538 53 102
112 41.30825433 002.10348044 41.30829157 002.10336051
111 41.30825433 002.10348044 53 102
111 41.30849147 002.10265351
112 41.30849147 002.10265351 41.30855371 002.10244707 53 102
112 41.30872416 002.10230834 41.30884100 002.10223856
111 41.30872416 002.10230834 53 102
112 41.31038883 002.10135222 41.31046815 002.10131359 53 102
111 41.31065004 002.10126707
112 41.31065004 002.10126707 41.31077192 002.10123359 53 102
112 41.31109269 002.10150534 41.31117289 002.10164348
111 41.31109269 002.10150534 53 102
111 41.31145435 002.10235347 53 102
111 41.31243700 002.10523523 53 106
115 41.31282669 002.10499904
120 K G7-G8
112 41.28588844 002.08392424 41.28557934 002.08299527 53 102
112 41.28560847 002.08101990 41.28566906 002.08028845
111 41.28560847 002.08101990
112 41.28560847 002.08101990 41.28561351 002.08093634 53 102
112 41.28566470 002.08074472 41.28569777 002.08066192
111 41.28566470 002.08074472
112 41.28566470 002.08074472 41.28568880 002.08068579 53 102
112 41.28578960 002.08051686 41.28583376 002.08046053
111 41.28578960 002.08051686
112 41.28578960 002.08051686 41.28589854 002.08041061 53 102
112 41.28608370 002.08055553 41.28614339 002.08068065
111 41.28608370 002.08055553 53 102
111 41.28641373 002.08123055
112 41.28641373 002.08123055 41.28644749 002.08130324 53 102
112 41.28648956 002.08143165 41.28651041 002.08149905
111 41.28648956 002.08143165 53 102
111 41.28662209 002.08193667
112 41.28662209 002.08193667 41.28663091 002.08197910 53 102
112 41.28661814 002.08264739 41.28661963 002.08274271
111 41.28661814 002.08264739
112 41.28661814 002.08264739 41.28660769 002.08290754 53 102
112 41.28646926 002.08473155 41.28645896 002.08493037
111 41.28646926 002.08473155
112 41.28646926 002.08473155 41.28645897 002.08495840 53 102
116 41.28620897 002.08485700 41.28615230 002.08470618
120 K G8-G9
112 41.28460417 002.08014008 41.28429507 002.07921112 53 102
112 41.28429567 002.07721369 41.28435626 002.07648225
111 41.28429567 002.07721369
112 41.28429567 002.07721369 41.28430072 002.07713014 53 102
112 41.28435664 002.07693189 41.28438971 002.07684908
111 41.28435664 002.07693189
112 41.28435664 002.07693189 41.28438074 002.07687295 53 102
112 41.28448779 002.07670850 41.28453480 002.07666481
111 41.28448779 002.07670850
112 41.28448779 002.07670850 41.28459673 002.07660225 53 102
112 41.28478186 002.07676983 41.28484155 002.07689494
111 41.28478186 002.07676983 53 102
111 41.28517323 002.07756451
112 41.28517323 002.07756451 41.28522982 002.07769476 53 102
112 41.28533815 002.07804000 41.28537463 002.07816177
111 41.28533815 002.07804000 53 102
111 41.28549586 002.07864202
112 41.28549586 002.07864202 41.28550468 002.07868445 53 102
112 41.28550486 002.07874395 41.28550757 002.07878999
111 41.28550486 002.07874395 53 102
112 41.28550380 002.07937270 41.28550531 002.07946802
111 41.28550380 002.07937270
112 41.28550380 002.07937270 41.28549337 002.07963285 53 102
112 41.28534902 002.08151600 41.28533872 002.08171482
111 41.28534902 002.08151600
112 41.28534902 002.08151600 41.28533871 002.08167725 53 102
116 41.28508487 002.08158478 41.28502394 002.08142074
120 K G3-G4
112 41.29123826 002.09955322 41.29118376 002.09938114 53 102
112 41.29144237 002.09933855 41.29154097 002.09943163
111 41.29144237 002.09933855 53 102
111 41.29249585 002.10036142
112 41.29249585 002.10036142 41.29253547 002.10040041 53 102
112 41.29252930 002.10054498 41.29251321 002.10060405
111 41.29252930 002.10054498 53 102
111 41.29220980 002.10168220
112 41.29220980 002.10168220 41.29216500 002.10181620 53 102
116 41.29196511 002.10167553 41.29190695 002.10150491
120 K G4-G5
112 41.28995278 002.09578137 41.28988177 002.09555457 53 102
112 41.29014586 002.09553187 41.29023653 002.09561765
111 41.29014586 002.09553187 53 102
112 41.29146905 002.09679253 41.29152663 002.09684787 53 102
111 41.29183524 002.09721077
112 41.29183524 002.09721077 41.29186432 002.09724595 53 102
112 41.29188286 002.09728601 41.29189873 002.09732119
111 41.29188286 002.09728601 53 102
112 41.29206985 002.09771331 41.29211479 002.09781886
111 41.29206985 002.09771331
112 41.29206985 002.09771331 41.29213329 002.09786812 53 102
112 41.29229945 002.09837844 41.29233118 002.09853325
111 41.29229945 002.09837844
112 41.29229945 002.09837844 41.29233911 002.09851566 53 102
111 41.29246907 002.09924487
112 41.29246907 002.09924487 41.29250392 002.09944479 53 102
112 41.29231553 002.09956787 41.29222420 002.09959026
111 41.29231553 002.09956787
112 41.29231553 002.09956787 41.29226626 002.09957906 53 102
112 41.29215494 002.09956946 41.29209726 002.09956147
111 41.29215494 002.09956946
112 41.29215494 002.09956946 41.29211889 002.09956467 53 102
112 41.29195363 002.09945737 41.29188230 002.09938126
111 41.29195363 002.09945737
112 41.29195363 002.09945737 41.29129068 002.09887716 53 102
116 41.29038965 002.09705507 41.29011726 002.09625852
120 K G5-G6
112 41.28882745 002.09247791 41.28877801 002.09232451 53 102
112 41.28903832 002.09228001 41.28914888 002.09239195
111 41.28903832 002.09228001 53 102
111 41.29033702 002.09351040 53 102
111 41.29071967 002.09395153
112 41.29071967 002.09395153 41.29074151 002.09397929 53 102
112 41.29076662 002.09402827 41.29078251 002.09406396
111 41.29076662 002.09402827 53 102
112 41.29098253 002.09452872 41.29098750 002.09455251
111 41.29098253 002.09452872
112 41.29098253 002.09452872 41.29099147 002.09455251 53 102
111 41.29117563 002.09542754
112 41.29117563 002.09542754 41.29121174 002.09559816 53 102
112 41.29102021 002.09575240 41.29090557 002.09576601
111 41.29102021 002.09575240
112 41.29102021 002.09575240 41.29095613 002.09576481 53 102
112 41.29070519 002.09569148 41.29058094 002.09562111
111 41.29070519 002.09569148
112 41.29070519 002.09569148 41.29063381 002.09563694 53 102
112 41.29036617 002.09536553 41.29020439 002.09517801
111 41.29036617 002.09536553
112 41.29036617 002.09536553 41.28985069 002.09483297 53 102
116 41.28911507 002.09332465 41.28889062 002.09270060
120 K G6-G7
112 41.28705031 002.08732018 41.28679825 002.08657315 53 102
112 41.28672997 002.08421142 41.28680635 002.08289808
111 41.28672997 002.08421142
112 41.28672997 002.08421142 41.28677145 002.08399058 53 102
112 41.28690329 002.08378455 41.28696806 002.08372298
111 41.28690329 002.08378455
112 41.28690329 002.08378455 41.28699445 002.08369020 53 102
112 41.28720908 002.08382662 41.28727769 002.08396476
111 41.28720908 002.08382662
112 41.28720908 002.08382662 41.28724602 002.08389686 53 102
111 41.28759798 002.08462449 53 102
112 41.28985997 002.09124177 41.28986245 002.09125366
111 41.28985997 002.09124177
112 41.28985997 002.09124177 41.28986891 002.09126556 53 102
111 41.29006099 002.09216170
112 41.29006099 002.09216170 41.29009711 002.09233232 53 102
112 41.28990426 002.09249008 41.28978961 002.09250369
111 41.28990426 002.09249008
112 41.28990426 002.09249008 41.28982960 002.09250600 53 102
112 41.28956412 002.09241156 41.28945705 002.09232888
111 41.28956412 002.09241156
112 41.28956412 002.09241156 41.28949274 002.09235703 53 102
112 41.28923039 002.09208386 41.28906861 002.09189634
111 41.28923039 002.09208386
112 41.28923039 002.09208386 41.28871491 002.09155130 53 102
116 41.28797154 002.09000177 41.28775871 002.08937514
120 Isla K10
112 41.28539896 002.07576968 41.28545245 002.07593667
111 41.28539896 002.07576968 53 102
111 41.28555075 002.07614128
112 41.28555075 002.07614128 41.28558315 002.07623550 53 102
112 41.28565832 002.07672390 41.28565938 002.07687702 53 102
112 41.28554379 002.07699056 41.28546480 002.07702436
111 41.28554379 002.07699056
112 41.28554379 002.07699056 41.28547106 002.07702168 53 102
112 41.28532457 002.07691640 41.28526237 002.07685354
111 41.28532457 002.07691640
112 41.28532457 002.07691640 41.28527531 002.07686843 53 102
112 41.28518869 002.07673679 41.28514345 002.07665613
111 41.28518869 002.07673679 53 102
112 41.28500290 002.07633392 41.28497046 002.07624599 53 102
112 41.28491018 002.07560637 41.28495150 002.07548103 53 102
112 41.28518313 002.07545967 41.28524916 002.07552160
111 41.28518313 002.07545967
114 41.28518313 002.07545967 41.28523822 002.07550065 53 102
120 Isla K8
112 41.28689806 002.08035683 41.28694351 002.08049166
111 41.28689806 002.08035683 53 102
112 41.28725767 002.08141361 41.28727687 002.08150087
111 41.28725767 002.08141361
112 41.28725767 002.08141361 41.28728166 002.08149023 53 102
112 41.28730865 002.08185388 41.28729665 002.08195891
111 41.28730865 002.08185388
112 41.28730865 002.08185388 41.28730066 002.08192968 53 102
112 41.28711487 002.08197326 41.28700910 002.08193792
111 41.28711487 002.08197326
112 41.28711487 002.08197326 41.28701764 002.08193593 53 102
112 41.28682482 002.08160621 41.28678094 002.08147707
111 41.28682482 002.08160621
112 41.28682482 002.08160621 41.28675445 002.08146787 53 102
111 41.28652418 002.08077560
112 41.28652418 002.08077560 41.28649832 002.08068840 53 102
112 41.28643756 002.08013309 41.28645456 002.08003651
111 41.28643756 002.08013309
112 41.28643756 002.08013309 41.28646210 002.08003126 53 102
112 41.28664529 002.08001082 41.28674224 002.08010057
111 41.28664529 002.08001082
114 41.28664529 002.08001082 41.28672543 002.08006983 53 102
120 Isla K9
112 41.28616699 002.07793767 41.28619258 002.07802493
111 41.28616699 002.07793767 53 102
112 41.28641314 002.07866901 41.28643873 002.07875626
111 41.28641314 002.07866901 53 102
111 41.28648836 002.07901733
112 41.28648836 002.07901733 41.28651917 002.07915625 53 102
112 41.28648260 002.07935333 41.28644377 002.07948411 53 102
112 41.28620469 002.07945346 41.28610419 002.07936623
111 41.28620469 002.07945346
112 41.28620469 002.07945346 41.28615379 002.07941201 53 102
112 41.28591807 002.07898684 41.28587689 002.07887875
111 41.28591807 002.07898684 53 102
111 41.28561553 002.07805544
112 41.28561553 002.07805544 41.28559761 002.07797220 53 102
112 41.28557714 002.07763490 41.28558093 002.07747737 53 102
112 41.28587408 002.07743038 41.28597004 002.07753466
111 41.28587408 002.07743038
114 41.28587408 002.07743038 41.28592046 002.07748146 53 102
120 Stand 200
111 41.29052944 002.06882054 51 101
112 41.29045495 002.06878583 41.29040855 002.06877601
111 41.29045495 002.06878583
112 41.29045495 002.06878583 41.29044109 002.06878289 101
112 41.29040705 002.06878191 41.29039076 002.06878281
111 41.29040705 002.06878191
112 41.29040705 002.06878191 41.29038209 002.06878328 51 101
112 41.29032645 002.06880722 41.29029815 002.06882402
111 41.29032645 002.06880722
112 41.29032645 002.06880722 41.29021786 002.06887168 51
115 41.28975038 002.06915772
120 Stand 202
111 41.29088084 002.06895407 51 101
112 41.29075930 002.06910342 41.29071845 002.06919704
111 41.29075930 002.06910342 51 101
111 41.29068547 002.06927750
112 41.29068547 002.06927750 41.29067778 002.06929555
112 41.29065363 002.06933409 41.29063897 002.06935679
111 41.29065363 002.06933409
112 41.29065363 002.06933409 41.29062935 002.06937169 51
112 41.29055502 002.06943853 41.29051407 002.06946576
111 41.29055502 002.06943853 51
115 41.28996576 002.06979466
120 202a
112 41.29082016 002.06955494 41.29080669 002.06951503 51
112 41.29074910 002.06945432 41.29071734 002.06942838
111 41.29074910 002.06945432
112 41.29074910 002.06945432 41.29073571 002.06944339
111 41.29070593 002.06942679 51
116 41.29055502 002.06943853 41.29043792 002.06948086
120 Stand 204
111 41.29095637 002.06994673 51
111 41.29092447 002.06996738
111 41.29088220 002.06999476 51
111 41.29086110 002.07000842
111 41.29068291 002.07011846 51
115 41.29018168 002.07043319
120 Stand 206
111 41.29117585 002.07059134 51
111 41.29114106 002.07061387
111 41.29109975 002.07064061 51
111 41.29108057 002.07065303
111 41.29090239 002.07076308 51
115 41.29039613 002.07106737
120 Stand 208
111 41.29146324 002.07142297 51
111 41.29142832 002.07144557
111 41.29138588 002.07147305 51
111 41.29136796 002.07148465
111 41.29118978 002.07159470 51
115 41.29067867 002.07190292
120 Stand 210
111 41.29168053 002.07205799 51
111 41.29164453 002.07208130
111 41.29160356 002.07210783 51
111 41.29158525 002.07211968
111 41.29140707 002.07222972 51
115 41.29089477 002.07254198
120 Stand 212
111 41.29189987 002.07269285 51
111 41.29186464 002.07271566
111 41.29182214 002.07274317 51
111 41.29180460 002.07275453
111 41.29162642 002.07286458 51
115 41.29111031 002.07317940
120 Stand 214
111 41.29211803 002.07332437 51
111 41.29208361 002.07334665
111 41.29203854 002.07337583 51
111 41.29202275 002.07338605
111 41.29184457 002.07349610 51
115 41.29132537 002.07381540
120 Stand 216
112 41.29287858 002.07552633 41.29293668 002.07569797 51 101
112 41.29323878 002.07568247 41.29334947 002.07561516
111 41.29323878 002.07568247 51 101
111 41.29302621 002.07581057
112 41.29302621 002.07581057 41.29300856 002.07582006 52 101
112 41.29294791 002.07582297 41.29292693 002.07582723
111 41.29294791 002.07582297
112 41.29294791 002.07582297 41.29293294 002.07582241 101
112 41.29290221 002.07581500 41.29288722 002.07581118
111 41.29290221 002.07581500
112 41.29290221 002.07581500 41.29287577 002.07580827 52 101
112 41.29283170 002.07577519 41.29281389 002.07575847
111 41.29283170 002.07577519 52 101
111 41.29263039 002.07557890 52
111 41.29253192 002.07548115 52
111 41.29236536 002.07529760 52
115 41.29162500 002.07456944
120 216a
112 41.29263039 002.07557890 41.29271701 002.07573658 52 101
112 41.29269334 002.07591266 41.29266815 002.07599196
111 41.29269334 002.07591266
112 41.29269334 002.07591266 41.29268654 002.07593405 101
112 41.29266850 002.07596901 41.29265913 002.07598522
111 41.29266850 002.07596901
112 41.29266850 002.07596901 41.29263598 002.07602528 52 101
115 41.29260052 002.07606710
120 Stand 217
111 41.29262298 002.07605356 51 101
112 41.29253210 002.07603793 41.29250292 002.07602231
111 41.29253210 002.07603793
112 41.29253210 002.07603793 41.29252463 002.07603414 101
112 41.29248480 002.07601740 41.29247508 002.07601052
111 41.29248480 002.07601740
112 41.29248480 002.07601740 41.29242981 002.07598593 51 101
112 41.29233391 002.07582510 41.29227969 002.07574084
111 41.29233391 002.07582510 51
111 41.29228172 002.07574294 51
115 41.29155759 002.07461819
120 217a
112 41.29233391 002.07582510 41.29237781 002.07589410 51 101
112 41.29236793 002.07609054 41.29234426 002.07618624
111 41.29236793 002.07609054
112 41.29236793 002.07609054 41.29236027 002.07611311 101
112 41.29234567 002.07615770 41.29233671 002.07618035
111 41.29234567 002.07615770
112 41.29234567 002.07615770 41.29231384 002.07621416 51 101
115 41.29227576 002.07626280
120 Stand 218
111 41.29203394 002.07640852 51
111 41.29201778 002.07636110
111 41.29199787 002.07630237 51
111 41.29199317 002.07628851
111 41.29188203 002.07597020 51
115 41.29158056 002.07508055
120 Stand 220
112 41.29220753 002.07630391 41.29217368 002.07632313 52 101
112 41.29209825 002.07631405 41.29206178 002.07631066
111 41.29209825 002.07631405
112 41.29209825 002.07631405 41.29208736 002.07631304 52 101
112 41.29206181 002.07630714 41.29205125 002.07630399
111 41.29206181 002.07630714
112 41.29206181 002.07630714 41.29203459 002.07629901 52 101
112 41.29198731 002.07626150 41.29196566 002.07623923
111 41.29198731 002.07626150 52 101
112 41.29181878 002.07609244 41.29179713 002.07607017
111 41.29181878 002.07609244 52 101
111 41.29176694 002.07604044 52
115 41.29093055 002.07520833
120 Stand 221
112 41.29181878 002.07609244 41.29188115 002.07616040 52 101
112 41.29188106 002.07636987 41.29186437 002.07646797
111 41.29188106 002.07636987
112 41.29188106 002.07636987 41.29187745 002.07639113 52 101
112 41.29186585 002.07643048 41.29185938 002.07644939
111 41.29186585 002.07643048
112 41.29186585 002.07643048 41.29185000 002.07647680 52 101
116 41.29179289 002.07655139 41.29176333 002.07656902
120 Stand 221
111 41.29087982 002.07513338 51
111 41.29124933 002.07633703
112 41.29124933 002.07633703 41.29125557 002.07635686 51 101
112 41.29126887 002.07639138 41.29127562 002.07640785
111 41.29126887 002.07639138
112 41.29126887 002.07639138 41.29127648 002.07640996 101
112 41.29129234 002.07644141 41.29130032 002.07645629
111 41.29129234 002.07644141
112 41.29129234 002.07644141 41.29132032 002.07649356 51 101
112 41.29137417 002.07654810 41.29139866 002.07657138
111 41.29137417 002.07654810
112 41.29137417 002.07654810 41.29141184 002.07658391 51 101
112 41.29161667 002.07665583 41.29169297 002.07661046
111 41.29161667 002.07665583 51 101
112 41.29179289 002.07655139 41.29186919 002.07650602
111 41.29179289 002.07655139 51 101
112 41.29184686 002.07651940 41.29192316 002.07647403
111 41.29184686 002.07651940 51 101
111 41.29203394 002.07640852 51 101
111 41.29214843 002.07633953 51 101
111 41.29220753 002.07630391 51 101
111 41.29222719 002.07629207 51 101
111 41.29227576 002.07626280 51 101
111 41.29260052 002.07606710 51 101
111 41.29262298 002.07605356 51 101
115 41.29271688 002.07599698
120 Stand 222
111 41.29161667 002.07665583 52 101
111 41.29143557 002.07676910
112 41.29143557 002.07676910 41.29141394 002.07678174 52 101
112 41.29136904 002.07679560 41.29134734 002.07679908
111 41.29136904 002.07679560
112 41.29136904 002.07679560 41.29135246 002.07679826 101
112 41.29131251 002.07679333 41.29129645 002.07679114
111 41.29131251 002.07679333
112 41.29131251 002.07679333 41.29123343 002.07678254 52
112 41.29113079 002.07659650 41.29109892 002.07649806
111 41.29113079 002.07659650 52
111 41.29108130 002.07644800 52
115 41.29078880 002.07558056
120 222a
112 41.29136904 002.07679560 41.29143784 002.07679414 52 101
116 41.29153211 002.07689946 41.29156105 002.07698313
120 Stand 224
111 41.29251699 002.07977255 51 101
111 41.29237310 002.07935277 51 101
111 41.29207885 002.07849442 51 101
111 41.29190682 002.07799256 51 101
111 41.29164120 002.07721769 51 101
111 41.29153211 002.07689946 51 101
111 41.29145662 002.07667923
112 41.29145662 002.07667923 41.29144138 002.07662970 51 101
112 41.29137417 002.07654810 41.29133800 002.07651282
111 41.29137417 002.07654810
112 41.29137417 002.07654810 41.29133385 002.07650877 51 101
112 41.29124891 002.07648213 41.29121065 002.07648109
111 41.29124891 002.07648213
112 41.29124891 002.07648213 41.29123479 002.07648035
112 41.29120506 002.07648093 41.29118995 002.07648194
111 41.29120506 002.07648093
112 41.29120506 002.07648093 41.29116341 002.07648370 51
112 41.29107426 002.07653864 41.29102587 002.07656483
111 41.29107426 002.07653864 51
115 41.29041772 002.07693556
120 Stand 226
111 41.29155376 002.07696262 51
111 41.29151713 002.07698462
111 41.29147410 002.07701045 51
111 41.29143459 002.07703417
111 41.29128083 002.07712698 51
115 41.29065494 002.07751553
120 Stand 228
111 41.29174313 002.07751504 51
111 41.29170494 002.07753790
111 41.29166193 002.07756365 51
111 41.29162409 002.07758630
111 41.29147242 002.07767910 51
115 41.29090050 002.07803294
120 Stand 230
111 41.29191421 002.07801724 51
111 41.29189433 002.07802910
111 41.29185043 002.07805527 51
111 41.29179862 002.07808616
111 41.29164070 002.07817897 51
115 41.29106584 002.07852465
120 Stand 232
111 41.29208696 002.07851793 51
111 41.29206695 002.07852965
111 41.29202193 002.07855602 51
111 41.29196930 002.07858685
111 41.29181325 002.07867661 51
115 41.29124345 002.07903138
120 Stand 234
111 41.29225668 002.07901241 51
111 41.29222033 002.07903370
111 41.29217581 002.07905978 51
111 41.29213901 002.07908133
111 41.29198525 002.07917413 51
115 41.29141045 002.07952690
120 Stand 236
111 41.29248865 002.07968895 51
111 41.29245141 002.07971176
111 41.29240741 002.07973871 51
111 41.29237614 002.07975787
111 41.29222238 002.07985296 51
115 41.29164698 002.08020954
120 Stand 238
111 41.29266594 002.08020753 51
111 41.29262923 002.08022921
111 41.29258579 002.08025485 51
111 41.29255774 002.08027141
111 41.29239830 002.08036673 51
115 41.29181828 002.08072117
120 Stand 240
111 41.29283726 002.08071262 51
111 41.29280134 002.08073366
111 41.29275731 002.08075944 51
111 41.29271959 002.08078153
111 41.29257150 002.08086679 51
115 41.29198880 002.08122641
120 Stand 242
112 41.29321340 002.08180457 41.29319405 002.08174712 51
112 41.29312810 002.08167192 41.29309399 002.08164167
111 41.29312810 002.08167192
112 41.29312810 002.08167192 41.29311415 002.08165955
112 41.29308582 002.08164232 41.29307181 002.08163502
111 41.29308582 002.08164232
112 41.29308582 002.08164232 41.29306984 002.08163399 51
112 41.29304018 002.08162772 41.29302608 002.08162639
111 41.29304018 002.08162772 51
111 41.29283003 002.08161501 51
115 41.29216304 002.08158119
120 Stand 242a
112 41.29299529 002.08116999 41.29301646 002.08123196 51
112 41.29301439 002.08135597 41.29300697 002.08141569
111 41.29301439 002.08135597
112 41.29301439 002.08135597 41.29301161 002.08137828
112 41.29300361 002.08142084 41.29299930 002.08144164
111 41.29300361 002.08142084
112 41.29300361 002.08142084 41.29299309 002.08147242 51
116 41.29277714 002.08161219 41.29260007 002.08160164
120 Stand 244
112 41.29338704 002.08231404 41.29336724 002.08225526 52
112 41.29330523 002.08218022 41.29327190 002.08215024
111 41.29330523 002.08218022
112 41.29330523 002.08218022 41.29329050 002.08216697
112 41.29325868 002.08214944 41.29324249 002.08214221
111 41.29325868 002.08214944
112 41.29325868 002.08214944 41.29324435 002.08214304 52
112 41.29321468 002.08213753 41.29319975 002.08213602
111 41.29321468 002.08213753 52
112 41.29314118 002.08213289 41.29307123 002.08212580
111 41.29314118 002.08213289 52
111 41.29300535 002.08212431 52
115 41.29230000 002.08208056
120 Stand 244a
111 41.29317051 002.08167943 52
112 41.29318849 002.08190756 41.29316594 002.08199137
111 41.29318849 002.08190756
112 41.29318849 002.08190756 41.29318341 002.08192908
112 41.29317291 002.08196938 41.29316733 002.08198893
111 41.29317291 002.08196938
112 41.29317291 002.08196938 41.29315932 002.08199011 52
116 41.29295073 002.08212020 41.29277367 002.08210964
120 Stand 246
111 41.29377559 002.08373693 52 101
112 41.29357902 002.08377227 41.29347537 002.08377415
111 41.29357902 002.08377227
112 41.29357902 002.08377227 41.29355872 002.08377264 101
112 41.29352269 002.08376897 41.29350165 002.08376646
111 41.29352269 002.08376897
112 41.29352269 002.08376897 41.29351115 002.08376759 52 101
112 41.29348804 002.08376324 41.29347652 002.08376077
111 41.29348804 002.08376324
112 41.29348804 002.08376324 41.29336182 002.08373619 52 101
112 41.29322327 002.08359548 41.29320325 002.08356661
111 41.29322327 002.08359548 52
111 41.29297094 002.08325107 52
115 41.29237051 002.08243321
120 Stand 246a
111 41.29322327 002.08359548 52 101
112 41.29328535 002.08371457 41.29331225 002.08378111
111 41.29328535 002.08371457
112 41.29328535 002.08371457 41.29330149 002.08375449 101
112 41.29331544 002.08384115 41.29331623 002.08388283
111 41.29331544 002.08384115
112 41.29331544 002.08384115 41.29331574 002.08385734 101
112 41.29331219 002.08388894 41.29330986 002.08390450
111 41.29331219 002.08388894
112 41.29331219 002.08388894 41.29330988 002.08390441 52 101
112 41.29330244 002.08393368 41.29329840 002.08394795
111 41.29330244 002.08393368
112 41.29330244 002.08393368 41.29329595 002.08395662 101
112 41.29327972 002.08399551 41.29327166 002.08401338
111 41.29327972 002.08399551
112 41.29327972 002.08399551 41.29326323 002.08403211 52 101
115 41.29324725 002.08405559
120 Stand 245
112 41.29362217 002.08300001 41.29359397 002.08291716 51
112 41.29353166 002.08286744 41.29350887 002.08285453
111 41.29353166 002.08286744
112 41.29348671 002.08284123 41.29346393 002.08282832
111 41.29348671 002.08284123 51
111 41.29319292 002.08266990 51
115 41.29219722 002.08209722
120 Stand 245a
112 41.29334366 002.08218717 41.29336231 002.08224190 51
112 41.29336351 002.08234851 41.29335898 002.08240001
111 41.29336351 002.08234851
112 41.29336351 002.08234851 41.29336141 002.08237245
112 41.29335273 002.08241874 41.29334763 002.08244142
111 41.29335273 002.08241874
112 41.29335273 002.08241874 41.29334063 002.08247730 51
116 41.29303760 002.08257977 41.29283358 002.08246040
120 Stand 248
111 41.29159347 002.08289581 51
111 41.29186069 002.08389843 51 101
111 41.29195563 002.08425913
112 41.29195563 002.08425913 41.29196328 002.08428673 51 101
112 41.29198138 002.08434175 41.29199118 002.08436879
111 41.29198138 002.08434175
112 41.29198138 002.08434175 41.29199450 002.08437795 101
111 41.29200489 002.08440168 51 101
116 41.29210855 002.08451317 41.29219132 002.08456542
120 248 bis
112 41.29161132 002.08428666 41.29163865 002.08429612 51 101
112 41.29171178 002.08427249 41.29174855 002.08425397
111 41.29171178 002.08427249
112 41.29171178 002.08427249 41.29172671 002.08426497 101
112 41.29175621 002.08424336 41.29177070 002.08423149
111 41.29175621 002.08424336
112 41.29175621 002.08424336 41.29183118 002.08418196 51 101
116 41.29186069 002.08389843 41.29183407 002.08372786
120 Stand 250
111 41.29128592 002.08257635 51
111 41.29069326 002.08300217
111 41.29048501 002.08312304 51
111 41.29043952 002.08315025
111 41.29039578 002.08317643 51
115 41.29036115 002.08319714
120 Stand 252
111 41.29099385 002.08206293 51
111 41.29047039 002.08237495
111 41.29026817 002.08249549 51
111 41.29022172 002.08252317
111 41.29017893 002.08254868 51
115 41.29014660 002.08256795
120 Stand 254
111 41.29081766 002.08155515 51
111 41.29029257 002.08186903
111 41.29009386 002.08198946 51
111 41.29004877 002.08201621
111 41.29000479 002.08204230 51
115 41.28997139 002.08206211
120 Stand 256
111 41.29064888 002.08105559 51
111 41.29011832 002.08136944
111 41.28992103 002.08149066 51
111 41.28987846 002.08151630
111 41.28983510 002.08154241 51
115 41.28980018 002.08156344
120 Stand 258
111 41.29041155 002.08044695 51
111 41.28991737 002.08074585
111 41.28971030 002.08086750 51
111 41.28966659 002.08089460
111 41.28961926 002.08092394 51
115 41.28958763 002.08094355
120 Stand 260
111 41.29029656 002.07993957 51
111 41.28973003 002.08027830
111 41.28954683 002.08038987 51
111 41.28949875 002.08041930
111 41.28945303 002.08044728 51
115 41.28942363 002.08046527
120 Stand 262
111 41.29007955 002.07947153 51
111 41.28956002 002.07977822
111 41.28937583 002.07988984 51
111 41.28933282 002.07991609
111 41.28928890 002.07994290 51
115 41.28925245 002.07996515
120 Stand 264
111 41.28990945 002.07896256 51
111 41.28938736 002.07927014
111 41.28918477 002.07938926 51
111 41.28914045 002.07941572
111 41.28911216 002.07943240 51
115 41.28907782 002.07945265
120 Stand 266
111 41.28978854 002.07836379 51
111 41.28922488 002.07870382
111 41.28901175 002.07883220 51
111 41.28896850 002.07885826
111 41.28892606 002.07888383 51
115 41.28889117 002.07890485
120 Stand 268
111 41.28958034 002.07775854 51
112 41.28886808 002.07818339 41.28880971 002.07821774
111 41.28886808 002.07818339
112 41.28886808 002.07818339 41.28884603 002.07819602 51
112 41.28881433 002.07823904 41.28880004 002.07826070
111 41.28881433 002.07823904
112 41.28881433 002.07823904 41.28880067 002.07825975
112 41.28878058 002.07829468 41.28877129 002.07830862
111 41.28878058 002.07829468
112 41.28878058 002.07829468 41.28875888 002.07832337 51 101
112 41.28871561 002.07835593 41.28867515 002.07838275
111 41.28871561 002.07835593
112 41.28871561 002.07835593 41.28864312 002.07840400 51 101
111 41.28854421 002.07845939 51 101
111 41.28841191 002.07854066 51 101
115 41.28833060 002.07859061
120 268 bis
111 41.28878058 002.07829468 51 101
112 41.28875828 002.07837703 41.28874683 002.07843115 51 101
115 41.28876351 002.07852756
120 Stand 270
111 41.28906338 002.07650376 51
111 41.28876017 002.07799459
111 41.28874532 002.07806761 51
111 41.28871078 002.07823743
112 41.28871078 002.07823743 41.28867492 002.07837634 51 101
115 41.28854421 002.07845939
120 270 bis
112 41.28871078 002.07823743 41.28869718 002.07832950 51 101
112 41.28872918 002.07842601 41.28874437 002.07847629
111 41.28872918 002.07842601 51 101
112 41.28876351 002.07852756 41.28877869 002.07857783
111 41.28876351 002.07852756 51 101
115 41.28887443 002.07885573
120 Stand 272
111 41.28826968 002.07688947 52
111 41.28846467 002.07757318 52
111 41.28855742 002.07798559 52
112 41.28856813 002.07804416 41.28857338 002.07808000
111 41.28856813 002.07804416
112 41.28856813 002.07804416 41.28857029 002.07805891
112 41.28857570 002.07810903 41.28857739 002.07812755
111 41.28857570 002.07810903
112 41.28857570 002.07810903 41.28858149 002.07817236 52 101
112 41.28856052 002.07831194 41.28854041 002.07838470
111 41.28856052 002.07831194
112 41.28856052 002.07831194 41.28852023 002.07845766 52 101
115 41.28841191 002.07854066
120 272 bis
111 41.28850239 002.07800138 51 101
111 41.28860353 002.07830542 51 101
112 41.28866478 002.07848730 41.28867538 002.07851768
111 41.28866478 002.07848730
112 41.28866478 002.07848730 41.28867301 002.07851091 101
112 41.28869722 002.07856304 41.28870972 002.07858872
111 41.28869722 002.07856304
112 41.28869722 002.07856304 41.28872792 002.07862614 51 101
115 41.28876822 002.07869303
120 Stand 273
111 41.28810909 002.07686059 51
111 41.28850239 002.07800138
112 41.28850239 002.07800138 41.28852922 002.07807905 51 101
112 41.28851587 002.07831020 41.28849208 002.07841023
111 41.28851587 002.07831020
112 41.28851587 002.07831020 41.28851297 002.07832239 101
112 41.28850562 002.07834523 41.28850167 002.07835635
111 41.28850562 002.07834523
112 41.28850562 002.07834523 41.28850195 002.07835555 101
112 41.28849380 002.07837532 41.28848961 002.07838506
111 41.28849380 002.07837532
112 41.28849380 002.07837532 41.28843523 002.07851142 51 101
115 41.28833060 002.07859061
120 Stand 274
111 41.28798863 002.07722500 52
111 41.28822239 002.07820714 52 101
112 41.28821637 002.07849801 41.28818273 002.07863230
111 41.28821637 002.07849801
112 41.28821637 002.07849801 41.28820430 002.07854621 52 101
112 41.28815870 002.07862946 41.28813526 002.07866755
111 41.28815870 002.07862946
112 41.28815870 002.07862946 41.28815015 002.07864336 101
112 41.28813295 002.07866814 41.28812447 002.07867997
111 41.28813295 002.07866814
112 41.28813295 002.07866814 41.28809997 002.07871416 52 101
115 41.28807087 002.07874294
120 274 bis
111 41.28822239 002.07820714 52 101
112 41.28830540 002.07845656 41.28836251 002.07854753
111 41.28830540 002.07845656
112 41.28830540 002.07845656 41.28831074 002.07846506 52 101
112 41.28832242 002.07848010 41.28832840 002.07848730
111 41.28832242 002.07848010
112 41.28832242 002.07848010 41.28833520 002.07849551 101
112 41.28836314 002.07851827 41.28837713 002.07852848
111 41.28836314 002.07851827
112 41.28836314 002.07851827 41.28841255 002.07855432 52 101
115 41.28846240 002.07856108
120 Stand 276
111 41.28773915 002.07743611 52
111 41.28764534 002.07853179 52 101
111 41.28762317 002.07881662
112 41.28762317 002.07881662 41.28762047 002.07886105 52 101
112 41.28760309 002.07893155 41.28759318 002.07896393
111 41.28760309 002.07893155
112 41.28760309 002.07893155 41.28759566 002.07895581 101
112 41.28757762 002.07899492 41.28756840 002.07901299
111 41.28757762 002.07899492
112 41.28757762 002.07899492 41.28754489 002.07905902 52 101
115 41.28750693 002.07908565
120 276 bis
111 41.28764534 002.07853179 52 101
112 41.28768602 002.07870992 41.28772195 002.07878850
111 41.28768602 002.07870992
112 41.28768602 002.07870992 41.28770900 002.07876017 52 101
112 41.28778907 002.07881671 41.28782469 002.07884205
111 41.28778907 002.07881671
112 41.28778907 002.07881671 41.28780517 002.07882379 101
112 41.28785389 002.07883695 41.28787109 002.07884016
111 41.28785389 002.07883695
112 41.28785389 002.07883695 41.28790156 002.07884584 52 101
115 41.28799028 002.07879754
120 Stand 300
111 41.29275141 002.07654970 51
112 41.29338820 002.07712444 41.29359442 002.07728270
111 41.29338820 002.07712444
112 41.29338820 002.07712444 41.29345901 002.07717878 51
112 41.29355775 002.07723130 41.29360061 002.07725099
111 41.29355775 002.07723130
112 41.29355775 002.07723130 41.29357898 002.07724106
112 41.29361210 002.07725191 41.29362717 002.07725623
111 41.29361210 002.07725191
112 41.29361210 002.07725191 41.29365521 002.07726427 51
115 41.29367407 002.07725855
120 Stand 302
111 41.29302621 002.07581057 51 101
111 41.29271844 002.07599604
112 41.29271844 002.07599604 41.29266123 002.07603046 51 101
112 41.29253086 002.07619071 41.29247954 002.07630062
111 41.29253086 002.07619071
112 41.29253086 002.07619071 41.29252261 002.07620838 101
112 41.29250801 002.07624714 41.29250107 002.07626711
111 41.29250801 002.07624714
112 41.29250801 002.07624714 41.29249796 002.07627606 51 101
112 41.29248300 002.07634148 41.29247654 002.07637550
111 41.29248300 002.07634148 51 101
111 41.29240151 002.07679322 51
115 41.29222698 002.07778988
120 Stand 302a
111 41.29214843 002.07633953 51 101
112 41.29230272 002.07632002 41.29235441 002.07634493
111 41.29230272 002.07632002
112 41.29230272 002.07632002 41.29231847 002.07632761 101
112 41.29234762 002.07634714 41.29236198 002.07635564
111 41.29234762 002.07634714
112 41.29234762 002.07634714 41.29244937 002.07645295 51 101
115 41.29243078 002.07663228
120 Stand 310
111 41.29337020 002.07744215 51
111 41.29338059 002.07747247
111 41.29340114 002.07753238 51
111 41.29342632 002.07760581
111 41.29346552 002.07772012 51
111 41.29371451 002.07844617
111 41.29379997 002.07869538 51
115 41.29381551 002.07874069
120 Stand 312
111 41.29304549 002.07763834 51
111 41.29305489 002.07766628
111 41.29307475 002.07772502 51
111 41.29310089 002.07780233
111 41.29313901 002.07791506 51
111 41.29338581 002.07864504
111 41.29346865 002.07889006 51
115 41.29348494 002.07893823
120 Stand 314
111 41.29260099 002.07790691 51
111 41.29261124 002.07793640
111 41.29263190 002.07799601 51
111 41.29265707 002.07806864
111 41.29269430 002.07817605 51
111 41.29294828 002.07890884
111 41.29303092 002.07914727 51
115 41.29304143 002.07917776
120 Stand 320
111 41.29423853 002.07997344 51
111 41.29423045 002.07994972
111 41.29421036 002.07989074 51
111 41.29418757 002.07982381
111 41.29413473 002.07966865 51
115 41.29389840 002.07897474
120 Stand 322
111 41.29391397 002.08016863 51
111 41.29390526 002.08014356
111 41.29388529 002.08008608 51
111 41.29386202 002.08001940
111 41.29380940 002.07986429 51
115 41.29357383 002.07916993
120 Stand 330
111 41.29423853 002.07997344 51
111 41.29425154 002.08001150
111 41.29427184 002.08007089 51
111 41.29429653 002.08014312
111 41.29433513 002.08025602 51
111 41.29458361 002.08098294
111 41.29468110 002.08126813 51
115 41.29468521 002.08128015
120 Stand 332
111 41.29391397 002.08016863 51
111 41.29392689 002.08020612
111 41.29394683 002.08026394 51
111 41.29397260 002.08033869
111 41.29401141 002.08045129 51
111 41.29426138 002.08117638
111 41.29435909 002.08145984 51
115 41.29436403 002.08147417
120 Stand 334
111 41.29346629 002.08043889 51
111 41.29348023 002.08047938
111 41.29350052 002.08053832 51
111 41.29352514 002.08060982
111 41.29356362 002.08072160 51
111 41.29381287 002.08144562
111 41.29391099 002.08173063 51
115 41.29391590 002.08174487
120 Stand 400
111 41.28897480 002.08185306 51
111 41.28927862 002.08272330 51 101
112 41.28945502 002.08316564 41.28952091 002.08332863
111 41.28945502 002.08316564
112 41.28945502 002.08316564 41.28945922 002.08317605 51 101
112 41.28946820 002.08319560 41.28947278 002.08320517
111 41.28946820 002.08319560
112 41.28946820 002.08319560 41.28948038 002.08322108 101
112 41.28950732 002.08326345 41.28952095 002.08328328
111 41.28950732 002.08326345
112 41.28950732 002.08326345 41.28956874 002.08335280 51 101
115 41.28963669 002.08338714
120 Stand 410
111 41.28861872 002.08021796 51
111 41.28863287 002.08026094
111 41.28865133 002.08031703 51
111 41.28867368 002.08038311
111 41.28870223 002.08046725 51
115 41.28896141 002.08122730
120 Stand 412
111 41.28819597 002.08047278 51
111 41.28820935 002.08051271
111 41.28822919 002.08057301 51
111 41.28825044 002.08063634
111 41.28828547 002.08073960 51
115 41.28853763 002.08148017
120 Stand 414
111 41.28784258 002.08068579 51
111 41.28785509 002.08072360
111 41.28787526 002.08078490 51
111 41.28789636 002.08084801
111 41.28793389 002.08095864 51
115 41.28818342 002.08169153
120 TWY Rampa 10
112 41.29073284 002.06749906 41.29066281 002.06729606 51 101
112 41.29036784 002.06729478 41.29024456 002.06736237
111 41.29036784 002.06729478 51 101
111 41.29027854 002.06734700
112 41.29027854 002.06734700 41.29018234 002.06740360 51 101
112 41.29013698 002.06772297 41.29014779 002.06788005
111 41.29013698 002.06772297
112 41.29013698 002.06772297 41.29013980 002.06776395 51 101
112 41.29015959 002.06784281 41.29017201 002.06788113
111 41.29015959 002.06784281 51 101
111 41.29040966 002.06857460 101
111 41.29042842 002.06862950 51 101
111 41.29044279 002.06867155 51 101
112 41.29052944 002.06882054 41.29057332 002.06885627
111 41.29052944 002.06882054
112 41.29052944 002.06882054 41.29054969 002.06883303 51 101
112 41.29058379 002.06889032 41.29059902 002.06891917
111 41.29058379 002.06889032
112 41.29058379 002.06889032 41.29060498 002.06893046 51 101
111 41.29061903 002.06897143 51 101
112 41.29077430 002.06942189 41.29087083 002.06970193
111 41.29077430 002.06942189
112 41.29077430 002.06942189 41.29078876 002.06946384 51 101
112 41.29082016 002.06955494 41.29083625 002.06960162
111 41.29082016 002.06955494
112 41.29082016 002.06955494 41.29090631 002.06980485 51 101
111 41.29123355 002.07075423 51 101
111 41.29143907 002.07135045 51 101
111 41.29155680 002.07169199 101
111 41.29157882 002.07175587 51 101
112 41.29223405 002.07365668 41.29240318 002.07414731
111 41.29223405 002.07365668
112 41.29223405 002.07365668 41.29236255 002.07402943 51 101
112 41.29246428 002.07432446 41.29247920 002.07436769
111 41.29246428 002.07432446 51 101
111 41.29267917 002.07494785 51 101
111 41.29287858 002.07552633
112 41.29287858 002.07552633 41.29293668 002.07569797 51 101
116 41.29278540 002.07595569 41.29265652 002.07603273
120 TWY Rampa 11
112 41.29184686 002.07651940 41.29169250 002.07660703 51 101
116 41.29164120 002.07721769 41.29171230 002.07742332
120 TWY Gate ES
111 41.29217279 002.07816563 51 101
111 41.29230530 002.07808557 51 101
111 41.29356136 002.07732665 51 101
115 41.29367407 002.07725855
120 TWY Gate ES bis
111 41.29367407 002.07725855 51 101
111 41.29418636 002.07695591 51 101
115 41.29432716 002.07687273
120 TWY Gate ESa
111 41.29446956 002.07634008 51 101
112 41.29447323 002.07658667 41.29445318 002.07671169
111 41.29447323 002.07658667
112 41.29447323 002.07658667 41.29445378 002.07670791 51 101
112 41.29432716 002.07687273 41.29426506 002.07690894
111 41.29432716 002.07687273
112 41.29432716 002.07687273 41.29445330 002.07679919 51 101
116 41.29471657 002.07706052 41.29477510 002.07723145
120 TWY Gate ESb
112 41.29381393 002.07672603 41.29386808 002.07689543 51 101
112 41.29367407 002.07725855 41.29354794 002.07733209
111 41.29367407 002.07725855
112 41.29367407 002.07725855 41.29380020 002.07718501 51 101
116 41.29406640 002.07746751 41.29412633 002.07763720
120 TWY Gate ESc
112 41.29190682 002.07799256 41.29196675 002.07815572 51 101
112 41.29217279 002.07816563 41.29225328 002.07811491
111 41.29217279 002.07816563
112 41.29217279 002.07816563 41.29209231 002.07821679 51 101
116 41.29207885 002.07849442 41.29213152 002.07865749
120 TWY Gate FS
111 41.29261070 002.07943747 51 101
111 41.29304143 002.07917776 51 101
111 41.29415759 002.07850392 51 101
111 41.29462304 002.07821105 51 101
115 41.29470378 002.07816300
120 TWY Gate FSc
112 41.29251699 002.07977255 41.29246443 002.07960948 51 101
112 41.29261070 002.07943747 41.29269119 002.07938631
111 41.29261070 002.07943747
112 41.29261070 002.07943747 41.29253022 002.07948543 51 101
116 41.29237310 002.07935277 41.29233861 002.07926046
120 TWY Gate GS
111 41.29303476 002.08069855 51 101
111 41.29317129 002.08061564 51 101
111 41.29442299 002.07986226 51 101
115 41.29453695 002.07979335
120 TWY Gate GS bis
111 41.29520361 002.07940422 51 101
111 41.29506283 002.07948639 51 101
111 41.29458685 002.07976422 51 101
115 41.29453695 002.07979335
120 TWY Gate GSc
112 41.29295363 002.08104660 41.29290071 002.08088042 51 101
112 41.29303476 002.08069855 41.29311524 002.08064739
111 41.29303476 002.08069855
112 41.29303476 002.08069855 41.29295427 002.08074651 51 101
116 41.29278434 002.08055263 41.29272442 002.08038740
120 TWY Gate HS
111 41.29348658 002.08200421 51 101
111 41.29391590 002.08174487 51 101
111 41.29436403 002.08147417 51 101
111 41.29468521 002.08128015 51 101
111 41.29503685 002.08106774 51 101
111 41.29551422 002.08079214 51 101
115 41.29565385 002.08070908
120 TWY Gate HSc
112 41.29322798 002.08184762 41.29328649 002.08201130 51 101
112 41.29348658 002.08200421 41.29356707 002.08195624
111 41.29348658 002.08200421
112 41.29348658 002.08200421 41.29341340 002.08206994 51 101
116 41.29340210 002.08235771 41.29345606 002.08252165
120 TWY LS
111 41.28675542 002.08182698 51 101
112 41.28686078 002.08205530 41.28690873 002.08212159
111 41.28686078 002.08205530
112 41.28686078 002.08205530 41.28690067 002.08211643 51 101
112 41.28700413 002.08218564 41.28705238 002.08220856
111 41.28700413 002.08218564 51 101
112 41.28717586 002.08226479 41.28722411 002.08228771
111 41.28717586 002.08226479 101
112 41.28724513 002.08229672 41.28729338 002.08231964
111 41.28724513 002.08229672 51 101
111 41.28728632 002.08231570 101
111 41.28731083 002.08232708 51 101
111 41.28736943 002.08235401 101
111 41.28738763 002.08236240
112 41.28738763 002.08236240 41.28740253 002.08236950 101
112 41.28743791 002.08236292 41.28745724 002.08236480
111 41.28743791 002.08236292
112 41.28743791 002.08236292 41.28752148 002.08237105 51 101
112 41.28769212 002.08230516 41.28774813 002.08227445
111 41.28769212 002.08230516 51 101
112 41.28802528 002.08210458 41.28808128 002.08207387
111 41.28802528 002.08210458 51 101
111 41.28945657 002.08124288 51 101
112 41.28962099 002.08122450 41.28968745 002.08125927 51 101
115 41.28971952 002.08132819
120 TWY GATE LS bis
111 41.28945657 002.08124288 51 101
112 41.28956914 002.08110570 41.28960308 002.08100383 51 101
115 41.28957344 002.08090215
120 TWY GATE NS
111 41.28929909 002.08010204 51 101
112 41.28919993 002.07996313 41.28913180 002.07993075
111 41.28919993 002.07996313
112 41.28919993 002.07996313 41.28919573 002.07996114 51 101
112 41.28918725 002.07995778 41.28918300 002.07995620
111 41.28918725 002.07995778
112 41.28918725 002.07995778 41.28912254 002.07993370 51 101
111 41.28905424 002.07995544 51 101
111 41.28898153 002.07999927 51 101
111 41.28861872 002.08021796 51 101
111 41.28819597 002.08047278 51 101
111 41.28784258 002.08068579 51 101
111 41.28753485 002.08087128 51 101
112 41.28739527 002.08108601 41.28735995 002.08121527 51 101
115 41.28739612 002.08138012
120 TWY GATE NS bis
111 41.28905424 002.07995544 51 101
112 41.28914569 002.07980669 41.28916454 002.07972330
111 41.28914569 002.07980669
112 41.28914569 002.07980669 41.28915653 002.07975871 51 101
112 41.28914709 002.07967282 41.28914169 002.07963806
111 41.28914709 002.07967282
112 41.28914709 002.07967282 41.28914507 002.07965984 101
112 41.28914118 002.07964173 41.28913950 002.07963432
111 41.28914118 002.07964173
112 41.28914118 002.07964173 41.28913954 002.07963450 51 101
115 41.28913839 002.07963041
120 TWY GATE NS tri
111 41.28753485 002.08087128 51 101
112 41.28730664 002.08085927 41.28720699 002.08080052 51 101
115 41.28714902 002.08065856
120 Linear Feature 3
111 41.28699800 002.07938424 51 101
112 41.28686847 002.07933505 41.28678415 002.07927957
111 41.28686847 002.07933505
112 41.28686847 002.07933505 41.28676520 002.07926948 51 101
115 41.28672065 002.07913215
120 TWY GATE KS/NS
112 41.29070653 002.08387449 41.29062752 002.08382139 51 101
112 41.29050130 002.08360564 41.29045353 002.08346147
111 41.29050130 002.08360564 51 101
112 41.29036115 002.08319714 41.29031338 002.08305297
111 41.29036115 002.08319714 51 101
111 41.29028524 002.08297804 51 101
111 41.29014660 002.08256795 51 101
111 41.28997139 002.08206211 51 101
111 41.28980018 002.08156344 51 101
111 41.28971952 002.08132819 51 101
111 41.28958763 002.08094355 51 101
111 41.28957344 002.08090215 51 101
111 41.28942363 002.08046527 51 101
111 41.28929909 002.08010204 51 101
111 41.28925245 002.07996515 51 101
111 41.28922381 002.07988113 51 101
111 41.28913839 002.07963041 51 101
111 41.28908947 002.07948683 51 101
111 41.28907782 002.07945265 51 101
111 41.28900422 002.07923665 51 101
111 41.28889117 002.07890485 51 101
111 41.28887443 002.07885573 51 101
112 41.28876822 002.07869303 41.28869495 002.07861358
111 41.28876822 002.07869303
112 41.28876822 002.07869303 41.28873762 002.07865985 51 101
112 41.28865478 002.07860183 41.28860957 002.07857632
111 41.28865478 002.07860183
112 41.28865478 002.07860183 41.28858887 002.07856464 51 101
112 41.28846240 002.07856108 41.28840502 002.07856484
111 41.28846240 002.07856108
112 41.28846240 002.07856108 41.28838617 002.07856607 51 101
111 41.28833060 002.07859061 51 101
111 41.28807087 002.07874294 51 101
111 41.28799028 002.07879754 51 101
111 41.28750693 002.07908565 51 101
111 41.28745075 002.07912076 51 101
111 41.28742668 002.07913581 51 101
111 41.28699800 002.07938424 51 101
111 41.28687629 002.07945989 51 101
111 41.28662396 002.07961675 51 101
111 41.28651421 002.07968497 51 101
111 41.28638867 002.07976191 51 101
111 41.28623871 002.07985382 51 101
112 41.28611318 002.07995383 41.28604717 002.08000667
111 41.28611318 002.07995383
112 41.28611318 002.07995383 41.28606490 002.07999248 51 105
112 41.28597868 002.08006258 41.28594421 002.08009102
111 41.28597868 002.08006258
112 41.28597868 002.08006258 41.28589227 002.08012991 51 105
115 41.28579851 002.08018736
120 TWY Rampa 14/15
112 41.28706150 002.07898703 41.28708055 002.07903351 51 101
112 41.28713167 002.07909331 41.28715856 002.07911862
111 41.28713167 002.07909331
112 41.28713167 002.07909331 41.28714537 002.07910620 101
112 41.28717450 002.07912522 41.28718925 002.07913373
111 41.28717450 002.07912522
112 41.28717450 002.07912522 41.28728969 002.07919169 51 101
115 41.28742668 002.07913581
120 cruce
111 41.29341702 002.08126915 22
115 41.29277658 002.08165747
120 cruce
111 41.29250015 002.07857168 22
115 41.29186046 002.07895789
120 Gate FSc
111 41.29278654 002.07884765 24
111 41.29280696 002.07890908 22
115 41.29354044 002.07846618
120 Gate FSc
111 41.29378395 002.07914391 22
111 41.29301268 002.07961120 24
115 41.29299668 002.07956136
120 Linear Feature 1
111 41.29369960 002.08173579 52
115 41.29377873 002.08196699
120 Linear Feature 1
111 41.29325160 002.08042771 52
115 41.29333142 002.08065890
120 Linear Feature 1
111 41.29281606 002.07915155 52
115 41.29289588 002.07938274
120 Linear Feature 1
111 41.29238274 002.07788123 52
115 41.29246255 002.07811242
120 Linear Feature 1
111 41.29393398 002.07848219 52
115 41.29401379 002.07871339
120 Linear Feature 1
111 41.29436862 002.07975540 52
115 41.29444843 002.07998660
120 Linear Feature 1
111 41.29481738 002.08106059 52
115 41.29489720 002.08129178
120 Gate FS
112 41.29301853 002.07953996 41.29297569 002.07956335 21
112 41.29292456 002.07947351 41.29290659 002.07942100
111 41.29292456 002.07947351 21
111 41.29281014 002.07914765
112 41.29281014 002.07914765 41.29278025 002.07905019 21
112 41.29287707 002.07892336 41.29294880 002.07887960
111 41.29287707 002.07892336 20
115 41.29362696 002.07847159
120 Gate HSc
111 41.29443956 002.08098143 22
111 41.29365840 002.08144829 24
115 41.29363455 002.08137900
120 R16
112 41.29189433 002.07919152 41.29185845 002.07908692 21
112 41.29196400 002.07895265 41.29203879 002.07890626
111 41.29196400 002.07895265 21
111 41.29241127 002.07868541
112 41.29241127 002.07868541 41.29247702 002.07864961 21
116 41.29258787 002.07877261 41.29261939 002.07886480
120 R16
111 41.29268174 002.07904601 21
115 41.29288151 002.07962707
120 R16
111 41.29310863 002.08028842 21
115 41.29332183 002.08091375
120 R16
112 41.29335804 002.08101945 41.29339621 002.08113302 21
112 41.29330501 002.08127521 41.29324550 002.08131107
111 41.29330501 002.08127521 21
111 41.29284403 002.08155074
112 41.29284403 002.08155074 41.29276677 002.08159450 21
116 41.29267349 002.08145994 41.29263999 002.08136315
120 R16c
111 41.29296957 002.07727984 22
111 41.29243170 002.07760358
112 41.29243170 002.07760358 41.29234622 002.07764953 22
112 41.29233544 002.07790299 41.29237489 002.07802770
111 41.29233544 002.07790299 22
111 41.29375686 002.08204645
112 41.29375686 002.08204645 41.29379564 002.08215920 22
112 41.29393676 002.08214030 41.29397613 002.08211541
111 41.29393676 002.08214030 22
115 41.29434485 002.08189509
120 R16
112 41.29174867 002.07876746 41.29178416 002.07887205 21
112 41.29192968 002.07885031 41.29200383 002.07880560
111 41.29192968 002.07885031 21
111 41.29237789 002.07858433
112 41.29237789 002.07858433 41.29244215 002.07854853 21
116 41.29245542 002.07838630 41.29242404 002.07828884
120 R16
111 41.29245542 002.07838630 21
111 41.29229847 002.07792251
112 41.29229847 002.07792251 41.29225974 002.07780279 20
112 41.29234707 002.07761379 41.29240600 002.07753831
111 41.29234707 002.07761379
112 41.29234707 002.07761379 41.29235534 002.07760319
112 41.29237378 002.07758342 41.29238351 002.07757451
111 41.29237378 002.07758342
112 41.29237378 002.07758342 41.29238594 002.07757228 20
112 41.29241646 002.07755201 41.29243070 002.07754385
111 41.29241646 002.07755201 20
111 41.29257898 002.07745416 20
115 41.29297833 002.07721373
120 R16
112 41.29242690 002.07766605 41.29236467 002.07770374 21
112 41.29237517 002.07788584 41.29240311 002.07796898
111 41.29237517 002.07788584 21
111 41.29253067 002.07833585 20
111 41.29266429 002.07872235
112 41.29266429 002.07872235 41.29269567 002.07881583 21
112 41.29284893 002.07882377 41.29291469 002.07878598
111 41.29284893 002.07882377 20
115 41.29359038 002.07837068
120 R16
111 41.29385136 002.07916611 20
111 41.29310319 002.07961432
112 41.29310319 002.07961432 41.29303909 002.07965589 20
112 41.29303782 002.07981699 41.29305919 002.07988919
111 41.29303782 002.07981699 20
111 41.29318481 002.08024648 21
111 41.29339663 002.08086473 20
111 41.29352973 002.08125800
112 41.29352973 002.08125800 41.29356342 002.08135812 20
112 41.29372256 002.08135190 41.29379554 002.08131006
111 41.29372256 002.08135190 20
115 41.29445510 002.08091052
120 r11
112 41.29049208 002.07501882 41.29034495 002.07510690 21
116 41.29013708 002.07540158 41.29001518 002.07561704
120 rotonda r11-12
112 41.29092814 002.07637725 41.29095364 002.07638537
111 41.29092814 002.07637725
112 41.29092814 002.07637725 41.29095364 002.07638537 21
112 41.29095730 002.07643545 41.29095287 002.07645856 21
112 41.29091131 002.07647040 41.29088670 002.07646301
111 41.29091131 002.07647040
112 41.29091131 002.07647040 41.29088670 002.07646301 21
114 41.29088215 002.07641220 41.29088613 002.07638873 21
120 rotonda r11-12
112 41.28994544 002.07582743 41.28995964 002.07583063 21
112 41.28996681 002.07586744 41.28996441 002.07588634 21
112 41.28993675 002.07589587 41.28992255 002.07589268 21
114 41.28991538 002.07585587 41.28991779 002.07583697 21
120 R12-m
111 41.29192112 002.07970750 21
111 41.29189580 002.07963771 22
111 41.29164021 002.07979198
112 41.29164021 002.07979198 41.29152740 002.07986283 22
112 41.29145596 002.07998979 41.29140399 002.08001847
111 41.29145596 002.07998979 22
111 41.29136058 002.08004923 21
115 41.29133888 002.07997944
120 R11-12
112 41.29011364 002.07544304 41.29007913 002.07551346 22
112 41.29001798 002.07571000 41.28999498 002.07581410
111 41.29001798 002.07571000
111 41.28999521 002.07598507
112 41.28999521 002.07598507 41.28998371 002.07611979 21
112 41.29003910 002.07641906 41.29008155 002.07657693
111 41.29003910 002.07641906
112 41.29003910 002.07641906 41.28999178 002.07626776 21
112 41.28995828 002.07608606 41.28994715 002.07596274
111 41.28995828 002.07608606
112 41.28995828 002.07608606 41.28995560 002.07605641 21
116 41.28994281 002.07598130 41.28994290 002.07594237
120 R11
111 41.29061434 002.07501685 22
111 41.29051049 002.07507635
112 41.29051049 002.07507635 41.29045721 002.07510435 20
112 41.29037382 002.07517111 41.29033888 002.07520149
111 41.29037382 002.07517111
112 41.29037382 002.07517111 41.29034925 002.07519388 22
115 41.29024981 002.07532931
120 Rotonda R11
111 41.29135272 002.07449955 22
111 41.29049208 002.07501882
112 41.29049208 002.07501882 41.29029666 002.07512993 21
112 41.29014202 002.07531000 41.29003132 002.07545359
111 41.29014202 002.07531000
112 41.29014202 002.07531000 41.29013895 002.07534470 21
111 41.29013708 002.07540158 21
111 41.29011364 002.07544304 21
111 41.29007643 002.07540950
112 41.29007643 002.07540950 41.29002812 002.07551156 20
112 41.28997708 002.07569494 41.28996234 002.07576168
111 41.28997708 002.07569494
112 41.28997708 002.07569494 41.28995232 002.07569201 21
112 41.28992857 002.07570184 41.28991495 002.07570776
111 41.28992857 002.07570184
112 41.28992857 002.07570184 41.28988090 002.07572109
112 41.28986355 002.07583523 41.28985863 002.07589220
111 41.28986355 002.07583523
112 41.28986355 002.07583523 41.28986298 002.07592019
112 41.28994281 002.07598130 41.28996872 002.07598966 21
112 41.29002831 002.07595763 41.29004622 002.07593398
111 41.29002831 002.07595763
112 41.29002831 002.07595763 41.29006084 002.07592433
112 41.29005798 002.07575731 41.29002054 002.07567855
111 41.29005798 002.07575731
112 41.29005798 002.07575731 41.29004573 002.07573241
116 41.28997708 002.07569494 41.28993322 002.07568792
120 R11
111 41.29052222 002.07511136 21
111 41.29045647 002.07490914
112 41.29045647 002.07490914 41.29032656 002.07497212 20
112 41.29021318 002.07514572 41.29016747 002.07522176
111 41.29021318 002.07514572
112 41.29021318 002.07514572 41.29019080 002.07516599 20
112 41.29014546 002.07521877 41.29012834 002.07524029
111 41.29014546 002.07521877
112 41.29014546 002.07521877 41.29011968 002.07525076 20
111 41.29007839 002.07520746
111 41.29004261 002.07525479 20
112 41.29006162 002.07534122 41.29004225 002.07537933
111 41.29006162 002.07534122
112 41.29006162 002.07534122 41.28999734 002.07545449 20
112 41.28993183 002.07568261 41.28990532 002.07580192
111 41.28993183 002.07568261
112 41.28993183 002.07568261 41.28992569 002.07571323 20
116 41.28988439 002.07573808 41.28984823 002.07575733
120 CL R10-M
111 41.29096384 002.07133166 21
111 41.29093676 002.07124885 22
111 41.29074575 002.07135921
112 41.29074575 002.07135921 41.29065603 002.07140820 22
112 41.29058499 002.07154033 41.29051444 002.07158116
111 41.29058499 002.07154033 22
111 41.29049293 002.07159585 21
115 41.29047010 002.07152372
120 R10
112 41.28877067 002.06586651 41.28877852 002.06582357 21
116 41.28886357 002.06578540 41.28890124 002.06578699
120 R10
112 41.28869281 002.06604418 41.28871352 002.06593089 21
116 41.28891604 002.06581950 41.28901542 002.06582370
120 Rotonda R10
112 41.28906321 002.06537459 41.28928813 002.06533650 22
114 41.28911217 002.06584755 41.28885873 002.06589251 22
120 Rotonda R10
112 41.28906321 002.06543476 41.28923389 002.06539185 20
114 41.28911036 002.06578739 41.28893034 002.06582584 20
120 Rotonda R10
112 41.28925296 002.06607586 41.28922795 002.06601073 21
115 41.28923442 002.06590554
120 Rotonda R10
112 41.28929933 002.06622922 41.28925925 002.06606715 21
115 41.28925530 002.06582597
120 CL R10-11
112 41.28923442 002.06590554 41.28921872 002.06592428 21
112 41.28917529 002.06594501 41.28915352 002.06594816
111 41.28917529 002.06594501
112 41.28917529 002.06594501 41.28918502 002.06595278 21
116 41.28925296 002.06607586 41.28928433 002.06615013
120 CL R10-11
112 41.28930123 002.06575616 41.28929150 002.06577685 21
116 41.28925530 002.06582597 41.28923510 002.06585004
120 CL R10-11
112 41.28925530 002.06582597 41.28921810 002.06587030 21
112 41.28911527 002.06591915 41.28906374 002.06592660
111 41.28911527 002.06591915
112 41.28911527 002.06591915 41.28913832 002.06593755 21
116 41.28929933 002.06622922 41.28936755 002.06641058
120 CL R10-11
111 41.28929933 002.06622922 22
111 41.29191299 002.07385570 20
111 41.29217478 002.07463258 22
111 41.29237696 002.07522398
112 41.29237696 002.07522398 41.29242570 002.07535823 22
112 41.29227615 002.07557684 41.29219636 002.07561795
111 41.29227615 002.07557684 22
111 41.29098372 002.07635330 21
115 41.29094165 002.07631156
120 rampa 10
111 41.29089345 002.07099880
112 41.29089345 002.07099880 41.29092697 002.07109778 80
112 41.29085134 002.07123385 41.29081194 002.07125736
111 41.29085134 002.07123385 80
111 41.29072771 002.07130798
112 41.29072771 002.07130798 41.29063074 002.07136365 20
112 41.29056760 002.07149006 41.29050739 002.07152632
111 41.29056760 002.07149006
112 41.29056760 002.07149006 41.29054668 002.07150439 20
112 41.29045038 002.07150699 41.29044010 002.07147421
111 41.29045038 002.07150699 20
111 41.29039788 002.07134241 20
111 41.29033976 002.07128242 20
111 41.29024822 002.07101453 20
111 41.29025494 002.07093552 20
111 41.29019924 002.07077460 20
111 41.29014803 002.07072252 20
111 41.29001000 002.07031961 20
111 41.29001313 002.07022496 20
111 41.28996014 002.07006585 20
111 41.28990668 002.07001703 20
111 41.28980201 002.06971329 20
111 41.28980391 002.06961927 20
111 41.28975908 002.06948909 20
111 41.28970462 002.06942692
112 41.28970462 002.06942692 41.28967104 002.06933161 20
112 41.28962499 002.06913906 41.28959232 002.06904154
111 41.28962499 002.06913906 20
111 41.28876817 002.06663503
112 41.28876817 002.06663503 41.28867912 002.06638928 20
112 41.28873559 002.06607049 41.28873998 002.06603845 20
112 41.28886903 002.06588645 41.28895897 002.06583612 20
112 41.28911495 002.06597752 41.28913529 002.06599789
111 41.28911495 002.06597752
112 41.28911495 002.06597752 41.28918017 002.06603326 20
111 41.28925692 002.06621796 20
112 41.29005193 002.06854045 41.29011417 002.06872461
111 41.29005193 002.06854045 80
111 41.29027081 002.06917987 80
111 41.29030053 002.06926668 80
111 41.29048856 002.06981599 80
111 41.29051754 002.06990064 80
111 41.29070593 002.07045100 80
113 41.29073501 002.07053594 80
120 r10-11
111 41.29219638 002.07480784 80
111 41.29233136 002.07523000
112 41.29233136 002.07523000 41.29236751 002.07533552 80
112 41.29225790 002.07552311 41.29219061 002.07556887
111 41.29225790 002.07552311 80
111 41.29224841 002.07552884 80
111 41.29201061 002.07567252 80
111 41.29183176 002.07578058 80
111 41.29176242 002.07582247 80
111 41.29164074 002.07589600 80
111 41.29141936 002.07602975 80
111 41.29120669 002.07615825 80
111 41.29101055 002.07627676 80
111 41.29096640 002.07630292 80
111 41.29084905 002.07632364 80
111 41.29079964 002.07631222
111 41.29078731 002.07626751 20
111 41.29045660 002.07519551
112 41.29045660 002.07519551 41.29044988 002.07517562 20
112 41.29047097 002.07514251 41.29048076 002.07513714
111 41.29047097 002.07514251 20
111 41.29055682 002.07509218 20
111 41.29061434 002.07501685 20
111 41.29091684 002.07483037 20
111 41.29103561 002.07481432 20
111 41.29135466 002.07460679 20
111 41.29135848 002.07449547
112 41.29135848 002.07449547 41.29139475 002.07443933 20
111 41.29136931 002.07426947 20
111 41.29132271 002.07406560 20
111 41.29127844 002.07402633 20
111 41.29117275 002.07371702 20
111 41.29117827 002.07366635 20
111 41.29111414 002.07347416 20
111 41.29107697 002.07343750 20
111 41.29094130 002.07304112 20
111 41.29094529 002.07298596 20
111 41.29088563 002.07281225 20
111 41.29084697 002.07276594 20
111 41.29074591 002.07246896 20
111 41.29074574 002.07239473 20
111 41.29067829 002.07219595 20
111 41.29063653 002.07215077 20
111 41.29053294 002.07184747
112 41.29053294 002.07184747 41.29048992 002.07171724 20
112 41.29060136 002.07158979 41.29067084 002.07155213
111 41.29060136 002.07158979
112 41.29060136 002.07158979 41.29068279 002.07154585 20
112 41.29076120 002.07140577 41.29083976 002.07136112
111 41.29076120 002.07140577 80
111 41.29087594 002.07133940
112 41.29087594 002.07133940 41.29091913 002.07131616 80
112 41.29103911 002.07143060 41.29106770 002.07151596
111 41.29103911 002.07143060 80
111 41.29120725 002.07192129 80
111 41.29123459 002.07200105 80
111 41.29142522 002.07255736 80
111 41.29145514 002.07264467 80
111 41.29164676 002.07320387 80
111 41.29167274 002.07327968 80
111 41.29187806 002.07387985
112 41.29187806 002.07387985 41.29188275 002.07389315 80
116 41.29188752 002.07391903 41.29188917 002.07393172
120 cLr11
111 41.29037382 002.07517111 21
115 41.29045134 002.07511236
120 CL R12
112 41.29078488 002.07635223 41.29074915 002.07631625 22
112 41.29061230 002.07634394 41.29054765 002.07637937 22
115 41.29015660 002.07662189
120 CL R12
111 41.29015660 002.07662189 21
115 41.29010519 002.07646223
120 R12
111 41.29092549 002.07663628 80
111 41.29101106 002.07688651 80
111 41.29105139 002.07700308 80
111 41.29120366 002.07744671 80
111 41.29122899 002.07751977 80
111 41.29138939 002.07798669 80
111 41.29141684 002.07806598 80
111 41.29156220 002.07848893 80
111 41.29158900 002.07856692 80
111 41.29173277 002.07898525 80
111 41.29176039 002.07906508 80
111 41.29187489 002.07939819
112 41.29187489 002.07939819 41.29190453 002.07948859 80
112 41.29182022 002.07962129 41.29175600 002.07965910
111 41.29182022 002.07962129 80
115 41.29165219 002.07972211
120 R12
111 41.29165219 002.07972211 20
111 41.29161968 002.07974162
112 41.29161968 002.07974162 41.29150111 002.07980901 20
112 41.29143886 002.07994089 41.29139069 002.07996719
111 41.29143886 002.07994089
112 41.29143886 002.07994089 41.29140325 002.07996342 20
112 41.29132740 002.07995784 41.29131367 002.07991435
111 41.29132740 002.07995784 20
111 41.29127627 002.07980774 20
111 41.29122798 002.07975776 20
111 41.29116032 002.07956088 20
111 41.29116456 002.07948156 20
111 41.29110351 002.07930330 20
111 41.29105237 002.07924671 20
111 41.29099370 002.07907597 20
111 41.29099896 002.07899802 20
111 41.29093853 002.07882157 20
111 41.29088173 002.07875010 20
111 41.29082425 002.07858281 20
111 41.29083032 002.07850558 20
111 41.29077327 002.07833902 20
111 41.29071811 002.07827391 20
111 41.29061015 002.07795975 20
111 41.29061715 002.07788316 20
111 41.29055700 002.07770753 20
111 41.29050748 002.07766093 20
111 41.29042476 002.07742021 20
111 41.29043121 002.07734024 20
111 41.29036533 002.07714786 20
111 41.29032029 002.07711617 20
115 41.29021874 002.07681062
120 R12
111 41.29140342 002.08026992
112 41.29140342 002.08026992 41.29137827 002.08019372 20
112 41.29147180 002.08003666 41.29154470 002.07999763
111 41.29147180 002.08003666
112 41.29147180 002.08003666 41.29153235 002.08000092 20
112 41.29165858 002.07983969 41.29176973 002.07977394
111 41.29165858 002.07983969 20
111 41.29169145 002.07981924 80
111 41.29185136 002.07971973
112 41.29185136 002.07971973 41.29191558 002.07968356 80
112 41.29201528 002.07980801 41.29204492 002.07989677
111 41.29201528 002.07980801 80
111 41.29214136 002.08017661 80
111 41.29216458 002.08024451 80
111 41.29231526 002.08068502 80
111 41.29233950 002.08075590 80
111 41.29251159 002.08125902 80
111 41.29253983 002.08134157 80
111 41.29271066 002.08184103 80
111 41.29272511 002.08188327 80
111 41.29290973 002.08242303 80
111 41.29313084 002.08306945
112 41.29313084 002.08306945 41.29313350 002.08307740 80
112 41.29313701 002.08309427 41.29313848 002.08310282
111 41.29313701 002.08309427
112 41.29313701 002.08309427 41.29314912 002.08316462 80
112 41.29307787 002.08327865 41.29303327 002.08330651
111 41.29307787 002.08327865 80
111 41.29282059 002.08344001 80
111 41.29246193 002.08366495
112 41.29246193 002.08366495 41.29235067 002.08372744 80
112 41.29221016 002.08361140 41.29215300 002.08346876
111 41.29221016 002.08361140 80
111 41.29206513 002.08318705 80
111 41.29195931 002.08287746
112 41.29195931 002.08287746 41.29192360 002.08278509 80
111 41.29194996 002.08272699 20
112 41.29199361 002.08258510 41.29199698 002.08251038
111 41.29199361 002.08258510 20
111 41.29203320 002.08250413 20
111 41.29202416 002.08237612 20
111 41.29197614 002.08228697 20
111 41.29195677 002.08210760 20
111 41.29197812 002.08204329 20
111 41.29194792 002.08185898 20
111 41.29190408 002.08179476 20
111 41.29188906 002.08173619 20
111 41.29189091 002.08161244 20
111 41.29185096 002.08147562 20
111 41.29180393 002.08143572 20
111 41.29173154 002.08122500 20
111 41.29173054 002.08112786 20
111 41.29167660 002.08096845 20
111 41.29162003 002.08090042 20
111 41.29156257 002.08073315 20
111 41.29156258 002.08064242 20
111 41.29150954 002.08047974 20
113 41.29145475 002.08041931 20
120 CL r17
112 41.28922840 002.08179537 41.28928224 002.08176353 22
112 41.28931876 002.08150973 41.28927650 002.08138609
111 41.28931876 002.08150973 22
115 41.28901788 002.08063280
120 R13
111 41.28950080 002.07736198
112 41.28950080 002.07736198 41.28953569 002.07734434 20
112 41.28960744 002.07736028 41.28964022 002.07737049 20
111 41.28965953 002.07740530 20
111 41.28972966 002.07760056 20
111 41.28981014 002.07783675 20
111 41.28979879 002.07791503 20
111 41.28986103 002.07809823 20
111 41.28991481 002.07814389 20
111 41.28999407 002.07837647 20
111 41.28998532 002.07846406 20
111 41.29003828 002.07861996 20
111 41.29009788 002.07868112 20
111 41.29017906 002.07891932 20
111 41.29016945 002.07900606 20
111 41.29022270 002.07916280 20
111 41.29028238 002.07922252 20
111 41.29034351 002.07940191 20
111 41.29033256 002.07948617 20
111 41.29038851 002.07965085 20
111 41.29044750 002.07970707 20
111 41.29051139 002.07989455 20
111 41.29050078 002.07998129 20
111 41.29055622 002.08014449 20
111 41.29061510 002.08019888 20
111 41.29065848 002.08033390
112 41.29065848 002.08033390 41.29067786 002.08040018 20
112 41.29059865 002.08052980 41.29056248 002.08055631
111 41.29059865 002.08052980 20
111 41.29056532 002.08054970
112 41.29056532 002.08054970 41.29052268 002.08057418 20
112 41.29049374 002.08064143 41.29047487 002.08067631
111 41.29049374 002.08064143 20
111 41.29047624 002.08066989
112 41.29047624 002.08066989 41.29045317 002.08070756 20
111 41.29038512 002.08075971 80
111 41.29021190 002.08085850
112 41.29021190 002.08085850 41.29015674 002.08088569 80
112 41.29004118 002.08077178 41.29001054 002.08068206
111 41.29004118 002.08077178 80
111 41.28994650 002.08049537 80
111 41.28992955 002.08044586 80
111 41.28977548 002.07999605 80
111 41.28974835 002.07991686 80
111 41.28960013 002.07948412 80
111 41.28957803 002.07941961 80
111 41.28943111 002.07899065 80
111 41.28940285 002.07890816 80
111 41.28922281 002.07838251 80
111 41.28919530 002.07830221 80
111 41.28912544 002.07809823 80
111 41.28903540 002.07783538
112 41.28903540 002.07783538 41.28900986 002.07776196 80
112 41.28908233 002.07761542 41.28912217 002.07759231
111 41.28908233 002.07761542 80
111 41.28923189 002.07752447 80
113 41.28926257 002.07750626 80
120 R13-KS
111 41.29070521 002.08060057 21
111 41.29068468 002.08053605 22
111 41.29058438 002.08059973
112 41.29058438 002.08059973 41.29055084 002.08061996 22
112 41.29052523 002.08067599 41.29050845 002.08070459
111 41.29052523 002.08067599 22
111 41.29051240 002.08069978
112 41.29051240 002.08069978 41.29048947 002.08074435 22
111 41.29043061 002.08078007 22
111 41.29015075 002.08094871 21
115 41.29012899 002.08087250
120 R13
111 41.29135717 002.08225838 20
111 41.29146646 002.08243811 20
111 41.29147820 002.08255616 20
111 41.29154805 002.08266195 20
111 41.29161308 002.08267157 20
111 41.29168478 002.08274966 20
112 41.29178435 002.08280718 41.29183500 002.08281331 20
112 41.29188434 002.08292817 41.29191197 002.08299865
111 41.29188434 002.08292817 20
111 41.29191819 002.08302392 80
111 41.29210492 002.08355466
112 41.29210492 002.08355466 41.29215691 002.08369680 80
112 41.29197909 002.08373756 41.29188716 002.08369554
111 41.29197909 002.08373756 80
111 41.29146016 002.08349719 80
111 41.29101180 002.08328951 80
111 41.29094142 002.08325691
112 41.29094142 002.08325691 41.29089127 002.08323343 80
112 41.29084930 002.08313655 41.29082330 002.08306858
111 41.29084930 002.08313655 80
111 41.29066689 002.08260422 80
111 41.29063284 002.08250483 80
111 41.29049264 002.08209568 80
111 41.29046910 002.08202700 80
111 41.29032188 002.08159734 80
111 41.29029553 002.08152044 80
111 41.29017718 002.08117506
112 41.29017718 002.08117506 41.29014960 002.08109621 80
112 41.29023921 002.08094744 41.29030970 002.08090801
111 41.29023921 002.08094744 80
111 41.29039017 002.08086058 20
111 41.29044649 002.08081723 20
112 41.29054227 002.08072854 41.29056951 002.08067677
111 41.29054227 002.08072854 20
111 41.29055566 002.08070528
112 41.29055566 002.08070528 41.29056541 002.08068582 20
112 41.29060228 002.08065738 41.29062791 002.08064369
111 41.29060228 002.08065738 20
111 41.29070521 002.08060057 20
112 41.29075649 002.08062395 41.29076969 002.08066456
111 41.29075649 002.08062395 20
111 41.29083004 002.08083259 20
111 41.29089550 002.08102071 20
111 41.29088595 002.08111229 20
111 41.29094073 002.08126753 20
111 41.29100907 002.08134996 20
111 41.29107164 002.08153465 20
111 41.29105117 002.08159710 20
111 41.29110890 002.08176401 20
111 41.29116392 002.08181910 20
111 41.29123490 002.08200395 20
111 41.29122435 002.08207662 20
113 41.29127213 002.08219319 20
120 CL R14
111 41.28960089 002.07734851 21
111 41.28957102 002.07725996 22
111 41.28889374 002.07766727
112 41.28889374 002.07766727 41.28883971 002.07769536 22
112 41.28874180 002.07769870 41.28868946 002.07772904
111 41.28874180 002.07769870 22
115 41.28737846 002.07852675
120 R14
111 41.28754316 002.07684731 20
111 41.28767164 002.07677746 20
111 41.28777117 002.07677265 20
111 41.28786708 002.07671967 20
111 41.28789785 002.07664260 20
111 41.28826402 002.07642542 20
111 41.28832656 002.07645618 20
111 41.28846660 002.07638381 20
111 41.28848155 002.07630057
112 41.28848155 002.07630057 41.28888709 002.07609270 20
112 41.28945400 002.07682668 41.28959618 002.07723924
111 41.28945400 002.07682668 20
111 41.28953581 002.07706120
112 41.28953581 002.07706120 41.28955806 002.07713358 20
112 41.28944849 002.07727554 41.28938669 002.07730844
111 41.28944849 002.07727554 20
111 41.28926518 002.07738615 80
111 41.28908034 002.07749768 80
111 41.28876981 002.07763512 80
111 41.28839260 002.07786070 80
111 41.28835784 002.07788148 80
111 41.28831580 002.07790663 80
111 41.28798738 002.07810303 80
111 41.28787577 002.07816978 80
111 41.28744948 002.07842471 80
111 41.28737406 002.07846981
112 41.28737406 002.07846981 41.28735793 002.07847849 80
112 41.28733105 002.07847431 41.28731859 002.07846988
111 41.28733105 002.07847431
112 41.28733105 002.07847431 41.28730456 002.07846489 80
116 41.28728086 002.07841878 41.28727475 002.07840321
120 R14
111 41.28728086 002.07841878 80
115 41.28717448 002.07810900
120 CL R15-16
111 41.28761953 002.07856786 22
115 41.28798080 002.07961259
120 R15-16
111 41.28797904 002.07973490 21
111 41.28787846 002.07944501 21
111 41.28760602 002.07865989
112 41.28760602 002.07865989 41.28756611 002.07855265 21
116 41.28740308 002.07857248 41.28733363 002.07861895
120 rotonda r13-14
112 41.28923151 002.07625770 41.28924585 002.07626093 21
112 41.28925307 002.07629809 41.28925065 002.07631718 21
112 41.28922272 002.07632680 41.28920838 002.07632357 21
114 41.28920116 002.07628640 41.28920358 002.07626732 21
120 rotonda R13-14
112 41.28989885 002.07578479 41.28986695 002.07581334 22
112 41.28987992 002.07591336 41.28990136 002.07595583 22
112 41.28997652 002.07593857 41.29000842 002.07591003 22
114 41.28999546 002.07581000 41.28997401 002.07576754 22
120 rotonda R13-14
112 41.28919255 002.07620854 41.28916064 002.07623708 22
112 41.28917361 002.07633710 41.28919506 002.07637957 22
112 41.28927021 002.07636231 41.28930212 002.07633377 22
114 41.28928915 002.07623375 41.28926771 002.07619128 22
120 R14
112 41.28911364 002.07623942 41.28911512 002.07623233 21
111 41.28912023 002.07622097 21
111 41.28898818 002.07617032 21
112 41.28911364 002.07623942 41.28912846 002.07624575
111 41.28911364 002.07623942
112 41.28911364 002.07623942 41.28910581 002.07626283 21
112 41.28911091 002.07629942 41.28911461 002.07632243
111 41.28911091 002.07629942
112 41.28911091 002.07629942 41.28888295 002.07615102 21
112 41.28847014 002.07623862 41.28824290 002.07635203
111 41.28847014 002.07623862
112 41.28847014 002.07623862 41.28860723 002.07616958 21
112 41.28876993 002.07612162 41.28887615 002.07612162
111 41.28876993 002.07612162 21
111 41.28891339 002.07612759
112 41.28891339 002.07612759 41.28892327 002.07617854 21
116 41.28898866 002.07622751 41.28902571 002.07624724
120 R13-14
111 41.28885582 002.07594545 20
112 41.28887041 002.07603809 41.28887210 002.07607514 20
112 41.28883897 002.07604407 41.28883391 002.07602049
111 41.28883897 002.07604407
112 41.28883897 002.07604407 41.28881367 002.07595650 20
115 41.28882775 002.07585729
120 R13-14
111 41.28875926 002.07590062 20
112 41.28877273 002.07602763 41.28877483 002.07607085
111 41.28877273 002.07602763
112 41.28877273 002.07602763 41.28877378 002.07604924 20
116 41.28873381 002.07606898 41.28869947 002.07607288
120 R13-14
112 41.28565031 002.07190503 41.28563156 002.07190193 21
116 41.28557963 002.07192141 41.28555601 002.07193517
120 R17
111 41.28902233 002.08063768 21
115 41.28905393 002.08061926
120 R15-J
111 41.28659467 002.07461898 21
111 41.28655780 002.07450763 22
111 41.28627369 002.07475314 22
111 41.28590364 002.07498695 21
115 41.28587653 002.07490324
120 R15
112 41.28554125 002.07198802 41.28562155 002.07194464 20
112 41.28571410 002.07204372 41.28575222 002.07211954
111 41.28571410 002.07204372
112 41.28571410 002.07204372 41.28572047 002.07205640 20
112 41.28573143 002.07208636 41.28573661 002.07210210
111 41.28573143 002.07208636 20
111 41.28650585 002.07435076
112 41.28650585 002.07435076 41.28652576 002.07440927 20
112 41.28646831 002.07451358 41.28642543 002.07455084
111 41.28646831 002.07451358 20
111 41.28625339 002.07469861 20
111 41.28622058 002.07471866 20
111 41.28593034 002.07489596
112 41.28593034 002.07489596 41.28587858 002.07493464 20
115 41.28579792 002.07481530
120 CL R12-r13
112 41.29176593 002.08148305 41.29188607 002.08186025 22
112 41.29193075 002.08236925 41.29193657 002.08249784
111 41.29193075 002.08236925
112 41.29193075 002.08236925 41.29194572 002.08269762 22
112 41.29163407 002.08259410 41.29143563 002.08240380
111 41.29163407 002.08259410
112 41.29163407 002.08259410 41.29154693 002.08249479 22
112 41.29121401 002.08182246 41.29107198 002.08142304
111 41.29121401 002.08182246 22
111 41.28949070 002.07678545
112 41.28949070 002.07678545 41.28944753 002.07665563 21
112 41.28926700 002.07642887 41.28917912 002.07634235
111 41.28926700 002.07642887
112 41.28926700 002.07642887 41.28928987 002.07642258 21
112 41.28931195 002.07639487 41.28932848 002.07637907
111 41.28931195 002.07639487
112 41.28931195 002.07639487 41.28940563 002.07653489 21
115 41.28949070 002.07678545
120 R12-13 E2
111 41.29193334 002.08275619 21
111 41.29188364 002.08279602 22
111 41.29218239 002.08367224 21
115 41.29211083 002.08371847
120 R10-11-12-13
112 41.28886357 002.06578540 41.28884757 002.06575765 21
112 41.28884205 002.06570430 41.28884297 002.06567808
111 41.28884205 002.06570430
112 41.28884205 002.06570430 41.28881298 002.06576078 21
116 41.28877067 002.06586651 41.28876282 002.06590945
120 R10-11-12-13
112 41.28895570 002.06587891 41.28894058 002.06585900 21
112 41.28891604 002.06581950 41.28890469 002.06579981
111 41.28891604 002.06581950
112 41.28891604 002.06581950 41.28887384 002.06574632 21
112 41.28885928 002.06560557 41.28886169 002.06553641
111 41.28885928 002.06560557
112 41.28885928 002.06560557 41.28878259 002.06575457 21
116 41.28869281 002.06604418 41.28867211 002.06615746
120 CL R12-13
111 41.28903202 002.07768370 21
111 41.28894282 002.07773577 22
112 41.28898361 002.07781061 41.28899765 002.07785238 22
111 41.29081132 002.08314703
112 41.29081132 002.08314703 41.29084062 002.08323571 22
112 41.29093363 002.08329247 41.29099864 002.08332583
111 41.29093363 002.08329247 22
111 41.29201567 002.08379422
112 41.29201567 002.08379422 41.29212658 002.08384277 22
112 41.29235346 002.08378696 41.29247140 002.08371892
111 41.29235346 002.08378696 22
111 41.29309326 002.08332825
112 41.29309326 002.08332825 41.29316153 002.08328609 22
112 41.29316993 002.08304714 41.29314021 002.08294973
111 41.29316993 002.08304714 22
111 41.29095842 002.07657514 21
115 41.29099329 002.07653591
120 Stand 64
111 41.29762264 002.06736357 52
112 41.29785745 002.06728049 41.29792048 002.06726596
111 41.29785745 002.06728049
112 41.29785745 002.06728049 41.29788897 002.06727323
112 41.29792626 002.06726574 41.29795682 002.06726003
111 41.29792626 002.06726574
112 41.29792626 002.06726574 41.29795682 002.06726003 52
112 41.29801024 002.06724937 41.29804187 002.06724286
111 41.29801024 002.06724937 52
111 41.29815520 002.06722816 52
111 41.29838678 002.06708768 52
115 41.29903585 002.06669395
120 Rampa 3 Gate H/J
111 41.29640325 002.06817646 51 101
111 41.29645683 002.06814446 51 101
112 41.29667536 002.06798076 41.29670376 002.06795836
111 41.29667536 002.06798076
112 41.29667536 002.06798076 41.29671626 002.06794850 51 101
111 41.29676385 002.06790110 51 101
112 41.29699460 002.06773114 41.29704884 002.06769622
111 41.29699460 002.06773114 51 101
111 41.29702886 002.06771022 51 101
111 41.29719564 002.06760838 51 101
111 41.29757225 002.06738740
112 41.29757225 002.06738740 41.29758831 002.06737815 51 101
112 41.29762264 002.06736357 41.29764007 002.06735690
111 41.29762264 002.06736357
112 41.29762264 002.06736357 41.29772023 002.06732620 51 101
112 41.29790987 002.06734343 41.29798529 002.06735971
111 41.29790987 002.06734343
112 41.29790987 002.06734343 41.29799876 002.06736262 51 101
111 41.29814008 002.06742455
112 41.29814008 002.06742455 41.29819603 002.06745221 51 101
112 41.29827332 002.06758892 41.29830208 002.06766707
111 41.29827332 002.06758892 51 101
111 41.29834043 002.06778426 51 101
111 41.29835891 002.06783802 51 101
111 41.29836465 002.06785474 51 101
111 41.29840831 002.06798182 51 101
111 41.29851152 002.06828222 51 101
111 41.29860917 002.06856641 51 101
111 41.29862732 002.06861924 51 101
111 41.29866374 002.06872525 51 101
111 41.29887950 002.06935323 51 101
111 41.29889252 002.06939110 51 101
111 41.29912067 002.07005515 51 101
111 41.29932433 002.07064792 51 101
112 41.29934727 002.07079575 41.29934470 002.07088113
111 41.29934727 002.07079575
112 41.29934727 002.07079575 41.29934511 002.07086736 51 101
112 41.29928313 002.07103559 41.29924737 002.07111609
111 41.29928313 002.07103559
112 41.29928313 002.07103559 41.29925273 002.07110401 51 101
112 41.29918942 002.07119014 41.29915969 002.07122601
111 41.29918942 002.07119014
112 41.29918942 002.07119014 41.29914247 002.07124679 51 101
111 41.29910513 002.07126762 51 101
111 41.29893646 002.07136979 51 101
111 41.29880910 002.07144694 51 101
111 41.29848549 002.07164298 51 101
111 41.29830735 002.07174859 51 101
111 41.29826101 002.07177650 101
111 41.29821984 002.07180129 51 101
115 41.29770122 002.07211360
120 Stand Y11 Z2 Z6
111 41.30835556 002.09050916 51
111 41.30836643 002.09054085
111 41.30838481 002.09059445 51
111 41.30840518 002.09065382
111 41.30840907 002.09066516 51
115 41.30851847 002.09098411
120 Stand Y12 Z3 Z7
111 41.30851955 002.09041020 51
111 41.30853013 002.09044113
111 41.30854983 002.09049871 51
111 41.30856899 002.09055467
111 41.30857285 002.09056597 51
115 41.30868173 002.09088424
120 Stand Y13 Z4 Z8
111 41.30868383 002.09031107 51
111 41.30869491 002.09034357
111 41.30871415 002.09039998 51
111 41.30873306 002.09045536
111 41.30873687 002.09046665 51
115 41.30884518 002.09078427
120 Gate Gc
111 41.29875836 002.07616114 51 101
112 41.29876802 002.07584034 41.29880970 002.07568712 51 101
111 41.29890887 002.07561890 51 101
112 41.29867424 002.07561024 41.29857529 002.07555200 51 101
115 41.29850397 002.07542005
120 Gate F
111 41.29947467 002.07727648 51 101
111 41.29954545 002.07723319 51 101
111 41.30004243 002.07692925 51 101
115 41.30010186 002.07689290
120 Gate C
111 41.30207051 002.08488832 51 101
111 41.30213764 002.08484771 51 101
111 41.30265315 002.08453853 51 101
111 41.30272871 002.08449322 51 101
111 41.30294739 002.08435974 51 101
111 41.30317744 002.08421932 51 101
111 41.30353481 002.08400818 51 101
111 41.30360306 002.08396786 51 101
112 41.30376449 002.08387131 41.30378092 002.08386011
111 41.30376449 002.08387131
112 41.30376449 002.08387131 41.30379412 002.08385110 51
112 41.30387059 002.08378314 41.30390851 002.08374470
111 41.30387059 002.08378314
112 41.30387059 002.08378314 41.30388093 002.08377266
112 41.30390129 002.08374970 41.30391134 002.08373789
111 41.30390129 002.08374970
112 41.30390129 002.08374970 41.30392265 002.08372463 51
112 41.30396025 002.08366569 41.30397758 002.08363478
111 41.30396025 002.08366569
112 41.30396025 002.08366569 41.30404736 002.08351034 51
111 41.30406186 002.08335606 51
115 41.30410032 002.08285759
120 Stand D1 - Gate G
111 41.29816871 002.07606190 51 101
111 41.29890887 002.07561890 51 101
111 41.29896873 002.07558307 51 101
115 41.29952537 002.07524991
120 Stand E2
111 41.29848549 002.07164298 51 101
112 41.29871428 002.07160086 41.29881576 002.07160533
111 41.29871428 002.07160086
112 41.29871428 002.07160086 41.29878085 002.07160379 51 101
112 41.29887297 002.07165210 41.29890585 002.07167159
111 41.29887297 002.07165210
112 41.29887297 002.07165210 41.29888126 002.07165702 101
112 41.29889252 002.07166450 41.29889715 002.07166767
111 41.29889252 002.07166450
112 41.29889252 002.07166450 41.29889752 002.07166791 51 101
111 41.29890021 002.07166997 51 101
111 41.29945875 002.07214755 51 101
111 41.29964970 002.07231082 51
115 41.30045918 002.07300295
120 Stand E23
111 41.29848549 002.07164298 52 101
112 41.29870154 002.07157776 41.29881325 002.07157097
111 41.29870154 002.07157776
112 41.29870154 002.07157776 41.29870959 002.07157727 101
112 41.29872577 002.07157714 41.29873385 002.07157723
111 41.29872577 002.07157714
112 41.29872577 002.07157714 41.29884612 002.07157844 52 101
111 41.29892099 002.07163766 52 101
111 41.29943674 002.07201668 52 101
111 41.29965485 002.07217696 52
115 41.30032271 002.07266776
120 rdw
111 41.30050083 002.07478087 22
111 41.30047442 002.07476556
112 41.30047442 002.07476556 41.30045350 002.07475374 22
112 41.30041644 002.07476724 41.30040046 002.07477483
111 41.30041644 002.07476724 22
115 41.30022768 002.07488200
120 rdw
111 41.30022768 002.07488200 21
115 41.30020595 002.07481948
120 rdw
111 41.30058665 002.07600511 71
115 41.30078236 002.07657603
120 rdw
111 41.30143843 002.07848976 20
115 41.30147830 002.07860607
120 rdw
111 41.30147830 002.07860607 71
115 41.30167632 002.07918352
120 rdw
111 41.30167632 002.07918352 20
111 41.30170964 002.07928079 20
111 41.30194238 002.07995931 20
111 41.30198229 002.08007564 20
111 41.30220741 002.08073195 20
111 41.30230285 002.08101024 20
115 41.30237540 002.08122183
120 rdw
111 41.30237540 002.08122183 71
115 41.30257187 002.08179487
120 rdw
112 41.30326717 002.08382418 41.30327510 002.08385095 71
116 41.30328623 002.08392271 41.30329614 002.08394948
120 rdw
112 41.30319981 002.08387072 41.30319683 002.08386221 20
115 41.30250282 002.08183945
120 rdw
111 41.30250282 002.08183945 71
115 41.30230545 002.08126427
120 rdw
111 41.30230545 002.08126427 20
115 41.30160635 002.07922664
120 rdw
111 41.30160635 002.07922664 71
115 41.30140794 002.07864836
120 rdw
111 41.30140794 002.07864836 20
115 41.30071109 002.07661742
120 rdw
111 41.30071109 002.07661742 71
115 41.30051554 002.07604866
120 rdw
111 41.29991136 002.07403794 71
115 41.29970978 002.07345155
120 rdw
111 41.29970978 002.07345155 20
115 41.29914182 002.07180390
120 rdw
112 41.30382403 002.08157386 41.30382971 002.08158960 20
112 41.30381971 002.08162199 41.30381353 002.08163324
111 41.30381971 002.08162199 20
111 41.30348700 002.08225019
112 41.30348700 002.08225019 41.30341402 002.08238618 20
116 41.30361090 002.08260839 41.30376248 002.08263032
120 Gate LE
111 41.29469413 002.06201668 51 101
112 41.29490875 002.06231604 41.29503676 002.06238804 51 101
111 41.29521874 002.06226930 51 101
112 41.29500504 002.06250717 41.29494013 002.06267515 51 101
115 41.29501821 002.06295926
120 Gate L
112 41.29417493 002.06128868 41.29420181 002.06128739 101
112 41.29424030 002.06126792 41.29427293 002.06125555
111 41.29424030 002.06126792
112 41.29424030 002.06126792 41.29437913 002.06121529 51 101
112 41.29465105 002.06103368 41.29474624 002.06098552
111 41.29465105 002.06103368
112 41.29465105 002.06103368 41.29453827 002.06110166 51 101
116 41.29451647 002.06149995 41.29457070 002.06165896
120 CL R32
111 41.31190636 002.09997296 22
111 41.31341410 002.10446239
112 41.31341410 002.10446239 41.31345332 002.10458703 22
112 41.31335426 002.10477165 41.31329142 002.10482577
111 41.31335426 002.10477165
112 41.31335426 002.10477165 41.31334888 002.10477629 22
115 41.31246040 002.10530386
120 Linear Feature 201
112 41.29499822 002.05701112 41.29488318 002.05702773 21
116 41.29480717 002.05682949 41.29479182 002.05674095
120 Linear Feature 197
112 41.29449177 002.05668190 41.29446953 002.05672207 22
112 41.29440830 002.05678665 41.29437758 002.05680921
111 41.29440830 002.05678665 22
111 41.29378911 002.05724004
112 41.29378911 002.05724004 41.29367979 002.05731640 22
112 41.29310203 002.05772546 41.29292379 002.05784948 22
112 41.29186463 002.05913304 41.29174586 002.05936783 22
111 41.29006375 002.06269634 22
112 41.28989586 002.06311790 41.28981799 002.06337761
111 41.28989586 002.06311790 22
111 41.28938713 002.06490321
112 41.28938713 002.06490321 41.28931408 002.06516844 22
111 41.28914268 002.06530743 22
111 41.28909555 002.06527660 21
115 41.28918274 002.06533333
120 Linear Feature 196
112 41.29456372 002.05679709 41.29453565 002.05680626 22
112 41.29444626 002.05687183 41.29441131 002.05689861
111 41.29444626 002.05687183 22
111 41.29382248 002.05732350
112 41.29382248 002.05732350 41.29373022 002.05739058 22
112 41.29312485 002.05780627 41.29293479 002.05793612 22
112 41.29192306 002.05918902 41.29180350 002.05942255 22
111 41.29011921 002.06275149 22
112 41.28996080 002.06315642 41.28989513 002.06337992
111 41.28996080 002.06315642 22
111 41.28943550 002.06500455 22
116 41.28930842 002.06545760 41.28927895 002.06557358
120 Linear Feature 195
111 41.28930605 002.06523382 21
111 41.28926858 002.06537632 21
113 41.28922039 002.06533001 21
120 Linear Feature 194
111 41.29443757 002.05681971 21
112 41.29452228 002.05672236 41.29453427 002.05668858
111 41.29453812 002.05675928
112 41.29453812 002.05675928 41.29451164 002.05676915 21
111 41.29443757 002.05681971 20
111 41.29380577 002.05728381
112 41.29380577 002.05728381 41.29370497 002.05735502 20
112 41.29311250 002.05776930 41.29292862 002.05789393 20
112 41.29189389 002.05915977 41.29177280 002.05939299 20
111 41.29009172 002.06272624 20
112 41.28992785 002.06313830 41.28985467 002.06338053
111 41.28992785 002.06313830 20
115 41.28940154 002.06498772
120 Linear Feature 194
111 41.28940154 002.06498772 21
112 41.28927536 002.06544210 41.28924414 002.06558835
111 41.28927536 002.06544210
112 41.28927536 002.06544210 41.28925413 002.06540056 21
112 41.28918274 002.06533333 41.28913154 002.06530508
111 41.28918274 002.06533333
112 41.28918274 002.06533333 41.28930271 002.06521985 21
116 41.28940154 002.06498772 41.28944767 002.06484912
120 rotonda
112 41.29471451 002.05643415 41.29487305 002.05646542 20
114 41.29468383 002.05675406 41.29452274 002.05673196 20
120 Linear Feature 192
111 41.29541029 002.05632797 20
111 41.29499269 002.05658097 20
115 41.29497208 002.05664131
120 Linear Feature 191
112 41.29450589 002.05653971 41.29449660 002.05659328 22
112 41.29452228 002.05672236 41.29453895 002.05676949 21
112 41.29461824 002.05684111 41.29467252 002.05687300
111 41.29461824 002.05684111
111 41.29466855 002.05686139
112 41.29466855 002.05686139 41.29471665 002.05687115 22
112 41.29478127 002.05684669 41.29480727 002.05683131
111 41.29478127 002.05684669
112 41.29478127 002.05684669 41.29481016 002.05683131 21
112 41.29484992 002.05678080 41.29487110 002.05675261
111 41.29484992 002.05678080 21
111 41.29495150 002.05665921 20
115 41.29542461 002.05637594
120 rotonda
112 41.29471122 002.05637869 41.29449420 002.05636496 22
114 41.29469225 002.05680840 41.29491469 002.05682469 22
120 Linear Feature 202
111 41.29652004 002.05851349 21
111 41.29650304 002.05846392 22
111 41.29390522 002.06002985 21
115 41.29387634 002.05994561
120 Linear Feature 203
111 41.29628120 002.05755489 21
111 41.29623763 002.05743122 22
111 41.29519376 002.05804783 21
115 41.29516177 002.05794894
120 Linear Feature 200
112 41.29573796 002.05793423 41.29575374 002.05798381
111 41.29573796 002.05793423 20
111 41.29597397 002.05862249
112 41.29597397 002.05862249 41.29599400 002.05868235 20
112 41.29594293 002.05874295 41.29591239 002.05876050
111 41.29594293 002.05874295 22
112 41.29559406 002.05895289 41.29553203 002.05898948 20
112 41.29544217 002.05887847 41.29542014 002.05881232
111 41.29544217 002.05887847 20
111 41.29523362 002.05827057
112 41.29523362 002.05827057 41.29519950 002.05817047 20
112 41.29529513 002.05804422 41.29534630 002.05801430
111 41.29529513 002.05804422 20
111 41.29561467 002.05785496
114 41.29561467 002.05785496 41.29567418 002.05782108 20
120 Linear Feature 199
112 41.29630665 002.05761972 41.29633330 002.05769748
111 41.29630665 002.05761972 20
112 41.29651836 002.05823715 41.29654726 002.05832628 20
112 41.29647242 002.05842430 41.29643930 002.05844494 22
112 41.29612853 002.05863125 41.29608748 002.05865622 20
112 41.29604041 002.05858349 41.29602402 002.05853578
111 41.29604041 002.05858349 20
111 41.29580613 002.05789912
112 41.29580613 002.05789912 41.29578932 002.05784762 20
112 41.29583850 002.05772335 41.29590219 002.05768374
111 41.29583850 002.05772335 20
114 41.29615863 002.05753499 41.29621220 002.05750574 20
120 Linear Feature 198
112 41.29602049 002.05678384 41.29606084 002.05690303
111 41.29602049 002.05678384 20
111 41.29617442 002.05723224
112 41.29617442 002.05723224 41.29619877 002.05730474 20
112 41.29612692 002.05744229 41.29607885 002.05747337 20
111 41.29526389 002.05794968
112 41.29526389 002.05794968 41.29520674 002.05798365 20
112 41.29509673 002.05787112 41.29507092 002.05779428
111 41.29509673 002.05787112 20
111 41.29496633 002.05748895
112 41.29496633 002.05748895 41.29494903 002.05743778 20
112 41.29492895 002.05723719 41.29493769 002.05717594 20
112 41.29502616 002.05709402 41.29509723 002.05706688
111 41.29502616 002.05709402
112 41.29502616 002.05709402 41.29505296 002.05708626 20
111 41.29509235 002.05706034 20
111 41.29577732 002.05665574
114 41.29577732 002.05665574 41.29587601 002.05659859 20
120 Linear Feature 204
111 41.29541706 002.05903196 21
111 41.29544948 002.05901226 22
111 41.29493177 002.05750235
112 41.29493177 002.05750235 41.29488102 002.05735224 22
112 41.29489935 002.05711958 41.29491344 002.05699105
111 41.29489935 002.05711958 21
115 41.29496490 002.05713646
120 Linear Feature 205
111 41.29597579 002.05870794 21
111 41.29603201 002.05867466 22
111 41.29573715 002.05781413 21
115 41.29579707 002.05777566
120 Linear Feature 16
111 41.29516252 002.05968093 51
111 41.29537004 002.06028585
111 41.29540385 002.06038442 51
111 41.29541988 002.06043114
111 41.29545337 002.06052876 51
115 41.29545935 002.06054620
120 Linear Feature 15
111 41.29552269 002.05946451 51
111 41.29573088 002.06006963
111 41.29576339 002.06016413 51
111 41.29578007 002.06021262
111 41.29581340 002.06030947 51
115 41.29582001 002.06032869
120 Linear Feature 14
111 41.29588187 002.05924602 51
111 41.29609209 002.05985741
111 41.29612338 002.05994840 51
111 41.29613934 002.05999483
111 41.29617249 002.06009125 51
115 41.29617957 002.06011183
120 Linear Feature 13
111 41.29624246 002.05902747 51
111 41.29645240 002.05964079
111 41.29648372 002.05973228 51
111 41.29650014 002.05978025
111 41.29653291 002.05987600 51
115 41.29653936 002.05989485
120 y Calles R3-R4
111 41.29641194 002.06553820 20
112 41.29846210 002.06430063 41.29851045 002.06427078 20
112 41.29852651 002.06408031 41.29849395 002.06398636 20
111 41.29830274 002.06342796
112 41.29830274 002.06342796 41.29828074 002.06336522 20
112 41.29814146 002.06338015 41.29809222 002.06340943
111 41.29814146 002.06338015 20
111 41.29626121 002.06450389 20
111 41.29623458 002.06442568 20
111 41.29699881 002.06396541 20
111 41.29811353 002.06329404
112 41.29811353 002.06329404 41.29816329 002.06326406 20
112 41.29818632 002.06308854 41.29816537 002.06302092
111 41.29818632 002.06308854 20
111 41.29762667 002.06145702
112 41.29762667 002.06145702 41.29760727 002.06139860 20
112 41.29750156 002.06139862 41.29745154 002.06142714
111 41.29750156 002.06139862 20
111 41.29558785 002.06255231 20
111 41.29551352 002.06259712 20
111 41.29548334 002.06250572 20
111 41.29747108 002.06131093
112 41.29747108 002.06131093 41.29751701 002.06127968 20
112 41.29751726 002.06113804 41.29749582 002.06107148
111 41.29751726 002.06113804 20
111 41.29736771 002.06070207
112 41.29736771 002.06070207 41.29733913 002.06062599 20
112 41.29724454 002.06066710 41.29719657 002.06069563
111 41.29724454 002.06066710 20
111 41.29531439 002.06182343 20
111 41.29528031 002.06172505 20
111 41.29720668 002.06056443
112 41.29720668 002.06056443 41.29725363 002.06053726 20
112 41.29726190 002.06039362 41.29724046 002.06032977
111 41.29726190 002.06039362 20
111 41.29670510 002.05877036
112 41.29670510 002.05877036 41.29670074 002.05875732 20
112 41.29668204 002.05875976 41.29667406 002.05876446
111 41.29668204 002.05875976 20
111 41.29451179 002.06006633 20
111 41.29447400 002.05995718 20
111 41.29665853 002.05863460 20
111 41.29663697 002.05857177
112 41.29663697 002.05857177 41.29662108 002.05852342 20
112 41.29652858 002.05851361 41.29649225 002.05853325
111 41.29652858 002.05851361 20
111 41.29391587 002.06008584
112 41.29391587 002.06008584 41.29390275 002.06009290 20
112 41.29380769 002.06003234 41.29379144 002.05998474 20
115 41.29324012 002.05838188
120 yymd
111 41.29859091 002.06416852 22
111 41.29604834 002.05676639
112 41.29604834 002.05676639 41.29600058 002.05662816 22
112 41.29576636 002.05661840 41.29565774 002.05668203
111 41.29576636 002.05661840 22
111 41.29508605 002.05702028
112 41.29508605 002.05702028 41.29488829 002.05713765 22
116 41.29473128 002.05686557 41.29468321 002.05677992
120 yyc
111 41.29851534 002.06425412 21
111 41.29861742 002.06414466
112 41.29861742 002.06414466 41.29862549 002.06412472 20
112 41.29865312 002.06409700 41.29867855 002.06407726
111 41.29865312 002.06409700
112 41.29865312 002.06409700 41.29862862 002.06407798 20
112 41.29854069 002.06392495 41.29850191 002.06380675
111 41.29854069 002.06392495 20
111 41.29832870 002.06330615 22
111 41.29827694 002.06315507 20
111 41.29765866 002.06135034 22
111 41.29759347 002.06118627 20
111 41.29739944 002.06061137 22
111 41.29734245 002.06044158 20
111 41.29683779 002.05897866 22
111 41.29677937 002.05880748 20
111 41.29667144 002.05849250 22
111 41.29661538 002.05832885 20
111 41.29632418 002.05747922 22
111 41.29626863 002.05731604 20
111 41.29607407 002.05674905
112 41.29607407 002.05674905 41.29602104 002.05659356 20
112 41.29575617 002.05658281 41.29563583 002.05665383
111 41.29575617 002.05658281 20
111 41.29507944 002.05698132
112 41.29507944 002.05698132 41.29490836 002.05707772 21
116 41.29478127 002.05684669 41.29473756 002.05675195
120 yyi
111 41.29932948 002.06387402 20
111 41.29899678 002.06407619
112 41.29899678 002.06407619 41.29895645 002.06409766 20
112 41.29886297 002.06407378 41.29883013 002.06405768
111 41.29886297 002.06407378 20
111 41.29865969 002.06398007
112 41.29865969 002.06398007 41.29863285 002.06396578 20
112 41.29859745 002.06388356 41.29858084 002.06383743
111 41.29859745 002.06388356 20
111 41.29613299 002.05671889
112 41.29613299 002.05671889 41.29606567 002.05652700 20
112 41.29572747 002.05650698 41.29557875 002.05659311
111 41.29572747 002.05650698 20
111 41.29506936 002.05689599
112 41.29506936 002.05689599 41.29496147 002.05695842 20
116 41.29495150 002.05665921 41.29507440 002.05650812
120 yymi
111 41.29942568 002.06389614 22
111 41.29931888 002.06395757
112 41.29931888 002.06395757 41.29928143 002.06397904 20
111 41.29922159 002.06407099 20
111 41.29886822 002.06428521
112 41.29886822 002.06428521 41.29887649 002.06422775 20
111 41.29886187 002.06418171 21
116 41.29876154 002.06403743 41.29866940 002.06393874
120 yymi
111 41.29866817 002.06405162 20
112 41.29856978 002.06390844 41.29853632 002.06381379
111 41.29856978 002.06390844 22
111 41.29610348 002.05673458
112 41.29610348 002.05673458 41.29604454 002.05655957 22
112 41.29574372 002.05654150 41.29560851 002.05662118
111 41.29574372 002.05654150 22
111 41.29507533 002.05693620
112 41.29507533 002.05693620 41.29494032 002.05701638 22
116 41.29484992 002.05678080 41.29485371 002.05669109
120 R10-11
111 41.29012053 002.06851568 20
111 41.28933857 002.06623098
112 41.28933857 002.06623098 41.28929773 002.06610984 20
112 41.28934121 002.06548665 41.28940696 002.06523507
111 41.28934121 002.06548665 20
111 41.28999446 002.06317688
112 41.28999446 002.06317688 41.29005339 002.06296975 20
111 41.29014751 002.06277523 20
112 41.29195181 002.05921779 41.29207246 002.05898453 20
112 41.29313296 002.05784406 41.29332956 002.05771485 20
112 41.29384167 002.05736688 41.29392861 002.05730741
111 41.29384167 002.05736688 20
112 41.29454950 002.05685792 41.29460610 002.05681767
111 41.29454950 002.05685792
112 41.29454950 002.05685792 41.29457780 002.05683779 20
112 41.29461824 002.05684111 41.29464298 002.05685651 20
112 41.29466855 002.05686139 41.29469412 002.05687262
111 41.29466855 002.05686139
112 41.29466855 002.05686139 41.29469837 002.05687518 20
112 41.29479336 002.05701362 41.29482415 002.05705329 20
112 41.29485083 002.05720413 41.29484833 002.05725399
111 41.29485083 002.05720413
112 41.29485083 002.05720413 41.29484833 002.05736368 20
111 41.29489403 002.05750750 20
111 41.29542481 002.05905628 20
111 41.29394336 002.05994935
112 41.29394336 002.05994935 41.29390840 002.05996763 20
112 41.29386870 002.05992678 41.29385496 002.05988190
111 41.29386870 002.05992678 20
115 41.29334168 002.05837840
120 Linear Feature 182
112 41.29507336 002.05646619 41.29504048 002.05648588 21
112 41.29487718 002.05645855 41.29481207 002.05643930
111 41.29487718 002.05645855
112 41.29487718 002.05645855 41.29496366 002.05646337 22
111 41.29504965 002.05639958 22
111 41.29536506 002.05620580 22
111 41.29534569 002.05614897 22
111 41.29500080 002.05635033 22
112 41.29484672 002.05640443 41.29475669 002.05641077
111 41.29484672 002.05640443
111 41.29485089 002.05634035
112 41.29485089 002.05634035 41.29490746 002.05633173 22
111 41.29498316 002.05628062 22
111 41.29532212 002.05608756 22
111 41.29530006 002.05601711 20
111 41.29526371 002.05603918 20
112 41.29518992 002.05612531 41.29518198 002.05614011
111 41.29518992 002.05612531
112 41.29518992 002.05612531 41.29518516 002.05618170 20
112 41.29512900 002.05612672 41.29511311 002.05605060
111 41.29512900 002.05612672
112 41.29512900 002.05612672 41.29511099 002.05613800 20
111 41.29485026 002.05628812 20
115 41.29485089 002.05634035
120 R10
112 41.28946981 002.06931885 41.28952464 002.06928630 20
112 41.28951543 002.06909159 41.28949518 002.06903209
111 41.28951543 002.06909159 20
112 41.28868982 002.06668140 41.28858367 002.06636873 20
112 41.28868502 002.06589646 41.28874341 002.06571865 20
112 41.28883014 002.06555211 41.28886332 002.06547907
111 41.28883014 002.06555211
112 41.28883014 002.06555211 41.28895303 002.06534411 20
112 41.28907007 002.06529365 41.28915670 002.06524247
111 41.28907007 002.06529365
112 41.28907007 002.06529365 41.28912704 002.06526113 20
112 41.28934946 002.06487364 41.28943213 002.06459653
111 41.28934946 002.06487364 20
111 41.28985884 002.06310045
112 41.28985884 002.06310045 41.28994497 002.06282295 20
111 41.29003467 002.06266945 20
112 41.29182984 002.05910431 41.29195274 002.05886375
111 41.29182984 002.05910431
112 41.29182984 002.05910431 41.29189632 002.05897418 20
112 41.29250926 002.05826977 41.29280976 002.05793734
111 41.29250926 002.05826977
112 41.29250926 002.05826977 41.29276427 002.05798767 20
112 41.29309087 002.05768080 41.29317108 002.05762758
111 41.29309087 002.05768080
112 41.29309087 002.05768080 41.29326558 002.05756487 20
112 41.29377060 002.05719984 41.29388882 002.05711328
111 41.29377060 002.05719984 20
112 41.29438848 002.05674291 41.29444150 002.05670397 20
112 41.29450589 002.05653971 41.29451753 002.05645888
111 41.29450589 002.05653971
112 41.29450589 002.05653971 41.29452373 002.05640831 20
112 41.29478888 002.05634687 41.29492752 002.05643719
111 41.29478888 002.05634687
112 41.29478888 002.05634687 41.29485093 002.05639549 21
112 41.29489894 002.05658111 41.29490770 002.05671947
111 41.29489894 002.05658111
112 41.29489894 002.05658111 41.29492232 002.05655380 21
111 41.29506442 002.05647159 20
115 41.29539064 002.05627584
120 Linear Feature 79
111 41.29854069 002.06392495 20
115 41.29861742 002.06414466
120 Linear Feature 75
111 41.29931888 002.06395757 20
111 41.29897415 002.06416338
112 41.29897415 002.06416338 41.29893324 002.06418485 20
116 41.29886187 002.06418171 41.29883635 002.06417899
120 Linear Feature 68
112 41.29656652 002.06549926 41.29649803 002.06553662 22
112 41.29648703 002.06566167 41.29651510 002.06574386
111 41.29648703 002.06566167
112 41.29648703 002.06566167 41.29649795 002.06569364 22
115 41.29713384 002.06754379
120 Linear Feature 68
111 41.29719336 002.06771695 22
111 41.29837374 002.07115102 22
112 41.29861623 002.07146883 41.29876281 002.07150367 22
112 41.29891221 002.07157879 41.29902948 002.07163733 22
115 41.29910996 002.07182266
120 Linear Feature 67
111 41.29757086 002.06138468 21 22
111 41.29754840 002.06131947 22
115 41.29555061 002.06251855
120 Linear Feature 67
111 41.29822911 002.06336348 21 22
111 41.29820402 002.06329031 22
115 41.29629424 002.06443807
120 Linear Feature 67
111 41.29731875 002.06064019 21
111 41.29729630 002.06057498 22
115 41.29536347 002.06173035
120 Linear Feature 66
111 41.29668017 002.05875259 21
111 41.29666153 002.05870013 22
115 41.29455353 002.05997056
120 Linear Feature 63
112 41.29652562 002.06568062 41.29650956 002.06562473 20
112 41.29658036 002.06553892 41.29662729 002.06550768 20
112 41.29848440 002.06439520 41.29853135 002.06436803 20
112 41.29864181 002.06442584 41.29866094 002.06448141
111 41.29864181 002.06442584
112 41.29864181 002.06442584 41.29864373 002.06443142 20
115 41.29869033 002.06456624
120 Linear Feature 63
111 41.29916840 002.06414667 20
112 41.29902856 002.06424142 41.29895872 002.06429549
111 41.29902856 002.06424142
112 41.29902856 002.06424142 41.29896017 002.06429437 20
112 41.29887826 002.06437204 41.29886448 002.06438346
111 41.29887826 002.06437204
112 41.29887826 002.06437204 41.29885041 002.06439512 20
112 41.29882794 002.06449393 41.29882543 002.06453382 20
111 41.29882265 002.06478045
112 41.29882265 002.06478045 41.29882084 002.06484410 20
112 41.29884284 002.06495906 41.29884828 002.06497572
111 41.29884284 002.06495906 20
111 41.30009449 002.06868526
112 41.30009449 002.06868526 41.30017437 002.06890695 20
115 41.30023815 002.06899053
120 Linear Feature 63
112 41.29879571 002.06441938 41.29877757 002.06452757 22
112 41.29879354 002.06477730 41.29878899 002.06488660
111 41.29879354 002.06477730
112 41.29879354 002.06477730 41.29878925 002.06484737 22
112 41.29881612 002.06497475 41.29882257 002.06499450
111 41.29881612 002.06497475 22
111 41.30006798 002.06870161
112 41.30006798 002.06870161 41.30015024 002.06892989 22
115 41.30021765 002.06901824
120 Linear Feature 63
112 41.29875793 002.06443150 41.29874606 002.06466549 20
116 41.29876464 002.06477417 41.29876081 002.06487634
120 Linear Feature 63
112 41.29876464 002.06477417 41.29875996 002.06485061 22
112 41.29878959 002.06499033 41.29879705 002.06501315
111 41.29878959 002.06499033 22
111 41.30004167 002.06871783
112 41.30004167 002.06871783 41.30012629 002.06895266 22
115 41.30019731 002.06904573
120 Linear Feature 63
112 41.29867977 002.06442363 41.29871020 002.06451823 22
112 41.29873555 002.06477102 41.29872972 002.06486641
111 41.29873555 002.06477102
112 41.29873555 002.06477102 41.29873048 002.06485388 22
112 41.29876289 002.06500600 41.29877135 002.06503192
111 41.29876289 002.06500600 22
111 41.30001519 002.06873416
112 41.30001519 002.06873416 41.30010218 002.06897558 22
115 41.30017684 002.06907342
120 Linear Feature 63
112 41.29869033 002.06456624 41.29869940 002.06459221 20
112 41.29870792 002.06476802 41.29870248 002.06485698 20
112 41.29873752 002.06502089 41.29874695 002.06504974
111 41.29873752 002.06502089 20
115 41.29955669 002.06745958
120 Linear Feature 63
111 41.29955669 002.06745958 22
115 41.29959410 002.06757097
120 Linear Feature 63
111 41.29959410 002.06757097 20
115 41.29982397 002.06825527
120 Linear Feature 63
111 41.29982397 002.06825527 22
115 41.29985359 002.06834348
120 Linear Feature 63
111 41.29985359 002.06834348 20
111 41.29999004 002.06874967
112 41.29999004 002.06874967 41.30006354 002.06895367 20
116 41.30015333 002.06910213 41.30020830 002.06917080
120 Linear Feature 4
111 41.30967194 002.09087424 51
111 41.30994053 002.09164936
112 41.30994053 002.09164936 41.30996984 002.09173322 51
112 41.30995830 002.09204324 41.30992525 002.09221922 51
111 41.30978369 002.09235669 51
111 41.30969113 002.09241180 51
112 41.30943187 002.09240513 41.30931126 002.09233559 51
115 41.30923952 002.09216448
120 Linear Feature 5
111 41.31071355 002.09329467 51
111 41.31051300 002.09269826
112 41.31051300 002.09269826 41.31048779 002.09262442 51
112 41.31014492 002.09236728 41.30995520 002.09228895
111 41.31014492 002.09236728
112 41.31014492 002.09236728 41.30997720 002.09229803 51
111 41.30978369 002.09235669
111 41.30969113 002.09241180 51
112 41.30956697 002.09255815 41.30951220 002.09266080
111 41.30956697 002.09255815
112 41.30956697 002.09255815 41.30955680 002.09257722 57 101
112 41.30953850 002.09262156 41.30952987 002.09264479
111 41.30953850 002.09262156
112 41.30953850 002.09262156 41.30948342 002.09276987 57 101
115 41.30950879 002.09294326
120 Linear Feature 15
111 41.30824174 002.09140884 2
115 41.30817956 002.09164270
120 Linear Feature 2
111 41.30978410 002.09235747 51
115 41.30970828 002.09240022
120 Linear Feature 5
111 41.28471676 002.07202113 53 102
115 41.28439623 002.07330231
120 Linear Feature 2
112 41.28305915 002.07377629 41.28304198 002.07372320 53 102
111 41.28307889 002.07369482 53 102
112 41.28334984 002.07359988 41.28342444 002.07357469 53 102
112 41.28351097 002.07371722 41.28353547 002.07378908 53 102
111 41.28365767 002.07414606 53 102
112 41.28365430 002.07422306 41.28363946 002.07425393 53 102
111 41.28360029 002.07424712 53 102
112 41.28316669 002.07403220 41.28313979 002.07401862 53 102
113 41.28313269 002.07399256 53 102
120 Linear Feature 1
112 41.28386792 002.07477140 41.28389073 002.07484086 53 102
111 41.28403484 002.07526356 53 102
112 41.28402761 002.07532238 41.28401276 002.07535202 53 102
111 41.28397411 002.07534422 53 102
111 41.28356361 002.07514045 53 102
111 41.28329432 002.07487501 53 102
111 41.28313857 002.07443363 53 102
112 41.28314963 002.07436569 41.28317050 002.07433894 53 102
111 41.28320123 002.07435297 53 102
113 41.28379466 002.07467371 53 102
120 Exit G9-K10
112 41.28498041 002.07664755 41.28489213 002.07640625 51 105
112 41.28447815 002.07639293 41.28428737 002.07648444
111 41.28447815 002.07639293
112 41.28447815 002.07639293 41.28435042 002.07646553 51 105
112 41.28422011 002.07682877 41.28420221 002.07705131
111 41.28422011 002.07682877 51 105
111 41.28415775 002.07760548
112 41.28415775 002.07760548 41.28414210 002.07781321 51 105
112 41.28415728 002.07884564 41.28419442 002.07941061
111 41.28415728 002.07884564
112 41.28415728 002.07884564 41.28421107 002.07940674 51 105
112 41.28450351 002.08069912 41.28472599 002.08139701
111 41.28450351 002.08069912 51 105
115 41.28481376 002.08161601
120 Exit G9/Gate OS
112 41.28466480 002.07572487 41.28468240 002.07579572 51 105
112 41.28468620 002.07593386 41.28468594 002.07599374
111 41.28468620 002.07593386
112 41.28468620 002.07593386 41.28468608 002.07596144 105
112 41.28468398 002.07600239 41.28468292 002.07601966
111 41.28468398 002.07600239
112 41.28468398 002.07600239 41.28468281 002.07602148 51 105
111 41.28468162 002.07603273 105
111 41.28466847 002.07609293 51 105
116 41.28447815 002.07639293 41.28433794 002.07649229
120 K11/Hold G12
111 41.28477267 002.07603880 101
111 41.28475594 002.07599011 51 101
111 41.28474738 002.07596520 101
111 41.28472686 002.07590549 51 101
111 41.28466480 002.07572487 51 101
111 41.28446535 002.07514446 51 101
111 41.28438837 002.07492042 51 101
111 41.28428540 002.07462076 51 101
111 41.28404826 002.07393067 51 101
111 41.28400323 002.07379963
112 41.28400323 002.07379963 41.28396688 002.07368934 51 101
112 41.28378765 002.07352020 41.28370331 002.07348150 51 101
112 41.28349354 002.07338128 41.28342014 002.07335696
111 41.28349354 002.07338128
112 41.28349354 002.07338128 41.28340995 002.07334792 57 105
112 41.28323021 002.07341072 41.28315702 002.07345143
111 41.28323021 002.07341072 57 105
111 41.28309400 002.07349560 105
111 41.28306479 002.07351380 51 105
111 41.28256871 002.07380582
112 41.28256871 002.07380582 41.28253592 002.07382256 51 105
112 41.28245707 002.07391023 41.28243089 002.07394469
111 41.28245707 002.07391023
112 41.28245707 002.07391023 41.28235890 002.07404640 51 105
112 41.28237562 002.07449861 41.28244530 002.07470844
111 41.28237562 002.07449861 51 105
115 41.28245840 002.07473665
120 Hold G10-07R
112 41.28477267 002.07603880 41.28476692 002.07602219 101
112 41.28475262 002.07599146 41.28474510 002.07597652
111 41.28475262 002.07599146
112 41.28475262 002.07599146 41.28474883 002.07598392 51 101
112 41.28474071 002.07596948 41.28473657 002.07596236
111 41.28474071 002.07596948
112 41.28474071 002.07596948 41.28473007 002.07595119 101
112 41.28470639 002.07591889 41.28469435 002.07590347
111 41.28470639 002.07591889
112 41.28470639 002.07591889 41.28464470 002.07583985 51 101
111 41.28457263 002.07579875 51 101
111 41.28420933 002.07561807 57 105
111 41.28382648 002.07542766 105
111 41.28379522 002.07541212 51 105
111 41.28328940 002.07515555
112 41.28328940 002.07515555 41.28321492 002.07511327 51 105
112 41.28310737 002.07490445 41.28307659 002.07480799
111 41.28310737 002.07490445 51 105
111 41.28295065 002.07444764
112 41.28295065 002.07444764 41.28287752 002.07422576 51 105
112 41.28258360 002.07425089 41.28245896 002.07432178
111 41.28258360 002.07425089
112 41.28258360 002.07425089 41.28246815 002.07431655 51 105
112 41.28245840 002.07473665 41.28248021 002.07480271 51 105
115 41.28264650 002.07529007
120 Hold G11-07R
111 41.28438837 002.07492042 51 101
112 41.28416594 002.07468685 41.28401704 002.07461603
111 41.28416594 002.07468685
112 41.28416594 002.07468685 41.28410520 002.07465796 51 101
112 41.28384144 002.07452781 41.28370819 002.07446189
111 41.28384144 002.07452781
112 41.28384144 002.07452781 41.28364805 002.07443214 57 105
111 41.28344890 002.07433289 105
111 41.28342357 002.07432016 51 105
111 41.28288501 002.07404854
112 41.28288501 002.07404854 41.28272305 002.07397698 51 105
112 41.28245659 002.07427643 41.28234092 002.07451322
111 41.28245659 002.07427643
112 41.28245659 002.07427643 41.28237209 002.07444564 51 105
115 41.28245840 002.07473665
120 SH K11
111 41.28449641 002.07487677 58
115 41.28430345 002.07499281
120 Hold G10
111 41.28377582 002.07555961 54 104
115 41.28384834 002.07529101
120 Hold G11
111 41.28340343 002.07445710 54 104
115 41.28347716 002.07419414
120 Hold G12
111 41.28313845 002.07366354 54 104
115 41.28303812 002.07337485
120 Cabecera 07R (G11-Rampa18)
111 41.28446876 002.07310983 53 102
111 41.28454723 002.07333482
112 41.28454723 002.07333482 41.28456481 002.07338533 53 102
112 41.28455304 002.07369002 41.28450626 002.07381235 53 102
112 41.28434816 002.07386467 41.28432003 002.07386156
111 41.28434816 002.07386467
112 41.28434816 002.07386467 41.28429433 002.07383039 53 102
112 41.28387531 002.07340803 41.28380855 002.07336917 53 102
111 41.28352846 002.07325221
112 41.28352846 002.07325221 41.28338426 002.07319053 53 102
112 41.28314264 002.07329475 41.28299330 002.07337699
111 41.28314264 002.07329475 53 102
115 41.28240696 002.07374154
120 K G9-G10
112 41.28299339 002.07548994 41.28295168 002.07536042 53 102
112 41.28316917 002.07526395 41.28328537 002.07531020
111 41.28316917 002.07526395 53 102
111 41.28409451 002.07572586
112 41.28409451 002.07572586 41.28413712 002.07574767 53 102
112 41.28417784 002.07588763 41.28417565 002.07594142
111 41.28417784 002.07588763 53 102
111 41.28403460 002.07770648
112 41.28403460 002.07770648 41.28402270 002.07788942 53 102
116 41.28378217 002.07776679 41.28372401 002.07759616
120 Linear Feature 13
112 41.30914603 002.09234165 41.30915909 002.09237121 53
111 41.30921992 002.09249677 53
111 41.30936801 002.09287725 53
112 41.30944968 002.09315700 41.30946536 002.09321352 53
112 41.30942171 002.09330472 41.30940147 002.09331602 53
112 41.30932825 002.09335783 41.30929690 002.09337348 53
112 41.30922596 002.09329957 41.30921029 002.09325348 53
112 41.30897636 002.09257004 41.30894224 002.09247052 53
112 41.30898286 002.09238615 41.30901211 002.09236884 53
113 41.30910800 002.09231692 53
120 Linear Feature 9
111 41.28672065 002.07913215 51 101
112 41.28679700 002.07951019 41.28679785 002.07966328 51 101
115 41.28684483 002.07976616
120 Linear Feature 8
111 41.28651421 002.07968497 51 101
112 41.28671940 002.07969609 41.28683179 002.07974789 51 101
115 41.28688771 002.07989551
120 Linear Feature 7
111 41.28638867 002.07976191 51 101
112 41.28622500 002.08001636 41.28619402 002.08017556 51 101
115 41.28623097 002.08029397
120 Linear Feature 6
111 41.28709409 002.08281605 57 105
112 41.28687635 002.08277350 41.28671591 002.08285629
111 41.28687635 002.08277350
112 41.28687635 002.08277350 41.28672030 002.08285556 51 105
115 41.28670800 002.08297806
120 Linear Feature 2
111 41.28857570 002.07810903 52 101
112 41.28858565 002.07820177 41.28858882 002.07823175 52 101
115 41.28860353 002.07830542
120 Linear Feature 5
111 41.28799028 002.07879754 51 101
112 41.28786253 002.07894556 41.28780370 002.07903172
111 41.28786253 002.07894556
112 41.28786253 002.07894556 41.28785134 002.07896194 101
112 41.28783061 002.07899708 41.28782070 002.07901496
111 41.28783061 002.07899708
112 41.28783061 002.07899708 41.28782304 002.07901072 51 101
112 41.28780974 002.07903899 41.28780347 002.07905324
111 41.28780974 002.07903899
112 41.28780974 002.07903899 41.28775207 002.07917014 51 101
115 41.28775470 002.07935201
120 Linear Feature 4
111 41.28760722 002.08051377 51
112 41.28775606 002.07941425 41.28776920 002.07931982
111 41.28775606 002.07941425
112 41.28775606 002.07941425 41.28775919 002.07939174 51 101
112 41.28775470 002.07935201 41.28775095 002.07933280
111 41.28775470 002.07935201
112 41.28775470 002.07935201 41.28774271 002.07929063 51 101
112 41.28766132 002.07917837 41.28761529 002.07912066
111 41.28766132 002.07917837
112 41.28766132 002.07917837 41.28764774 002.07916135 51 101
112 41.28760630 002.07913769 41.28758698 002.07912838
111 41.28760630 002.07913769
112 41.28760630 002.07913769 41.28759053 002.07913009 101
112 41.28755502 002.07911970 41.28753849 002.07911588
111 41.28755502 002.07911970
112 41.28755502 002.07911970 41.28749222 002.07910208 51 101
115 41.28745075 002.07912076
120 Linear Feature 6
111 41.28771692 002.08464778 51 105
112 41.28799589 002.08493643 41.28815203 002.08500762 51 105
115 41.28853118 002.08517690
120 Linear Feature 12
111 41.29217835 002.10004420 103
115 41.29225726 002.09957999
120 Linear Feature 11
111 41.29087821 002.09622209 103
115 41.29095471 002.09576431
120 Linear Feature 10
111 41.28976275 002.09295734 103
115 41.28983648 002.09250364
120 Linear Feature 9
111 41.28686306 002.08382665 103
115 41.28655582 002.08360115
120 Linear Feature 8
111 41.28574685 002.08057332 103
115 41.28543963 002.08034618
120 Linear Feature 7
111 41.28443808 002.07676311 103
115 41.28413159 002.07654185
120 Linear Feature 89
111 41.28918725 002.07995778 51 101
111 41.28890733 002.07986045 101
115 41.28885821 002.07984337
120 Linear Feature 88
111 41.28908947 002.07948683 51 101
112 41.28909055 002.07949454 41.28909113 002.07949957
111 41.28909055 002.07949454
112 41.28909055 002.07949454 41.28909149 002.07950266 101
112 41.28909229 002.07953566 41.28909192 002.07955445
111 41.28909229 002.07953566
112 41.28909229 002.07953566 41.28909185 002.07955815 51 101
112 41.28908146 002.07962025 41.28907367 002.07965329
111 41.28908146 002.07962025
112 41.28908146 002.07962025 41.28907338 002.07965453 101
112 41.28903722 002.07973308 41.28901469 002.07977305
111 41.28903722 002.07973308
112 41.28903722 002.07973308 41.28903441 002.07973806 101
112 41.28902866 002.07974738 41.28902576 002.07975194
111 41.28902866 002.07974738
112 41.28902866 002.07974738 41.28901627 002.07976688 51 101
112 41.28891321 002.07983923 41.28883813 002.07985625
111 41.28891321 002.07983923
112 41.28891321 002.07983923 41.28888120 002.07984781 101
111 41.28885821 002.07984337 51
111 41.28874322 002.07978429 51
111 41.28854625 002.07966869 51
115 41.28800745 002.07931601
120 Linear Feature 87
111 41.28898153 002.07999927 52
112 41.28884344 002.08001622 41.28875351 002.08000743
111 41.28884344 002.08001622
112 41.28884344 002.08001622 41.28882780 002.08001469
112 41.28879277 002.08000819 41.28877464 002.08000425
111 41.28879277 002.08000819
112 41.28879277 002.08000819 41.28872843 002.07999423 52
112 41.28855480 002.07990070 41.28845524 002.07981660
111 41.28855480 002.07990070
112 41.28855480 002.07990070 41.28847465 002.07983397 52
112 41.28830120 002.07970596 41.28821149 002.07964598
111 41.28830120 002.07970596
112 41.28830120 002.07970596 41.28808408 002.07957102 52
115 41.28783354 002.07942089
120 Linear Feature 86
111 41.28922381 002.07988113 52 101
112 41.28913367 002.07976234 41.28907900 002.07970208
111 41.28913367 002.07976234
112 41.28913367 002.07976234 41.28912492 002.07975270 101
112 41.28910603 002.07973352 41.28909637 002.07972403
111 41.28910603 002.07973352
112 41.28910603 002.07973352 41.28909950 002.07972711 52 101
112 41.28908590 002.07971462 41.28907901 002.07970845
111 41.28908590 002.07971462
112 41.28908590 002.07971462 41.28906372 002.07969475 101
112 41.28901467 002.07966232 41.28898959 002.07964811
111 41.28901467 002.07966232
112 41.28901467 002.07966232 41.28900537 002.07965705 52 101
112 41.28898637 002.07964830 41.28897681 002.07964426
111 41.28898637 002.07964830
112 41.28898637 002.07964830 41.28885691 002.07959360 52 101
115 41.28870162 002.07951864
120 Linear Feature 85
111 41.28900422 002.07923665 52 101
112 41.28899942 002.07931582 41.28899144 002.07936111
111 41.28899942 002.07931582
112 41.28899942 002.07931582 41.28899612 002.07933457 101
112 41.28898275 002.07937635 41.28897460 002.07939742
111 41.28898275 002.07937635
112 41.28898275 002.07937635 41.28897050 002.07940803 52 101
112 41.28892267 002.07946842 41.28889372 002.07949632
111 41.28892267 002.07946842
112 41.28892267 002.07946842 41.28882794 002.07955968 52 101
111 41.28870171 002.07952013 52
115 41.28818376 002.07920522
120 Linear Feature 2
111 41.28927862 002.08272330 51 101
112 41.28925497 002.08300930 41.28918228 002.08313367
111 41.28925497 002.08300930
112 41.28925497 002.08300930 41.28924060 002.08303389 51 101
112 41.28920802 002.08306881 41.28919151 002.08308424
111 41.28920802 002.08306881
112 41.28920802 002.08306881 41.28919139 002.08308434 101
112 41.28915800 002.08310418 41.28914170 002.08311259
111 41.28915800 002.08310418
112 41.28915800 002.08310418 41.28910860 002.08312966 51 101
115 41.28906645 002.08312737
120 Linear Feature 7
111 41.28895092 002.08098353 51
111 41.28890780 002.08100834
111 41.28889729 002.08101457 51
115 41.28888189 002.08102370
120 Linear Feature 7
111 41.28852844 002.08123568 51
111 41.28848531 002.08126049
111 41.28847481 002.08126672 51
115 41.28845940 002.08127585
120 Linear Feature 7
111 41.28895037 002.08205835 51
111 41.28899856 002.08203017
111 41.28902239 002.08201623 51
115 41.28903783 002.08200720
120 Linear Feature 7
111 41.28818824 002.08149992 51
111 41.28814854 002.08152346
111 41.28813804 002.08152969 51
115 41.28812264 002.08153882
120 Linear Feature 7
111 41.28770234 002.08036267 51
111 41.28765040 002.08035129
111 41.28763905 002.08034880 51
115 41.28762241 002.08034515
120 Linear Feature 7
111 41.28825566 002.07935567 51
111 41.28827646 002.07929131
111 41.28828100 002.07927726 51
115 41.28828767 002.07925664
120 Linear Feature 7
111 41.28812701 002.07950330 51
111 41.28814781 002.07943895
111 41.28815235 002.07942489 51
115 41.28815902 002.07940427
120 Linear Feature 7
111 41.28822484 002.07956481 51
111 41.28824565 002.07950046
111 41.28825019 002.07948640 51
115 41.28825685 002.07946579
120 Linear Feature 7
111 41.28807424 002.07967502 51
111 41.28809504 002.07961067
111 41.28809958 002.07959662 51
115 41.28810625 002.07957600
120 Linear Feature 7
111 41.28771927 002.08022604 51
111 41.28766733 002.08021466
111 41.28765598 002.08021218 51
115 41.28763934 002.08020853
120 Linear Feature 8
111 41.28986859 002.08133391 2
115 41.28962643 002.08148112
120 Linear Feature 8
111 41.28968135 002.08076813 8
115 41.28943348 002.08091802
120 Linear Feature 10
111 41.29036115 002.08319714 51 101
112 41.29030920 002.08323584 41.29028901 002.08325394 51 101
115 41.29024528 002.08333269
120 Linear Feature 3
111 41.29282770 002.08416485 2
115 41.29290965 002.08440478
120 Linear Feature 2
111 41.29288555 002.08427374 51 101
112 41.29292777 002.08419626 41.29294988 002.08414617
111 41.29292777 002.08419626
112 41.29292777 002.08419626 41.29293584 002.08417797 101
112 41.29295192 002.08413254 41.29295966 002.08410842
111 41.29295192 002.08413254
112 41.29295192 002.08413254 41.29297260 002.08406808 51 101
112 41.29298410 002.08388353 41.29297929 002.08378342
111 41.29298410 002.08388353
112 41.29298410 002.08388353 41.29297255 002.08364337 51 101
115 41.29282511 002.08349180
120 Linear Feature 1
111 41.29356248 002.08386546 51 101
112 41.29345687 002.08387520 41.29339266 002.08387564
111 41.29345687 002.08387520
112 41.29345687 002.08387520 41.29344091 002.08387531 101
112 41.29340506 002.08387361 41.29338657 002.08387235
111 41.29340506 002.08387361
112 41.29340506 002.08387361 41.29339379 002.08387284 51 101
112 41.29337006 002.08387031 41.29335803 002.08386886
111 41.29337006 002.08387031
112 41.29337006 002.08387031 41.29334773 002.08386763 101
112 41.29329984 002.08385803 41.29327550 002.08385239
111 41.29329984 002.08385803
112 41.29329984 002.08385803 41.29328652 002.08385494 51 101
112 41.29325921 002.08384719 41.29324547 002.08384304
111 41.29325921 002.08384719
112 41.29325921 002.08384719 41.29316165 002.08381766 51 101
112 41.29300760 002.08367501 41.29297170 002.08363308
111 41.29300760 002.08367501
112 41.29300760 002.08367501 41.29295243 002.08361058 51 101
112 41.29282511 002.08349180 41.29276576 002.08343994
111 41.29282511 002.08349180
112 41.29282511 002.08349180 41.29278096 002.08345322 51 101
112 41.29271576 002.08340831 41.29268994 002.08339364
111 41.29271576 002.08340831
112 41.29271576 002.08340831 41.29265524 002.08337391 51
115 41.29215090 002.08308570
120 Linear Feature 28
111 41.29064964 002.08399463 2
115 41.29071070 002.08375693
120 Linear Feature 1
111 41.29368780 002.08319155 51 101
112 41.29389256 002.08347233 41.29400535 002.08354822 51 101
115 41.29417883 002.08349373
120 Linear Feature 2
111 41.29314118 002.08213289 52 101
112 41.29331490 002.08209241 41.29341924 002.08205931
111 41.29331490 002.08209241
112 41.29331490 002.08209241 41.29332888 002.08208798 52 101
112 41.29335477 002.08207811 41.29336734 002.08207307
111 41.29335477 002.08207811
112 41.29335477 002.08207811 41.29336689 002.08207325 101
112 41.29338903 002.08206311 41.29339972 002.08205803
111 41.29338903 002.08206311
112 41.29338903 002.08206311 41.29345002 002.08203413 52 101
115 41.29348658 002.08200421
120 Linear Feature 8
112 41.30556459 002.09783744 41.30547379 002.09789564 53
112 41.30455577 002.09844701 41.30452388 002.09846644 53
112 41.30448027 002.09865732 41.30450460 002.09873360 53
112 41.30454062 002.09883224 41.30455630 002.09887758 53
112 41.30471384 002.09889568 41.30477979 002.09885466
111 41.30471384 002.09889568
112 41.30471384 002.09889568 41.30474431 002.09887673 53
111 41.30528996 002.09855211 53
112 41.30570639 002.09823351 41.30575584 002.09819818
111 41.30570639 002.09823351
112 41.30570639 002.09823351 41.30579831 002.09816785 53
111 41.30578008 002.09803660 53
113 41.30573378 002.09789723 53
120 Linear Feature 7
112 41.30532053 002.09711029 41.30522945 002.09716729 53
112 41.30430008 002.09773224 41.30421134 002.09778447 53
111 41.30423838 002.09794855 53
112 41.30428938 002.09810440 41.30430899 002.09816284 53
111 41.30438571 002.09816030 53
111 41.30476216 002.09799189 53
111 41.30503503 002.09782270 53
112 41.30545534 002.09751873 41.30549615 002.09749068
111 41.30545534 002.09751873
112 41.30545534 002.09751873 41.30555032 002.09745345 53
111 41.30553396 002.09731100 53
113 41.30549471 002.09719290 53
120 Linear Feature 10
112 41.30209643 002.09924200 41.30212212 002.09931764 53 102
112 41.30239895 002.10012552 41.30241686 002.10018147 53 102
111 41.30237743 002.10020788 53 102
112 41.30200482 002.10034576 41.30192892 002.10036994 53 102
111 41.30184339 002.10023653 53 102
111 41.30172771 002.09999480 53 102
111 41.30166718 002.09970114 53 102
112 41.30173982 002.09945046 41.30183648 002.09936756 53 102
113 41.30201827 002.09920694 53 102
120 Linear Feature 9
111 41.30386117 002.09913261 53 102
112 41.30379983 002.09925509 41.30374472 002.09930607 53 102
111 41.30336077 002.09963756 53 102
112 41.30291847 002.09980923 41.30285121 002.09983534 53 102
112 41.30274737 002.09974929 41.30271093 002.09970328 53 102
111 41.30261339 002.09948500 53 102
112 41.30254882 002.09916699 41.30253013 002.09907994 53 102
112 41.30261661 002.09891773 41.30267827 002.09886551
111 41.30261661 002.09891773
112 41.30261661 002.09891773 41.30265093 002.09888867 53 102
111 41.30312272 002.09848186 53 102
112 41.30343120 002.09824569 41.30352274 002.09820714 53 102
115 41.30355495 002.09824390
120 Linear Feature 13
111 41.29668883 002.05980470 51 101
111 41.29653936 002.05989485 51 101
111 41.29617957 002.06011183 51 101
111 41.29582001 002.06032869 51 101
111 41.29545935 002.06054620 51 101
111 41.29510054 002.06076259 51 101
115 41.29465105 002.06103368
120 Linear Feature 16
111 41.29814575 002.06392718 51 101
111 41.29789913 002.06407623 51 101
111 41.29766663 002.06421674 51 101
111 41.29737212 002.06439473 51 101
111 41.29709018 002.06456512 51 101
111 41.29688897 002.06468672 51 101
111 41.29647601 002.06493629 51 101
111 41.29639888 002.06498291 51 101
115 41.29617317 002.06511931
120 Linear Feature 15
111 41.29768428 002.06243710 51 101
111 41.29764353 002.06246179 51 101
111 41.29758416 002.06249778 51 101
111 41.29740749 002.06260484 51 101
111 41.29730924 002.06266438 51 101
111 41.29722218 002.06271714 51 101
111 41.29716839 002.06274974 51 101
111 41.29693319 002.06289228 51 101
111 41.29691986 002.06290035 51 101
111 41.29686255 002.06293508 51 101
111 41.29667336 002.06304973 51 101
111 41.29653931 002.06313097 51 101
111 41.29650116 002.06315409 51 101
111 41.29643707 002.06319293 51 101
111 41.29621436 002.06332790 51 101
111 41.29614574 002.06336948 51 101
111 41.29610495 002.06339420 51 101
115 41.29564706 002.06367169
120 Linear Feature 14
111 41.29721599 002.06105798 51 101
111 41.29704976 002.06115880 51 101
111 41.29683834 002.06128702 51 101
111 41.29671141 002.06136400 51 101
111 41.29646249 002.06151497 51 101
111 41.29637779 002.06156635 51 101
111 41.29606840 002.06175399 51 101
111 41.29601894 002.06178398 51 101
111 41.29565831 002.06200270 51 101
111 41.29563222 002.06201853 51 101
115 41.29521874 002.06226930
120 Linear Feature 1
111 41.29406474 002.07144540 53
112 41.29423516 002.07156198 41.29429446 002.07174734 53
111 41.29418388 002.07182201 53
111 41.29383495 002.07201570 53
111 41.29363838 002.07210648 53
112 41.29345111 002.07199360 41.29339174 002.07185085 53
111 41.29350352 002.07174382 53
113 41.29379046 002.07155523 53
120 Linear Feature 2
111 41.29267917 002.07494785 52
112 41.29267511 002.07507125 41.29266465 002.07514070
111 41.29267511 002.07507125
112 41.29267511 002.07507125 41.29267201 002.07509181
112 41.29266077 002.07513602 41.29265411 002.07515831
111 41.29266077 002.07513602
112 41.29266077 002.07513602 41.29265010 002.07517174 52
112 41.29261021 002.07524185 41.29258634 002.07527532
111 41.29261021 002.07524185
112 41.29261021 002.07524185 41.29252115 002.07536675 52
115 41.29236536 002.07529760
120 Linear Feature 3
111 41.29260631 002.07591437 2
115 41.29268810 002.07615423
120 Linear Feature 3
111 41.29298523 002.07569000 2
115 41.29306702 002.07592986
120 Linear Feature 4
111 41.29381393 002.07672603 51 101
112 41.29396792 002.07692538 41.29406289 002.07696787 51 101
111 41.29418636 002.07695591 51 101
112 41.29406077 002.07716612 41.29402247 002.07729038 51 101
115 41.29406640 002.07746751
120 Linear Feature 8
111 41.29175962 002.07807051 2
111 41.29183981 002.07802444
111 41.29188354 002.07799932 2
115 41.29205087 002.07790320
120 Linear Feature 7
111 41.29195405 002.07863707 2
111 41.29203505 002.07858789
111 41.29207766 002.07856202 2
115 41.29224284 002.07846171
120 Linear Feature 6
111 41.29219718 002.07934551 2
115 41.29248581 002.07916859
120 Linear Feature 5
111 41.29238798 002.07990146 2
115 41.29267848 002.07972911
120 Linear Feature 4
111 41.29263216 002.08061297 2
115 41.29292099 002.08043466
120 Linear Feature 3
111 41.29282467 002.08117393 2
115 41.29311582 002.08100148
120 Linear Feature 2
111 41.29308096 002.08192071 2
115 41.29337183 002.08174628
120 Linear Feature 1
111 41.29327337 002.08248137 2
115 41.29356476 002.08230758
120 Linear Feature 1
111 41.29381493 002.07533528 51 101
111 41.29369903 002.07540513 51 101
111 41.29328235 002.07565622 51 101
115 41.29323878 002.07568247
120 Linear Feature 10
111 41.29338362 002.07522975 51 101
112 41.29351854 002.07536392 41.29357717 002.07540293 51 101
111 41.29369903 002.07540513 51 101
112 41.29354833 002.07559975 41.29350338 002.07569209 51 101
115 41.29353212 002.07590551
120 Linear Feature 9
111 41.29338362 002.07522975 51 101
112 41.29338232 002.07548353 41.29335301 002.07558627 51 101
111 41.29328235 002.07565622 51 101
112 41.29332003 002.07565611 41.29334114 002.07566077
111 41.29332003 002.07565611
112 41.29332003 002.07565611 41.29333345 002.07565846 101
111 41.29335678 002.07566251
112 41.29335678 002.07566251 41.29345242 002.07568527 51 101
115 41.29349594 002.07580034
120 Linear Feature 8
111 41.29551422 002.08079214 51 101
112 41.29529907 002.08077718 41.29521194 002.08073817 51 101
111 41.29512923 002.08058888 51 101
112 41.29514501 002.08086004 41.29511651 002.08098792 51 101
111 41.29503685 002.08106774 51 101
112 41.29521369 002.08110470 41.29529349 002.08114588 51 101
111 41.29537120 002.08129948 51 101
114 41.29537718 002.08101499 41.29540894 002.08089578 51 101
120 Linear Feature 8
111 41.29506283 002.07948639 51 101
112 41.29485162 002.07947597 41.29476449 002.07943696 51 101
111 41.29468620 002.07928775 51 101
112 41.29469756 002.07955883 41.29466906 002.07968671 51 101
111 41.29458685 002.07976422 51 101
112 41.29476623 002.07980348 41.29484603 002.07984467 51 101
111 41.29492718 002.07999547 51 101
114 41.29492973 002.07971378 41.29496148 002.07959456 51 101
120 Linear Feature 8
111 41.29462304 002.07821105 51 101
112 41.29441688 002.07820223 41.29432975 002.07816321 51 101
111 41.29425292 002.07801528 51 101
112 41.29426282 002.07828509 41.29423432 002.07841297 51 101
111 41.29415759 002.07850392 51 101
112 41.29433149 002.07852974 41.29441129 002.07857092 51 101
111 41.29449253 002.07871899 51 101
114 41.29449499 002.07844003 41.29452674 002.07832082 51 101
120 Linear Feature 8
111 41.29310594 002.07353285 51 101
112 41.29290283 002.07352321 41.29281571 002.07348420 51 101
111 41.29274111 002.07333869 51 101
112 41.29275488 002.07361781 41.29272638 002.07374569 51 101
111 41.29263782 002.07381660 51 101
112 41.29282355 002.07382453 41.29290335 002.07386571 51 101
111 41.29297278 002.07401253 51 101
114 41.29298328 002.07374229 41.29301504 002.07362307 51 101
120 Linear Feature 8
111 41.29141975 002.06862734 51 101
112 41.29121665 002.06861771 41.29112952 002.06857869 51 101
111 41.29105450 002.06843309 51 101
112 41.29106870 002.06871231 41.29104020 002.06884019 51 101
111 41.29095164 002.06891110 51 101
112 41.29113737 002.06891903 41.29121717 002.06896021 51 101
111 41.29128628 002.06910723 51 101
114 41.29129710 002.06883678 41.29132886 002.06871757 51 101
120 Linear Feature 8
111 41.29209586 002.07059466 51 101
112 41.29189276 002.07058503 41.29180563 002.07054601 51 101
111 41.29173094 002.07040057 51 101
112 41.29174481 002.07067963 41.29171631 002.07080751 51 101
111 41.29162775 002.07087842 51 101
112 41.29181348 002.07088635 41.29189328 002.07092753 51 101
111 41.29196263 002.07107443 51 101
114 41.29197321 002.07080410 41.29200497 002.07068489 51 101
120 Linear Feature 7
111 41.29223405 002.07365668 51 101
112 41.29238082 002.07384940 41.29248635 002.07391963 51 101
111 41.29256703 002.07385958 51 101
112 41.29244829 002.07404644 41.29241781 002.07415880 51 101
115 41.29246428 002.07432446
120 Linear Feature 7
111 41.29058379 002.06889032 51 101
112 41.29068643 002.06898759 41.29076264 002.06903285 51 101
111 41.29088084 002.06895407 51 101
112 41.29076889 002.06912965 41.29073841 002.06924201 51 101
115 41.29076296 002.06938313
120 Linear Feature 7
111 41.29123355 002.07075423 51 101
112 41.29137075 002.07091122 41.29147628 002.07098144 51 101
111 41.29155696 002.07092139 51 101
112 41.29144500 002.07109696 41.29141452 002.07120933 51 101
115 41.29143907 002.07135045
120 Linear Feature 6
111 41.29396154 002.07485835 51 101
112 41.29394627 002.07513844 41.29389469 002.07527120 51 101
111 41.29381493 002.07533528 51 101
112 41.29400822 002.07532836 41.29410320 002.07536114 51 101
115 41.29418205 002.07550151
120 Linear Feature 6
111 41.29580636 002.08023906 51 101
112 41.29578769 002.08051635 41.29573612 002.08064911 51 101
111 41.29565385 002.08070908 51 101
112 41.29584668 002.08070200 41.29594166 002.08073477 51 101
115 41.29603142 002.08089549
120 Linear Feature 6
111 41.29535751 002.07892991 51 101
112 41.29533475 002.07921075 41.29528318 002.07934351 51 101
111 41.29520361 002.07940422 51 101
112 41.29540111 002.07939200 41.29549609 002.07942478 51 101
115 41.29558291 002.07958735
120 Linear Feature 6
111 41.29492044 002.07765533 51 101
112 41.29490550 002.07794139 41.29485393 002.07807415 51 101
111 41.29476725 002.07812614 51 101
112 41.29496637 002.07811826 41.29506135 002.07815103 51 101
115 41.29514210 002.07830165
120 Linear Feature 6
111 41.29333423 002.07302871 51 101
112 41.29331210 002.07330058 41.29326053 002.07343334 51 101
111 41.29317569 002.07349010 51 101
112 41.29337297 002.07347745 41.29346794 002.07351022 51 101
115 41.29354700 002.07364928
120 Linear Feature 6
111 41.29164358 002.06809766 51 101
112 41.29162591 002.06839508 41.29157434 002.06852783 51 101
111 41.29148951 002.06858460 51 101
112 41.29168678 002.06857194 41.29178176 002.06860471 51 101
115 41.29186827 002.06875299
120 Linear Feature 6
111 41.29231945 002.07006893 51 101
112 41.29230202 002.07036239 41.29225045 002.07049515 51 101
111 41.29216562 002.07055191 51 101
112 41.29236289 002.07053926 41.29245787 002.07057203 51 101
115 41.29253604 002.07070066
120 Linear Feature 5
111 41.29317569 002.07349010 51 101
111 41.29263782 002.07381660 51 101
115 41.29256703 002.07385958
120 Linear Feature 5
111 41.29148951 002.06858460 51 101
111 41.29095164 002.06891110 51 101
115 41.29088084 002.06895407
120 Linear Feature 5
111 41.29216562 002.07055191 51 101
111 41.29162775 002.07087842 51 101
115 41.29155696 002.07092139
120 Linear Feature 8
112 41.28961659 002.07979979 41.28957108 002.07967001 20
112 41.28894686 002.07783181 41.28890004 002.07769736 20
111 41.28876919 002.07774766 20
116 41.28774357 002.07836659 41.28762221 002.07843725
120 Linear Feature 8
112 41.28774357 002.07836659 41.28762221 002.07843725 21
111 41.28768398 002.07862375 21
111 41.28794971 002.07940143 21
115 41.28803518 002.07965159
120 Linear Feature 1
111 41.28976281 002.08021334 20
112 41.29077920 002.08316843 41.29080177 002.08323486
111 41.29077920 002.08316843
112 41.29077920 002.08316843 41.29081069 002.08326570 20
112 41.29093489 002.08333712 41.29098540 002.08335689 20
112 41.29214256 002.08388796 41.29220519 002.08391392 20
112 41.29237479 002.08383213 41.29245384 002.08378431 20
112 41.29311671 002.08337525 41.29314238 002.08336022 20
112 41.29322528 002.08323667 41.29324582 002.08316288 20
115 41.29323506 002.08309488
120 Linear Feature 1
112 41.29281266 002.08186511 41.29279720 002.08182020 21
112 41.29285856 002.08166517 41.29289706 002.08164429 21
112 41.29335004 002.08137524 41.29337191 002.08136370
111 41.29335004 002.08137524
112 41.29335004 002.08137524 41.29336103 002.08136944 21
112 41.29343893 002.08137315 41.29347418 002.08139050
111 41.29343893 002.08137315
112 41.29343893 002.08137315 41.29347384 002.08139033 21
116 41.29350589 002.08145102 41.29351266 002.08147097
120 Linear Feature 1
111 41.29354901 002.08157659 21
111 41.29371356 002.08205577
112 41.29371356 002.08205577 41.29373375 002.08211451 21
112 41.29379040 002.08217277 41.29381433 002.08219249 21
116 41.29387618 002.08220516 41.29390419 002.08218988
120 Linear Feature 1
111 41.29387618 002.08220516 21
111 41.29393908 002.08239031 21
115 41.29386324 002.08249824
120 Linear Feature 2
111 41.29372301 002.08146753 21
112 41.29367364 002.08156662 41.29366015 002.08162598
111 41.29367364 002.08156662
112 41.29367364 002.08156662 41.29366390 002.08160951 21
112 41.29368166 002.08169587 41.29369034 002.08172095
111 41.29368166 002.08169587
112 41.29368166 002.08169587 41.29370234 002.08175566 21
111 41.29378571 002.08200436
112 41.29378571 002.08200436 41.29379932 002.08204805 21
112 41.29385033 002.08209349 41.29388334 002.08210818
111 41.29385033 002.08209349
112 41.29385033 002.08209349 41.29389300 002.08211247 21
115 41.29392642 002.08209162
120 Linear Feature 3
111 41.29674555 002.08486256 51 101
112 41.29655743 002.08514950 41.29650165 002.08534003 51 101
111 41.29656968 002.08555852 51 101
112 41.29633263 002.08526999 41.29618528 002.08521535 51 101
111 41.29605410 002.08527909 51 101
112 41.29624484 002.08498949 41.29629326 002.08480597 51 101
111 41.29624339 002.08460869 51 101
112 41.29644610 002.08485935 41.29657661 002.08494061
111 41.29644610 002.08485935
112 41.29644610 002.08485935 41.29653058 002.08491195 51 101
112 41.29669161 002.08488127 41.29675205 002.08486474
111 41.29669161 002.08488127
112 41.29669161 002.08488127 41.29670518 002.08487756 101
112 41.29672562 002.08487051 41.29673451 002.08486728
111 41.29672562 002.08487051
114 41.29672562 002.08487051 41.29673829 002.08486591 51 101
120 Linear Feature 3
111 41.30082883 002.09491146 51 101
112 41.30063087 002.09468607 41.30049542 002.09461345 51 101
115 41.30034764 002.09467928
120 Linear Feature 2
111 41.30027251 002.09472533 51 101
112 41.29988372 002.09481072 41.29971064 002.09472933 51 101
115 41.29963638 002.09452257
120 Linear Feature 1
111 41.30052631 002.09402839 51 101
112 41.30053382 002.09438621 41.30049092 002.09457402 51 101
115 41.30034764 002.09467928
120 Linear Feature 7
111 41.29617036 002.06485932 52
115 41.29632135 002.06529316
120 Linear Feature 7
111 41.29566695 002.06339684 52
115 41.29581794 002.06383069
120 Linear Feature 7
111 41.29519821 002.06201952 52
115 41.29534921 002.06245337
120 Linear Feature 7
111 41.29474885 002.06070861 52
115 41.29490105 002.06114246
120 Linear Feature 6
111 41.29408725 002.06058080 53
112 41.29447125 002.06035082 41.29452024 002.06032213 53
112 41.29462928 002.06044697 41.29465606 002.06052348 53
111 41.29470265 002.06066181 53
115 41.29417099 002.06097880
120 Linear Feature 18
111 41.29737413 002.06161685 51
115 41.29732658 002.06164548
120 Linear Feature 18
111 41.29699629 002.06184627 51
115 41.29695293 002.06187238
120 Linear Feature 18
111 41.29662067 002.06207350 51
115 41.29657399 002.06210160
120 Linear Feature 18
111 41.29622948 002.06231039 51
115 41.29618190 002.06233903
120 Linear Feature 18
111 41.29579299 002.06257449 51
115 41.29574457 002.06260364
120 Linear Feature 18
111 41.29625846 002.05913938 51
115 41.29621091 002.05916801
120 Linear Feature 18
111 41.29589464 002.05935843 51
115 41.29585127 002.05938454
120 Linear Feature 18
111 41.29553848 002.05957286 51
115 41.29549180 002.05960097
120 Linear Feature 18
111 41.29517860 002.05978953 51
115 41.29513102 002.05981818
120 Linear Feature 18
111 41.29481961 002.06000567 51
115 41.29477120 002.06003481
120 Linear Feature 17
111 41.29480207 002.05989725 51
111 41.29501179 002.06050527
111 41.29504661 002.06060622 51
111 41.29506033 002.06064600
111 41.29509473 002.06074575 51
115 41.29510054 002.06076259
120 Linear Feature 34
111 41.29520789 002.06069656 51
111 41.29521416 002.06071470
111 41.29524723 002.06081027 51
111 41.29526040 002.06084833
111 41.29530017 002.06096328 51
115 41.29556293 002.06172271
120 Linear Feature 33
111 41.29557038 002.06047789 51
111 41.29557727 002.06049802
111 41.29561037 002.06059464 51
111 41.29562461 002.06063625
111 41.29566135 002.06074351 51
115 41.29592227 002.06150540
120 Linear Feature 32
111 41.29592910 002.06026146 51
111 41.29593567 002.06028054
111 41.29596932 002.06037835 51
111 41.29598413 002.06042138
111 41.29602069 002.06052762 51
115 41.29628276 002.06128926
120 Linear Feature 31
111 41.29626517 002.06005804 51
111 41.29627203 002.06007803
111 41.29630538 002.06017519 51
111 41.29632058 002.06021947
111 41.29635704 002.06032571 51
115 41.29661780 002.06108546
120 Linear Feature 30
111 41.29660016 002.05985608 51
111 41.29660671 002.05987506
111 41.29664064 002.05997335 51
111 41.29665516 002.06001542
111 41.29669245 002.06012345 51
115 41.29695465 002.06088308
120 Linear Feature 35
111 41.29693870 002.06057926 51
115 41.29689079 002.06060809
120 Linear Feature 35
111 41.29660207 002.06078179 51
115 41.29657063 002.06080071
120 Linear Feature 35
111 41.29626623 002.06098385 51
115 41.29623519 002.06100252
120 Linear Feature 35
111 41.29590559 002.06120083 51
115 41.29587372 002.06122000
120 Linear Feature 35
111 41.29554367 002.06141857 51
115 41.29550299 002.06144304
120 Linear Feature 4
111 41.29469298 002.06431819 51 101
112 41.29488571 002.06451318 41.29497893 002.06454634 51 101
111 41.29509037 002.06450963 51 101
112 41.29494454 002.06473326 41.29490918 002.06486588 51 101
115 41.29493966 002.06503680
120 Linear Feature 3
111 41.29520191 002.06444148 51 101
112 41.29543132 002.06444653 41.29553963 002.06449532 51 101
115 41.29559904 002.06464858
120 Linear Feature 2
111 41.29564706 002.06367169 51 101
112 41.29537433 002.06409528 41.29533961 002.06436790 51 101
115 41.29520191 002.06444148
120 Linear Feature 1
111 41.29517146 002.06340497 51 101
112 41.29537748 002.06368913 41.29550130 002.06375382 51 101
111 41.29564706 002.06367169 51 101
112 41.29546296 002.06393938 41.29541899 002.06409032 51 101
115 41.29548254 002.06430975
120 Linear Feature 6
111 41.29389428 002.06148275 51 101
112 41.29384109 002.06167899 41.29383225 002.06177369 51 101
115 41.29385446 002.06187548
120 Linear Feature 5
111 41.29461406 002.06408829 51 101
112 41.29461404 002.06457078 41.29455205 002.06481298 51 101
111 41.29438009 002.06494358 51 101
112 41.29472568 002.06494168 41.29491764 002.06501887 51 101
115 41.29502188 002.06527632
120 Linear Feature 16
111 41.29573215 002.06230824 51
111 41.29600093 002.06309119
111 41.29604990 002.06323385 51
111 41.29606449 002.06327636
111 41.29609802 002.06337401 51
115 41.29610495 002.06339420
120 Linear Feature 15
111 41.29616681 002.06204344 51
111 41.29643541 002.06282761
111 41.29648283 002.06296607 51
111 41.29649782 002.06300983
111 41.29653116 002.06310718 51
115 41.29653931 002.06313097
120 Linear Feature 14
111 41.29656113 002.06180599 51
111 41.29683019 002.06259160
111 41.29687676 002.06272759 51
111 41.29689209 002.06277236
111 41.29692589 002.06287102 51
115 41.29693319 002.06289228
120 Linear Feature 13
111 41.29693809 002.06158080 51
111 41.29720538 002.06236117
111 41.29725396 002.06250300 51
111 41.29726896 002.06254680
111 41.29730206 002.06264343 51
115 41.29730924 002.06266438
120 Linear Feature 12
111 41.29768464 002.06243704 51
111 41.29767787 002.06241723
111 41.29764515 002.06232154 51
111 41.29762965 002.06227619
111 41.29758097 002.06213380 51
115 41.29731357 002.06135164
120 Linear Feature 43
111 41.29614574 002.06336948 51
111 41.29615002 002.06338214
111 41.29619384 002.06351188 51
111 41.29620596 002.06354777
111 41.29624795 002.06367210 51
115 41.29649621 002.06440711
120 Linear Feature 42
111 41.29650116 002.06315409 51
111 41.29650625 002.06316891
111 41.29655011 002.06329646 51
111 41.29656366 002.06333588
111 41.29660473 002.06345534 51
115 41.29685696 002.06418902
120 Linear Feature 41
111 41.29686255 002.06293508 51
111 41.29686784 002.06295050
111 41.29691146 002.06307762 51
111 41.29692548 002.06311849
111 41.29696684 002.06323905 51
115 41.29721783 002.06397063
120 Linear Feature 40
111 41.29722218 002.06271714 51
111 41.29722826 002.06273487
111 41.29727227 002.06286304 51
111 41.29728453 002.06289873
111 41.29732674 002.06302166 51
115 41.29757716 002.06375096
120 Linear Feature 39
111 41.29758416 002.06249778 51
111 41.29759436 002.06252755
111 41.29763898 002.06265773 51
111 41.29764580 002.06267761
111 41.29768924 002.06280434 51
115 41.29793790 002.06352976
120 Linear Feature 38
111 41.29621436 002.06332790 52
111 41.29621907 002.06334167
111 41.29625176 002.06343721 52
111 41.29626640 002.06348002
111 41.29631956 002.06363541 52
115 41.29656847 002.06436303
120 Linear Feature 37
111 41.29643707 002.06319293 52
111 41.29644234 002.06320832
111 41.29647540 002.06330486 52
111 41.29649088 002.06335006
111 41.29654257 002.06350099 52
115 41.29679102 002.06422639
120 Linear Feature 36
111 41.29667336 002.06304973 52
111 41.29667900 002.06306615
111 41.29671162 002.06316129 52
111 41.29672779 002.06320844
111 41.29677792 002.06335462 52
115 41.29702785 002.06408339
120 Linear Feature 35
111 41.29691986 002.06290035 52
111 41.29692557 002.06291708
111 41.29695839 002.06301316 52
111 41.29697486 002.06306139
111 41.29702301 002.06320236 52
115 41.29727339 002.06393537
120 Linear Feature 34
111 41.29716839 002.06274974 52
111 41.29717411 002.06276649
111 41.29720711 002.06286301 52
111 41.29722364 002.06291135
111 41.29727124 002.06305057 52
115 41.29752215 002.06378445
120 Linear Feature 33
111 41.29764353 002.06246179 52
111 41.29764895 002.06247764
111 41.29768294 002.06257699 52
111 41.29769838 002.06262212
111 41.29774876 002.06276940 52
115 41.29799823 002.06349861
120 Linear Feature 44
111 41.29740749 002.06260484 52
111 41.29741431 002.06262475
111 41.29744699 002.06272017 52
111 41.29746272 002.06276608
111 41.29751210 002.06291027 52
115 41.29776203 002.06364000
120 Linear Feature 48
111 41.29645825 002.06395257 52
115 41.29650306 002.06392553
120 Linear Feature 48
111 41.29667257 002.06382321 52
115 41.29669227 002.06381132
120 Linear Feature 48
111 41.29691202 002.06367869 52
115 41.29696338 002.06364768
120 Linear Feature 48
111 41.29716275 002.06352734 52
115 41.29720787 002.06350011
120 Linear Feature 48
111 41.29741219 002.06337678 52
115 41.29745542 002.06335069
120 Linear Feature 48
111 41.29765170 002.06323222 52
115 41.29769555 002.06320576
120 Linear Feature 48
111 41.29788676 002.06309034 52
115 41.29792227 002.06306891
120 Linear Feature 46
111 41.29645154 002.06418673 51
115 41.29649608 002.06415988
120 Linear Feature 46
111 41.29681939 002.06396494 51
115 41.29685798 002.06394168
120 Linear Feature 46
111 41.29717217 002.06375224 51
115 41.29721968 002.06372359
120 Linear Feature 46
111 41.29753378 002.06353421 51
115 41.29758107 002.06350570
120 Linear Feature 46
111 41.29789546 002.06331614 51
115 41.29794118 002.06328858
120 Linear Feature 4
111 41.29033431 002.09194594 2
115 41.29005759 002.09210952
120 Linear Feature 7
111 41.29639888 002.06498291 52
112 41.29666765 002.06501335 41.29679015 002.06510532
111 41.29666765 002.06501335
112 41.29666765 002.06501335 41.29676800 002.06508860 52
111 41.29682576 002.06525146 52
111 41.29690892 002.06549280
111 41.29695391 002.06562332 52
111 41.29718905 002.06630563 52
112 41.29745281 002.06705753 41.29752319 002.06731792
111 41.29745281 002.06705753
112 41.29745281 002.06705753 41.29746123 002.06708866
112 41.29747224 002.06713979 41.29747659 002.06716308
111 41.29747224 002.06713979
112 41.29747224 002.06713979 41.29747595 002.06715962 52
112 41.29747803 002.06718864 41.29747807 002.06720112
111 41.29747803 002.06718864
112 41.29747803 002.06718864 41.29747593 002.06727321 52
115 41.29744233 002.06732420
120 Linear Feature 6
111 41.29766663 002.06421674 51
112 41.29794807 002.06421675 41.29808376 002.06429903
111 41.29794807 002.06421675
112 41.29794807 002.06421675 41.29806560 002.06428510 51
111 41.29812552 002.06446629 51
111 41.29849340 002.06551587 51
112 41.29864418 002.06593932 41.29863815 002.06608382 51
111 41.29854165 002.06614603 51
112 41.29817076 002.06636697 41.29813585 002.06639368
111 41.29817076 002.06636697
112 41.29817076 002.06636697 41.29814700 002.06638515 51
112 41.29799147 002.06653482 41.29793080 002.06661034
111 41.29799147 002.06653482
112 41.29799147 002.06653482 41.29797438 002.06655609
112 41.29795070 002.06659773 41.29794139 002.06661799
111 41.29795070 002.06659773
112 41.29795070 002.06659773 41.29794449 002.06661124 51
112 41.29793953 002.06663641 41.29793853 002.06664857
111 41.29793953 002.06663641
112 41.29793953 002.06663641 41.29793166 002.06673158 51
115 41.29787155 002.06682684
120 Linear Feature 5
111 41.29709018 002.06456512 51
112 41.29735713 002.06457760 41.29749282 002.06466430
111 41.29735713 002.06457760
112 41.29735713 002.06457760 41.29746790 002.06464513 51
111 41.29753219 002.06483485 51
111 41.29788914 002.06588415 51
112 41.29806717 002.06629411 41.29813225 002.06647771
111 41.29806717 002.06629411
112 41.29806717 002.06629411 41.29807739 002.06632294
112 41.29809366 002.06637638 41.29810089 002.06640205
111 41.29809366 002.06637638
112 41.29809366 002.06637638 41.29810675 002.06642285 51
112 41.29811153 002.06648902 41.29810912 002.06651558
111 41.29811153 002.06648902
112 41.29811153 002.06648902 41.29810553 002.06655521 51
112 41.29799000 002.06670491 41.29793251 002.06677192
111 41.29799000 002.06670491
112 41.29799000 002.06670491 41.29793048 002.06677428 51
111 41.29787155 002.06682684 51
111 41.29769605 002.06699711 51
111 41.29744233 002.06732420 51
111 41.29737829 002.06740677 51
116 41.29719564 002.06760838 41.29716835 002.06762403
120 Linear Feature 10
111 41.29789913 002.06407623 52
112 41.29807030 002.06409325 41.29814569 002.06414008 52
111 41.29818459 002.06423308 52
111 41.29823941 002.06439374 52
111 41.29860215 002.06545671 52
111 41.29873031 002.06582129 52
112 41.29871447 002.06604562 41.29866321 002.06614195 52
111 41.29856446 002.06620259 52
111 41.29845996 002.06628457
111 41.29840696 002.06632615 52
111 41.29830617 002.06640522 52
115 41.29799000 002.06670491
120 Linear Feature 9
111 41.29737212 002.06439473 52
112 41.29763790 002.06442576 41.29776732 002.06451942
111 41.29763790 002.06442576
112 41.29763790 002.06442576 41.29775245 002.06450412 52
111 41.29780146 002.06465874 52
111 41.29816349 002.06571997 52
112 41.29833883 002.06612623 41.29839146 002.06628805
111 41.29833883 002.06612623
112 41.29833883 002.06612623 41.29834913 002.06615791
112 41.29836024 002.06620930 41.29836372 002.06623219
111 41.29836024 002.06620930
112 41.29836024 002.06620930 41.29836186 002.06621994 52
112 41.29836228 002.06623733 41.29836197 002.06624530
111 41.29836228 002.06623733
112 41.29836228 002.06623733 41.29835791 002.06634999 52
115 41.29830617 002.06640522
120 Linear Feature 8
111 41.29688897 002.06468672 52
112 41.29713453 002.06470961 41.29726628 002.06478974 52
111 41.29731247 002.06495509 52
111 41.29767616 002.06601287 52
112 41.29786211 002.06654727 41.29792325 002.06676661
111 41.29786211 002.06654727
112 41.29786211 002.06654727 41.29787041 002.06657708
112 41.29788303 002.06663035 41.29788852 002.06665558
111 41.29788303 002.06663035
112 41.29788303 002.06663035 41.29789178 002.06667060 52
112 41.29789478 002.06672558 41.29789323 002.06674742
111 41.29789478 002.06672558
112 41.29789478 002.06672558 41.29788751 002.06679413 52
115 41.29787155 002.06682684
120 Linear Feature 49
111 41.29609531 002.07016689 53
112 41.29627948 002.07028972 41.29632384 002.07043876 53
111 41.29621141 002.07055019 53
111 41.29578796 002.07085312 53
111 41.29520726 002.07120038 53
112 41.29501835 002.07109546 41.29494959 002.07092207 53
111 41.29507759 002.07080906 53
113 41.29550928 002.07047108 53
120 Linear Feature 49
111 41.29585649 002.06944157 53
112 41.29603048 002.06956246 41.29608295 002.06971899 53
111 41.29597258 002.06982486 53
111 41.29556572 002.07011460 53
111 41.29496843 002.07047506 53
112 41.29477324 002.07036679 41.29471419 002.07019956 53
111 41.29483876 002.07008374 53
113 41.29526696 002.06974459 53
120 Linear Feature 48
111 41.29662308 002.06994081 51 101
112 41.29663073 002.07034430 41.29656665 002.07054163 51 101
111 41.29643614 002.07062325 51 101
112 41.29673057 002.07061678 41.29686627 002.07068201 51 101
115 41.29694315 002.07087321
120 Linear Feature 47
111 41.29639828 002.06928595 51 101
112 41.29637404 002.06964267 41.29631499 002.06982998 51 101
111 41.29620525 002.06989027 51 101
112 41.29650579 002.06990893 41.29662640 002.06998084 51 101
115 41.29670021 002.07016549
120 Linear Feature 46
111 41.29613186 002.06850981 51 101
112 41.29612846 002.06890748 41.29607066 002.06908977 51 101
111 41.29595340 002.06917222 51 101
112 41.29622163 002.06916939 41.29635858 002.06923294 51 101
115 41.29643910 002.06940484
120 Linear Feature 45
111 41.29302774 002.07213476 51 101
112 41.29323128 002.07237252 41.29335954 002.07245381
111 41.29323128 002.07237252
112 41.29323128 002.07237252 41.29325522 002.07238769 51 101
112 41.29330631 002.07240268 41.29333192 002.07240814
111 41.29330631 002.07240268
112 41.29330631 002.07240268 41.29341794 002.07242647 57 101
111 41.29353191 002.07237369 57 105
112 41.29336804 002.07257741 41.29330985 002.07268828
111 41.29336804 002.07257741
112 41.29336804 002.07257741 41.29335359 002.07260494 51 101
112 41.29333582 002.07266219 41.29332958 002.07269080
111 41.29333582 002.07266219
112 41.29333582 002.07266219 41.29330441 002.07280601 51 101
115 41.29333423 002.07302871
120 Linear Feature 44
111 41.29276993 002.07138284 51 101
112 41.29298269 002.07164777 41.29313556 002.07174950
111 41.29298269 002.07164777
112 41.29298269 002.07164777 41.29300959 002.07166566 51 101
112 41.29306329 002.07168403 41.29308982 002.07169087
111 41.29306329 002.07168403
112 41.29306329 002.07168403 41.29318754 002.07171606 57 105
111 41.29329753 002.07164532 57 105
112 41.29312311 002.07185338 41.29306004 002.07199156
111 41.29312311 002.07185338
112 41.29312311 002.07185338 41.29311071 002.07188056 51 101
112 41.29309272 002.07194282 41.29308526 002.07197526
111 41.29309272 002.07194282
112 41.29309272 002.07194282 41.29304734 002.07214024 51 101
115 41.29308447 002.07230023
120 Linear Feature 43
111 41.29253604 002.07070066 51 101
112 41.29274040 002.07092451 41.29287966 002.07101370
111 41.29274040 002.07092451
112 41.29274040 002.07092451 41.29281036 002.07096932 51 101
112 41.29293863 002.07096213 41.29299394 002.07095298
111 41.29293863 002.07096213
112 41.29293863 002.07096213 41.29299341 002.07095307 57 105
111 41.29303085 002.07093311 57 105
112 41.29295198 002.07101052 41.29291005 002.07106124
111 41.29295198 002.07101052
112 41.29295198 002.07101052 41.29291534 002.07105484 51 101
112 41.29285195 002.07119679 41.29282900 002.07127607
111 41.29285195 002.07119679
112 41.29285195 002.07119679 41.29279751 002.07137516 51 101
115 41.29284428 002.07159967
120 Linear Feature 42
111 41.29440875 002.07069385 51 105
112 41.29419900 002.07041948 41.29403566 002.07031747 51 105
111 41.29387214 002.07042481 51 105
111 41.29328293 002.07078081 105
111 41.29327285 002.07078690 57 105
115 41.29303085 002.07093311
120 Linear Feature 41
111 41.29490097 002.07212853 51 105
112 41.29469609 002.07187058 41.29453694 002.07177582 51 105
111 41.29437147 002.07187162 51 105
111 41.29377696 002.07222715 105
111 41.29376607 002.07223366 57 105
115 41.29353191 002.07237369
120 Linear Feature 40
111 41.29414704 002.07113257 51 105
112 41.29445604 002.07115285 41.29460908 002.07124575 51 105
111 41.29466054 002.07143205 51 105
115 41.29487755 002.07205784
120 Linear Feature 39
111 41.29484827 002.07070932 51 105
112 41.29464934 002.07103782 41.29460309 002.07125847 51 105
111 41.29467610 002.07142250 51 105
115 41.29489726 002.07206768
120 Linear Feature 38
111 41.29643681 002.07062371 51 101
111 41.29626248 002.07072911 101
111 41.29621588 002.07075729 51 101
111 41.29619752 002.07076839 101
111 41.29618816 002.07077405 51 101
111 41.29605142 002.07085673 57 105
111 41.29566639 002.07108952 105
111 41.29562679 002.07111347 51 105
111 41.29561384 002.07112130 105
111 41.29560441 002.07112700 51 105
111 41.29511320 002.07142400 51 105
112 41.29490592 002.07172263 41.29485043 002.07192331 51 105
115 41.29491775 002.07212312
120 Linear Feature 37
111 41.29620525 002.06989027 51 101
111 41.29601343 002.07000605 101
111 41.29596619 002.07003456 51 101
111 41.29594807 002.07004550 101
111 41.29593866 002.07005118 51 101
111 41.29580001 002.07013486 57 105
111 41.29541944 002.07036457 105
111 41.29537935 002.07038877 51 105
111 41.29536638 002.07039660 105
111 41.29535686 002.07040234 51 105
111 41.29484827 002.07070932 51 105
111 41.29414704 002.07113257 51 105
111 41.29352805 002.07150618 105
111 41.29351951 002.07151134 57 105
115 41.29329753 002.07164532
120 Linear Feature 36
111 41.29595342 002.06917298 51 101
111 41.29576467 002.06928658 101
111 41.29572029 002.06931328 51 101
111 41.29569770 002.06932688 101
111 41.29569138 002.06933068 51 101
111 41.29555397 002.06941338 57 105
111 41.29517046 002.06964419 105
111 41.29513409 002.06966609 51 105
111 41.29511903 002.06967515 105
111 41.29511195 002.06967941 51 105
111 41.29461564 002.06997811 51 105
112 41.29441321 002.07026245 41.29435140 002.07045510 51 105
115 41.29442448 002.07068426
120 Linear Feature 35
111 41.29676006 002.06772185 51 101
112 41.29687164 002.06773301 41.29690867 002.06772741 51 101
111 41.29694409 002.06769215 51 101
112 41.29686865 002.06787102 41.29685266 002.06792479 51 101
115 41.29684372 002.06797994
120 Linear Feature 34
111 41.29594822 002.06797485 51 101
112 41.29615161 002.06820244 41.29627449 002.06824987 51 101
111 41.29640325 002.06817646 51 101
112 41.29622349 002.06839734 41.29616387 002.06856090 51 101
115 41.29621782 002.06876023
120 Linear Feature 33
111 41.29686946 002.06834359 51 101
112 41.29668918 002.06813486 41.29658622 002.06808725 51 101
111 41.29645683 002.06814446 51 101
112 41.29661749 002.06789784 41.29666723 002.06773873
111 41.29661749 002.06789784
112 41.29661749 002.06789784 41.29667421 002.06772131 51 101
115 41.29656181 002.06744879
120 Linear Feature 32
111 41.29656181 002.06744879 51 101
112 41.29676006 002.06772185 41.29688134 002.06778921 51 101
111 41.29702886 002.06771022 51 101
112 41.29684372 002.06797994 41.29680620 002.06813673 51 101
115 41.29686946 002.06834359
120 Linear Feature 53
111 41.29840246 002.06493818 51
115 41.29836308 002.06496316
120 Linear Feature 53
111 41.29796600 002.06521505 51
115 41.29792155 002.06524325
120 Linear Feature 53
111 41.29747882 002.06549675 51
115 41.29743080 002.06552572
120 Linear Feature 53
111 41.29699256 002.06580384 51
115 41.29694453 002.06583283
120 Linear Feature 53
111 41.29790989 002.06504474 51
115 41.29786383 002.06507253
120 Linear Feature 53
111 41.29742662 002.06533637 51
115 41.29737861 002.06536534
120 Linear Feature 53
111 41.29693484 002.06563313 51
115 41.29688681 002.06566212
120 Linear Feature 51
111 41.29819112 002.06474863 51
115 41.29814308 002.06477765
120 Linear Feature 51
111 41.29759508 002.06510865 51
115 41.29755221 002.06513455
120 Linear Feature 51
111 41.29699164 002.06556231 51
115 41.29694754 002.06558895
120 Linear Feature 51
111 41.29817853 002.06471244 51
115 41.29813050 002.06474146
120 Linear Feature 51
111 41.29758250 002.06507246 51
115 41.29753963 002.06509835
120 Linear Feature 51
111 41.29696935 002.06547970 51
115 41.29692525 002.06550634
120 Linear Feature 11
111 41.29730883 002.07193848 51 101
112 41.29749087 002.07212360 41.29760096 002.07217368
111 41.29749087 002.07212360
112 41.29749087 002.07212360 41.29754511 002.07214827 51 101
112 41.29763561 002.07213776 41.29767426 002.07212932
111 41.29763561 002.07213776
112 41.29763561 002.07213776 41.29765729 002.07213303 101
112 41.29768629 002.07212112 41.29769775 002.07211596
111 41.29768629 002.07212112
112 41.29768629 002.07212112 41.29769587 002.07211681 51 101
111 41.29770122 002.07211360 51 101
112 41.29768795 002.07212690 41.29767971 002.07213551
111 41.29768795 002.07212690
112 41.29768795 002.07212690 41.29767810 002.07213719 101
112 41.29764772 002.07217319 41.29763178 002.07219332
111 41.29764772 002.07217319
112 41.29764772 002.07217319 41.29761223 002.07221801 51 101
112 41.29755331 002.07235607 41.29753728 002.07242825
111 41.29755331 002.07235607
112 41.29755331 002.07235607 41.29752405 002.07248777 51 101
115 41.29755812 002.07266468
120 Linear Feature 19
111 41.29929747 002.06729440 52
111 41.29869542 002.06765605
111 41.29847979 002.06778557 52
111 41.29842659 002.06781754
111 41.29839367 002.06783731 52
115 41.29836465 002.06785474
120 Linear Feature 18
111 41.29988210 002.06874487 51
111 41.29920591 002.06915517
111 41.29899341 002.06928411 51
111 41.29895165 002.06930945
111 41.29890142 002.06933993 51
115 41.29887950 002.06935323
120 Linear Feature 17
111 41.29961480 002.06796005 51
111 41.29893878 002.06836767
111 41.29873242 002.06849209 51
111 41.29868828 002.06851871
111 41.29863475 002.06855099 51
115 41.29860917 002.06856641
120 Linear Feature 16
111 41.29934351 002.06717880 51
111 41.29867335 002.06758331
111 41.29844781 002.06771944 51
111 41.29840328 002.06774632
111 41.29836961 002.06776664 51
115 41.29834043 002.06778426
120 Linear Feature 41
111 41.29851152 002.06828222 52
111 41.29849175 002.06829424
111 41.29843911 002.06832622 52
111 41.29840786 002.06834521
111 41.29818144 002.06848280 52
111 41.29816458 002.06849304 52
111 41.29788476 002.06866260 52
111 41.29761210 002.06882782 52
115 41.29738337 002.06896642
120 Linear Feature 46
111 41.29912067 002.07005515 51
111 41.29909684 002.07006956
111 41.29904672 002.07009984 51
111 41.29900738 002.07012362
111 41.29878538 002.07025778 51
115 41.29799462 002.07073566
120 Linear Feature 45
111 41.29889252 002.06939110 51
111 41.29887066 002.06940434
111 41.29882153 002.06943409 51
111 41.29877825 002.06946029
111 41.29856005 002.06959242 51
115 41.29776577 002.07007336
120 Linear Feature 44
111 41.29835891 002.06783802 52
111 41.29833541 002.06785216
111 41.29828517 002.06788239 52
111 41.29825902 002.06789813
111 41.29803015 002.06803585 52
115 41.29723044 002.06851707
120 Linear Feature 43
111 41.29840831 002.06798182 51
111 41.29838892 002.06799348
111 41.29833838 002.06802386 51
111 41.29829582 002.06804946
111 41.29807723 002.06818088 51
115 41.29727833 002.06866124
120 Linear Feature 42
111 41.29862732 002.06861924 51
111 41.29860705 002.06863148
111 41.29855624 002.06866218 51
111 41.29850845 002.06869106
111 41.29829722 002.06881868 51
115 41.29750000 002.06930037
120 Linear Feature 55
111 41.29762578 002.06830477 51
115 41.29764772 002.06836893
120 Linear Feature 55
111 41.29777873 002.06875207 51
115 41.29779986 002.06881388
120 Linear Feature 55
111 41.29793144 002.06919868 51
115 41.29794915 002.06925049
120 Linear Feature 54
111 41.29832749 002.07063971 51
115 41.29830434 002.07057321
120 Linear Feature 54
111 41.29809545 002.06997304 51
115 41.29807417 002.06991190
120 Linear Feature 54
111 41.29782870 002.06920667 51
115 41.29780640 002.06914261
120 Linear Feature 54
111 41.29760620 002.06856741 51
115 41.29758397 002.06850353
120 Linear Feature 52
111 41.29915382 002.06735393 51
115 41.29913244 002.06729025
120 Linear Feature 52
111 41.29893953 002.06671571 51
115 41.29892030 002.06665844
120 Linear Feature 50
111 41.29924909 002.06713228 51
115 41.29927059 002.06719498
120 Linear Feature 50
111 41.29951730 002.06791454 51
115 41.29953815 002.06797537
120 Linear Feature 50
111 41.29978627 002.06869904 51
115 41.29980853 002.06876398
120 Linear Feature 60
111 41.29830735 002.07174859 51 101
112 41.29825744 002.07176249 41.29822760 002.07176814
111 41.29825744 002.07176249
112 41.29825744 002.07176249 41.29824266 002.07176529 101
112 41.29820717 002.07176765 41.29818886 002.07176785
111 41.29820717 002.07176765
112 41.29820717 002.07176765 41.29817771 002.07176797 51 101
112 41.29811514 002.07174791 41.29808499 002.07173260
111 41.29811514 002.07174791
112 41.29811514 002.07174791 41.29802841 002.07170387 51 101
111 41.29796030 002.07150879 51 101
112 41.29795867 002.07182931 41.29791465 002.07197079 51 101
111 41.29779539 002.07205754 51 101
112 41.29801349 002.07209239 41.29810582 002.07213812 51 101
111 41.29816237 002.07228151 51 101
112 41.29814774 002.07196916 41.29818381 002.07184569
111 41.29814774 002.07196916
112 41.29814774 002.07196916 41.29816361 002.07191483 51 101
112 41.29822819 002.07182751 41.29825995 002.07178942
111 41.29822819 002.07182751
112 41.29822819 002.07182751 41.29824121 002.07181189 101
112 41.29826550 002.07178668 41.29827694 002.07177522
111 41.29826550 002.07178668
114 41.29826550 002.07178668 41.29828956 002.07176258 51 101
120 Linear Feature 4
111 41.30073730 002.07142143 51
111 41.30048344 002.07060602 51 101
112 41.30019503 002.07029685 41.29997473 002.07021125
111 41.30019503 002.07029685
112 41.30019503 002.07029685 41.30012242 002.07026864 51 101
112 41.29999774 002.07029063 41.29994027 002.07030864
111 41.29999774 002.07029063
112 41.29999774 002.07029063 41.29998366 002.07029505 101
112 41.29995730 002.07030614 41.29994445 002.07031198
111 41.29995730 002.07030614
112 41.29995730 002.07030614 41.29986349 002.07034872 51 101
111 41.29980421 002.07042198 51 101
111 41.29974427 002.07049687 51 101
111 41.29963354 002.07063522 51 101
115 41.29918942 002.07119014
120 Linear Feature 5
111 41.29963354 002.07063522 51 101
112 41.29946248 002.07072185 41.29937219 002.07073033 51 101
115 41.29932433 002.07064792
120 Linear Feature 11
111 41.30285500 002.08403156 51 101
111 41.30281061 002.08390217 101
111 41.30279057 002.08384375 51 101
111 41.30276500 002.08376921 51 101
111 41.30273734 002.08368859 51 101
111 41.30257209 002.08320692 51 101
111 41.30252806 002.08307857 51 101
111 41.30245286 002.08285938 51 101
111 41.30226156 002.08230179 51 101
111 41.30218751 002.08208594 51 101
111 41.30215444 002.08198954 51 101
111 41.30209766 002.08182404 101
111 41.30206828 002.08173841 51 101
111 41.30196155 002.08142731 51 101
111 41.30193601 002.08135285 51 101
111 41.30189439 002.08123155 51 101
111 41.30188751 002.08121150 101
111 41.30186698 002.08115165 51 101
111 41.30182325 002.08102418 51 101
111 41.30161870 002.08042796 51 101
111 41.30149561 002.08006918 51 101
111 41.30138263 002.07973988 51 101
111 41.30127326 002.07942109 51 101
111 41.30114853 002.07905751 51 101
111 41.30109037 002.07888797 51 101
111 41.30107272 002.07883655 101
111 41.30105160 002.07877497 51 101
111 41.30104514 002.07875614 51 101
111 41.30093486 002.07843471 51 101
111 41.30066246 002.07764071 51 101
111 41.30060853 002.07748352 51 101
111 41.30058344 002.07741037 51 101
111 41.30046250 002.07705788 51 101
111 41.30041937 002.07693217 51 101
111 41.30033336 002.07668146 51 101
111 41.30024847 002.07643400 51 101
111 41.30018271 002.07624233 51 101
111 41.30014486 002.07613201 101
111 41.30012404 002.07607132 51 101
111 41.30012118 002.07606300 51 101
111 41.30007982 002.07594242 51 101
111 41.29991810 002.07547104 51 101
111 41.29967107 002.07475101 51 101
111 41.29966737 002.07474021 101
111 41.29964762 002.07468266 51 101
111 41.29964554 002.07467658 51 101
111 41.29958281 002.07449374 51 101
111 41.29957753 002.07447836 51 101
111 41.29936996 002.07387334 51 101
111 41.29931276 002.07370660 51 101
111 41.29909566 002.07307379 51 101
111 41.29901390 002.07283547 51 101
111 41.29896660 002.07269760 51 101
111 41.29869866 002.07191662 51 101
112 41.29853223 002.07172694 41.29842029 002.07168731 51 101
115 41.29830735 002.07174859
120 Linear Feature 10
111 41.30047332 002.07205496 51
111 41.29986001 002.07125906 51 101
112 41.29958558 002.07104807 41.29943435 002.07102271
111 41.29958558 002.07104807
112 41.29958558 002.07104807 41.29955600 002.07104311 51 101
112 41.29949876 002.07104462 41.29947080 002.07104679
111 41.29949876 002.07104462
112 41.29949876 002.07104462 41.29948443 002.07104573 101
112 41.29945695 002.07104997 41.29944345 002.07105236
111 41.29945695 002.07104997
112 41.29945695 002.07104997 41.29936206 002.07106674 51 101
111 41.29929094 002.07111007 51 101
115 41.29918942 002.07119014
120 Linear Feature 9
111 41.30042471 002.07210003 52
111 41.29973130 002.07156053 52 101
111 41.29944345 002.07133657 52 101
112 41.29925696 002.07128164 41.29914766 002.07127616
111 41.29925696 002.07128164
112 41.29925696 002.07128164 41.29924196 002.07128089 101
112 41.29920107 002.07128211 41.29918497 002.07128326
111 41.29920107 002.07128211
112 41.29920107 002.07128211 41.29906770 002.07129162 52 101
115 41.29893646 002.07136979
120 Linear Feature 8
111 41.30038402 002.07171013 52
111 41.29998141 002.07098559 52 101
112 41.29977004 002.07086189 41.29963000 002.07083526 52 101
111 41.29955302 002.07090937 101
111 41.29950198 002.07094846 52 101
115 41.29929094 002.07111007
120 Linear Feature 7
111 41.30066467 002.07144194 52
111 41.30022987 002.07063624 52 101
112 41.29999687 002.07042933 41.29985000 002.07039895
111 41.29999687 002.07042933
112 41.29999687 002.07042933 41.29997636 002.07042509 52 101
112 41.29993791 002.07042349 41.29991918 002.07042364
111 41.29993791 002.07042349
112 41.29993791 002.07042349 41.29991875 002.07042364 101
112 41.29988369 002.07042920 41.29986677 002.07043264
111 41.29988369 002.07042920
112 41.29988369 002.07042920 41.29979870 002.07044647 52 101
115 41.29974427 002.07049687
120 Linear Feature 6
111 41.30076671 002.07110067 52
111 41.30069025 002.07047496 52 101
112 41.30044817 002.07009247 41.30023526 002.06995742 52 101
111 41.30002890 002.07015506 101
111 41.29998591 002.07020613 52 101
115 41.29980421 002.07042198
120 Linear Feature 13
111 41.29943674 002.07201668 52 101
112 41.29901121 002.07214248 41.29888469 002.07244958
111 41.29901121 002.07214248
112 41.29901121 002.07214248 41.29897567 002.07222875 52 101
112 41.29894750 002.07238312 41.29893841 002.07245588
111 41.29894750 002.07238312
112 41.29894750 002.07238312 41.29894397 002.07241133 101
112 41.29894107 002.07246351 41.29894018 002.07248882
111 41.29894107 002.07246351
112 41.29894107 002.07246351 41.29893610 002.07260527 52 101
115 41.29896660 002.07269760
120 Linear Feature 12
111 41.29901390 002.07283547 51 101
112 41.29898855 002.07259498 41.29899384 002.07245250
111 41.29898855 002.07259498
112 41.29898855 002.07259498 41.29898933 002.07257401 101
112 41.29899343 002.07252934 41.29899598 002.07250662
111 41.29899343 002.07252934
112 41.29899343 002.07252934 41.29900119 002.07246013 51 101
112 41.29905025 002.07230448 41.29908236 002.07222539
111 41.29905025 002.07230448
112 41.29905025 002.07230448 41.29916456 002.07202298 51 101
115 41.29945875 002.07214755
120 Linear Feature 20
111 41.29967107 002.07475101 51 101
112 41.29966170 002.07506303 41.29960812 002.07518719 51 101
111 41.29952537 002.07524991 51 101
112 41.29972571 002.07528651 41.29984379 002.07535255
111 41.29972571 002.07528651
112 41.29972571 002.07528651 41.29975169 002.07530104 51 101
112 41.29979696 002.07533589 41.29981838 002.07535368
111 41.29979696 002.07533589
112 41.29979696 002.07533589 41.29987289 002.07539895 51 101
115 41.29991810 002.07547104
120 Linear Feature 19
111 41.29952537 002.07524991 51 101
112 41.29929318 002.07526985 41.29917887 002.07522420 51 101
111 41.29912179 002.07508440 51 101
112 41.29911111 002.07536078 41.29907638 002.07549066 51 101
111 41.29896873 002.07558307 51 101
112 41.29918161 002.07558504 41.29929490 002.07563238 51 101
111 41.29935908 002.07577243 51 101
114 41.29935533 002.07548530 41.29939171 002.07534221 51 101
120 Linear Feature 18
111 41.29841290 002.07515476 51 101
112 41.29841547 002.07569968 41.29834140 002.07594070
111 41.29841547 002.07569968
112 41.29841547 002.07569968 41.29838437 002.07580089 51 101
112 41.29829007 002.07593982 41.29824428 002.07599868
111 41.29829007 002.07593982
112 41.29829007 002.07593982 41.29827617 002.07595769 101
112 41.29824967 002.07598755 41.29823683 002.07600150
111 41.29824967 002.07598755
112 41.29824967 002.07598755 41.29820408 002.07603707 51 101
111 41.29816871 002.07606190 51 101
112 41.29826113 002.07602983 41.29831741 002.07601645
111 41.29826113 002.07602983
112 41.29826113 002.07602983 41.29827859 002.07602568 101
112 41.29831886 002.07601964 41.29833973 002.07601723
111 41.29831886 002.07601964
112 41.29831886 002.07601964 41.29839243 002.07601115 51 101
112 41.29857311 002.07607156 41.29866206 002.07612515
111 41.29857311 002.07607156
112 41.29857311 002.07607156 41.29876859 002.07618934 51 101
115 41.29885685 002.07644804
120 Linear Feature 36
111 41.29905922 002.07703756 51 101
112 41.29925292 002.07726715 41.29937614 002.07732659 51 101
111 41.29947467 002.07727648 51 101
112 41.29933962 002.07748745 41.29928669 002.07762724 51 101
115 41.29933540 002.07784213
120 Linear Feature 35
111 41.30004243 002.07692925 51 101
112 41.29984043 002.07691260 41.29974616 002.07686901 51 101
111 41.29968476 002.07671978 51 101
112 41.29967299 002.07703267 41.29962197 002.07716784 51 101
111 41.29954545 002.07723319 51 101
112 41.29974787 002.07723890 41.29986302 002.07728531 51 101
111 41.29993389 002.07744445 51 101
114 41.29991756 002.07715070 41.29994634 002.07700277 51 101
120 Linear Feature 34
111 41.30024847 002.07643400 51 101
112 41.30023039 002.07670901 41.30018698 002.07682367 51 101
111 41.30010186 002.07689290 51 101
112 41.30025025 002.07687304 41.30036465 002.07687579 51 101
115 41.30046250 002.07705788
120 Linear Feature 33
111 41.30193601 002.08135285 51 101
112 41.30193174 002.08160785 41.30189843 002.08172786 51 101
111 41.30181733 002.08181237 51 101
112 41.30201801 002.08182926 41.30210644 002.08188507 51 101
115 41.30215444 002.08198954
120 Linear Feature 32
111 41.30147508 002.08407525 51 101
112 41.30146537 002.08457824 41.30138201 002.08482393
111 41.30146537 002.08457824
112 41.30146537 002.08457824 41.30145358 002.08461298 51 101
112 41.30142545 002.08467526 41.30141087 002.08470519
111 41.30142545 002.08467526
112 41.30142545 002.08467526 41.30141673 002.08469317 101
112 41.30139833 002.08472638 41.30138903 002.08474256
111 41.30139833 002.08472638
112 41.30139833 002.08472638 41.30131321 002.08487437 51 101
111 41.30121042 002.08494974 51 101
112 41.30145328 002.08489621 41.30159743 002.08490797
111 41.30145328 002.08489621
112 41.30145328 002.08489621 41.30146809 002.08489742 101
112 41.30149911 002.08490243 41.30151483 002.08490542
111 41.30149911 002.08490243
112 41.30149911 002.08490243 41.30152176 002.08490674 51 101
112 41.30156952 002.08492186 41.30159375 002.08493066
111 41.30156952 002.08492186
112 41.30156952 002.08492186 41.30177418 002.08499615 51 101
115 41.30187960 002.08525368
120 Linear Feature 31
111 41.30167618 002.08466110 51 101
112 41.30185999 002.08487963 41.30197245 002.08493059 51 101
111 41.30207051 002.08488832 51 101
112 41.30193226 002.08512186 41.30189781 002.08527219 51 101
115 41.30193273 002.08540844
120 Linear Feature 28
111 41.30116400 002.08220808 51 101
112 41.30093940 002.08219547 41.30083686 002.08214484 51 101
111 41.30076411 002.08200412 51 101
112 41.30076326 002.08229613 41.30072522 002.08244142 51 101
111 41.30061986 002.08253465 51 101
112 41.30086079 002.08254258 41.30096168 002.08259431 51 101
111 41.30102506 002.08276429 51 101
114 41.30102175 002.08244114 41.30105731 002.08230025 51 101
120 Linear Feature 27
111 41.30137920 002.08166327 51 101
112 41.30152077 002.08184088 41.30161603 002.08190825 51 101
111 41.30174375 002.08185347 51 101
112 41.30160896 002.08208362 41.30158018 002.08222628 51 101
111 41.30161866 002.08235727 51 101
112 41.30144534 002.08217323 41.30134412 002.08214020 51 101
111 41.30123515 002.08216488 51 101
114 41.30137460 002.08193458 41.30141033 002.08178796 51 101
120 Linear Feature 26
111 41.29964571 002.08038687 51 101
112 41.30001735 002.08039300 41.30022673 002.08047753 51 101
115 41.30033535 002.08075508
120 Linear Feature 25
111 41.29998434 002.07973257 51 101
112 41.29998685 002.08003815 41.29994319 002.08017552 51 101
115 41.29980204 002.08030198
120 Linear Feature 24
111 41.29998434 002.07973257 51 101
112 41.30015999 002.07991801 41.30027014 002.07997481 51 101
111 41.30038597 002.07991736 51 101
112 41.30023771 002.08015083 41.30020268 002.08029912 51 101
115 41.30024784 002.08050017
120 Linear Feature 4
111 41.29909566 002.07307379 52 101
112 41.29918114 002.07318252 41.29923683 002.07323186
111 41.29918114 002.07318252
112 41.29918114 002.07318252 41.29919538 002.07319513 101
112 41.29922858 002.07321821 41.29924593 002.07322906
111 41.29922858 002.07321821
112 41.29922858 002.07321821 41.29925589 002.07323528 52 101
112 41.29932123 002.07325506 41.29935555 002.07326123
111 41.29932123 002.07325506
112 41.29932123 002.07325506 41.29946264 002.07328049 52 101
111 41.29962208 002.07321210 52 101
112 41.29938992 002.07343495 41.29930647 002.07360283
111 41.29938992 002.07343495
112 41.29938992 002.07343495 41.29938448 002.07344589 52 101
112 41.29937472 002.07346695 41.29937001 002.07347734
111 41.29937472 002.07346695
112 41.29937472 002.07346695 41.29936379 002.07349108 101
112 41.29934734 002.07353463 41.29933991 002.07355556
111 41.29934734 002.07353463
112 41.29934734 002.07353463 41.29930890 002.07364292 52 101
115 41.29931276 002.07370660
120 Linear Feature 3
111 41.30049646 002.07290929 52
115 41.29962208 002.07321210
120 Linear Feature 2
111 41.30078558 002.07110185 81
111 41.30085557 002.07107441 81
111 41.30084315 002.07097199 81
111 41.30087310 002.07090010 81
115 41.30094495 002.07072769
120 Linear Feature 21
111 41.30041583 002.07151026 80
115 41.30046122 002.07156887
120 Park-Here
111 41.30371428 002.08308854 51
115 41.30372847 002.08310137
120 Park-Here
111 41.30408124 002.08299301 51
115 41.30409830 002.08299540
120 Park-Here
111 41.30374324 002.08306544 51
115 41.30374559 002.08308807
120 Park-Here
111 41.30342814 002.08294630 51
115 41.30342917 002.08296909
120 Park-Here
111 41.30322227 002.08243511 51
115 41.30321779 002.08245715
120 Park-Here
111 41.30334275 002.08193159 51
115 41.30333477 002.08195180
120 Park-Here
111 41.30355266 002.08152955 51
115 41.30354060 002.08154580
120 Park-Here
111 41.30323105 002.08034019 51
115 41.30321393 002.08033892
120 Park-Here
111 41.30288344 002.08050830 51
115 41.30286996 002.08049417
120 Park-Here
111 41.30255308 002.08040824 51
115 41.30255436 002.08038547
120 Park-Here
111 41.30232621 002.07985389 51
115 41.30233111 002.07983200
120 Park-Here
111 41.30245333 002.07934131 51
115 41.30246157 002.07932128
120 Park-Here
111 41.30268203 002.07893288 51
115 41.30269299 002.07891531
120 Park-Here
111 41.30231945 002.07773985 51
115 41.30233655 002.07774159
120 Park-Here
111 41.30198268 002.07789082 51
115 41.30198646 002.07791310
120 Park-Here
111 41.30195522 002.07788302 51
115 41.30196972 002.07789523
120 Park-Here
111 41.30165401 002.07777010 51
115 41.30165519 002.07779289
120 Park-Here
111 41.30147293 002.07722559 51
115 41.30146808 002.07724750
120 Park-Here
111 41.30157879 002.07665702 51
115 41.30157047 002.07667699
120 Park-Here
111 41.30174969 002.07631164 51
115 41.30173804 002.07632840
120 Park-Here
111 41.30141748 002.07514592 51
115 41.30143445 002.07514928
120 Park-Here
111 41.30107954 002.07528907 51
115 41.30108379 002.07531119
120 Park-Here
111 41.30108048 002.07523873 51
115 41.30109435 002.07525218
120 Park-Here
111 41.30074750 002.07506096 51
115 41.30075476 002.07508165
120 Park-Here
111 41.30050212 002.07449932 51
115 41.30049757 002.07452133
120 Park-Here
111 41.30068197 002.07414691 51
115 41.30068124 002.07416973
120 Park-Here
111 41.30066500 002.07402758 51
115 41.30065675 002.07404760
120 Park-Here
111 41.30036443 002.07290843 51
115 41.30035408 002.07292664
120 Park-Here
111 41.30041384 002.07292614 51
115 41.30041837 002.07294817
120 Park-Here
111 41.30028644 002.07262792 51
115 41.30027724 002.07264720
120 Park-Here
111 41.30038453 002.07205543 51
115 41.30037509 002.07207450
120 Park-Here
111 41.30040072 002.07194472 51
115 41.30038826 002.07196041
120 Park-Here
111 41.30034145 002.07161411 51
115 41.30032737 002.07162716
120 Park-Here
111 41.30062195 002.07134328 51
115 41.30060747 002.07135553
120 Park-Here
111 41.30069807 002.07126557 51
115 41.30068223 002.07127436
120 Park-Here
111 41.30075687 002.07094910 51
115 41.30073981 002.07095155
120 Linear Feature 4
111 41.29931276 002.07370660 51 101
112 41.29946684 002.07389994 41.29958657 002.07402193
111 41.29946684 002.07389994
112 41.29946684 002.07389994 41.29951306 002.07394704 51 101
112 41.29963781 002.07403559 41.29969875 002.07406833
111 41.29963781 002.07403559
112 41.29963781 002.07403559 41.29964721 002.07404064 51 101
112 41.29966572 002.07404974 41.29967490 002.07405413
111 41.29966572 002.07404974
112 41.29966572 002.07404974 41.29968594 002.07405941 101
112 41.29972349 002.07407430 41.29974152 002.07408106
111 41.29972349 002.07407430
112 41.29972349 002.07407430 41.29978171 002.07409614 51 101
111 41.29982431 002.07410383 51 101
112 41.29963825 002.07421062 41.29958332 002.07431826
111 41.29963825 002.07421062
112 41.29963825 002.07421062 41.29963463 002.07421772 51 101
112 41.29962808 002.07423274 41.29962491 002.07424036
111 41.29962808 002.07423274
112 41.29962808 002.07423274 41.29962085 002.07425014 101
112 41.29959532 002.07430746 41.29959022 002.07432638
111 41.29959532 002.07430746
112 41.29959532 002.07430746 41.29956877 002.07440587 51 101
115 41.29958281 002.07449374
120 Linear Feature 3
111 41.29946684 002.07389994 51 101
112 41.29960895 002.07394760 41.29968312 002.07393914 51 101
111 41.29974028 002.07388379 51 101
112 41.29956611 002.07421333 41.29953687 002.07434788 51 101
115 41.29957753 002.07447836
120 Linear Feature 2
111 41.30073202 002.07416158 51
115 41.29982431 002.07410383
120 Linear Feature 5
111 41.30073766 002.07408804 52
111 41.30026438 002.07377599 52 101
112 41.30006386 002.07371320 41.29995324 002.07371421
111 41.30006386 002.07371320
112 41.30006386 002.07371320 41.30005157 002.07371331 52 101
112 41.30002758 002.07371584 41.30001573 002.07371743
111 41.30002758 002.07371584
112 41.30002758 002.07371584 41.30000707 002.07371859 101
112 41.29996914 002.07372890 41.29995089 002.07373454
111 41.29996914 002.07372890
112 41.29996914 002.07372890 41.29990303 002.07374933 52 101
111 41.29985571 002.07378242 52 101
115 41.29974028 002.07388379
120 Linear Feature 7
111 41.29936996 002.07387334 52 101
112 41.29947140 002.07402277 41.29952839 002.07409293
111 41.29947140 002.07402277
112 41.29947140 002.07402277 41.29948493 002.07403942 101
112 41.29951367 002.07407001 41.29952818 002.07408446
111 41.29951367 002.07407001
112 41.29951367 002.07407001 41.29958933 002.07414532 52 101
112 41.29968270 002.07420696 41.29970514 002.07421724 52 101
111 41.29989311 002.07428803 52 101
112 41.29968952 002.07439616 41.29964649 002.07450583
111 41.29968952 002.07439616
112 41.29968952 002.07439616 41.29968744 002.07440146 52 101
112 41.29968358 002.07441246 41.29968169 002.07441802
111 41.29968358 002.07441246
112 41.29968358 002.07441246 41.29967547 002.07443633 101
112 41.29966407 002.07448843 41.29965905 002.07451452
111 41.29966407 002.07448843
112 41.29966407 002.07448843 41.29966057 002.07450664 52 101
112 41.29965542 002.07454247 41.29965312 002.07456005
111 41.29965542 002.07454247
112 41.29965542 002.07454247 41.29965205 002.07456815 101
112 41.29964837 002.07461306 41.29964690 002.07463370
111 41.29964837 002.07461306
112 41.29964837 002.07461306 41.29964568 002.07465090 52 101
115 41.29964554 002.07467658
120 Linear Feature 6
111 41.30059743 002.07454608 52
115 41.29989311 002.07428803
120 Linear Feature 13
111 41.29833453 002.07238356 19
115 41.29840370 002.07236985
120 Linear Feature 12
111 41.29832938 002.07220972 19
115 41.29839413 002.07222245
120 Linear Feature 11
111 41.29838236 002.07204812 19
115 41.29843055 002.07210492
120 Linear Feature 10
111 41.29849678 002.07200698 19
115 41.29848353 002.07208582
120 Linear Feature 9
111 41.29859280 002.07209072 19
115 41.29855932 002.07216516
120 Linear Feature 8
111 41.29866139 002.07220787 19
115 41.29862197 002.07226795
120 Linear Feature 12
111 41.30012118 002.07606300 101
112 41.30016126 002.07612424 41.30018960 002.07615909
111 41.30016126 002.07612424
112 41.30016126 002.07612424 41.30017148 002.07613681 52 101
112 41.30019862 002.07616441 41.30021339 002.07617834
111 41.30019862 002.07616441
112 41.30019862 002.07616441 41.30020951 002.07617468 101
112 41.30023526 002.07619531 41.30024882 002.07620553
111 41.30023526 002.07619531
112 41.30023526 002.07619531 41.30025884 002.07621307 52 101
112 41.30031907 002.07624506 41.30035153 002.07625988
111 41.30031907 002.07624506
112 41.30031907 002.07624506 41.30046576 002.07631205 52 101
111 41.30062196 002.07613079 52 101
111 41.30055297 002.07626862 101
111 41.30052968 002.07631515 52 101
115 41.30047765 002.07641909
120 Linear Feature 11
111 41.30111258 002.07519739 52
115 41.30062196 002.07613079
120 Linear Feature 5
111 41.29991810 002.07547104 51 101
112 41.29998547 002.07555635 41.30002709 002.07559193
111 41.29998547 002.07555635
112 41.29998547 002.07555635 41.29999172 002.07556169 101
112 41.30000524 002.07557119 41.30001216 002.07557567
111 41.30000524 002.07557119
112 41.30000524 002.07557119 41.30001161 002.07557532 101
112 41.30002476 002.07558163 41.30003136 002.07558451
111 41.30002476 002.07558163
112 41.30002476 002.07558163 41.30007310 002.07560266 51 101
111 41.30012383 002.07559275 51 101
111 41.30038445 002.07551221 51 101
112 41.30016328 002.07576850 41.30010349 002.07595497
111 41.30016328 002.07576850
112 41.30016328 002.07576850 41.30014847 002.07581467 51 101
112 41.30013531 002.07590274 41.30013075 002.07594521
111 41.30013531 002.07590274
112 41.30013531 002.07590274 41.30013300 002.07592418 101
112 41.30013121 002.07596434 41.30013068 002.07598386
111 41.30013121 002.07596434
112 41.30013121 002.07596434 41.30013021 002.07600142 51 101
112 41.30013444 002.07606118 41.30013695 002.07608791
111 41.30013444 002.07606118
112 41.30013444 002.07606118 41.30013857 002.07610508 101
115 41.30014486 002.07613201
120 Linear Feature 4
111 41.30117154 002.07527281 51
115 41.30038445 002.07551221
120 Linear Feature 3
111 41.29979696 002.07533589 52 101
112 41.29990630 002.07536354 41.29996520 002.07537668
111 41.29990630 002.07536354
112 41.29990630 002.07536354 41.29992568 002.07536786 101
112 41.29996568 002.07537550 41.29998540 002.07537897
111 41.29996568 002.07537550
112 41.29996568 002.07537550 41.29998936 002.07537967 52 101
112 41.30003164 002.07538394 41.30005106 002.07538507
111 41.30003164 002.07538394
112 41.30003164 002.07538394 41.30011640 002.07538889 52 101
111 41.30024323 002.07537606 52 101
112 41.30008883 002.07561724 41.30004273 002.07577560
111 41.30008883 002.07561724
112 41.30008883 002.07561724 41.30007747 002.07565627 52 101
112 41.30006811 002.07573323 41.30006505 002.07577066
111 41.30006811 002.07573323
112 41.30006811 002.07573323 41.30006632 002.07575516 101
112 41.30006572 002.07579632 41.30006580 002.07581627
111 41.30006572 002.07579632
112 41.30006572 002.07579632 41.30006605 002.07588051 52 101
115 41.30007982 002.07594242
120 Linear Feature 2
111 41.30090906 002.07497644 52
115 41.30024323 002.07537606
120 Linear Feature 5
111 41.30047765 002.07641909 51 101
112 41.30034912 002.07653568 41.30029872 002.07659514 51 101
115 41.30023039 002.07670901
120 Linear Feature 4
111 41.30164946 002.07671699 51
112 41.30098164 002.07626935 41.30094107 002.07624140
111 41.30098164 002.07626935
112 41.30098164 002.07626935 41.30096959 002.07626105 51 101
112 41.30091351 002.07624099 41.30088345 002.07623252
111 41.30091351 002.07624099
112 41.30091351 002.07624099 41.30090108 002.07623749 101
112 41.30087020 002.07623414 41.30086864 002.07623409
111 41.30087020 002.07623414
112 41.30087020 002.07623414 41.30080985 002.07623226 51 101
115 41.30075012 002.07625242
120 Linear Feature 3
111 41.30018271 002.07624233 51 101
112 41.30030678 002.07640238 41.30038593 002.07645426 51 101
111 41.30047765 002.07641909 51 101
112 41.30042075 002.07649600 41.30039868 002.07654286
111 41.30042075 002.07649600
112 41.30042075 002.07649600 41.30040439 002.07653075 51 101
112 41.30039951 002.07660400 41.30040012 002.07662753
111 41.30039951 002.07660400
112 41.30039951 002.07660400 41.30040095 002.07665927 51 101
112 41.30040864 002.07684005 41.30041437 002.07689189 51 101
115 41.30041937 002.07693217
120 Linear Feature 2
111 41.30112020 002.07602638 51 101
111 41.30075012 002.07625242 51 101
115 41.30047765 002.07641909
120 Linear Feature 1
111 41.30144456 002.07498873 51
111 41.30137842 002.07555195 51 101
112 41.30128963 002.07582057 41.30122022 002.07595321
111 41.30128963 002.07582057
112 41.30128963 002.07582057 41.30128443 002.07583050 51 101
112 41.30127358 002.07584936 41.30126809 002.07585862
111 41.30127358 002.07584936
112 41.30127358 002.07584936 41.30126470 002.07586435 101
112 41.30124625 002.07589164 41.30123699 002.07590482
111 41.30124625 002.07589164
112 41.30124625 002.07589164 41.30118484 002.07597909 51 101
111 41.30112020 002.07602638 51 101
112 41.30129309 002.07596375 41.30138343 002.07595415
111 41.30129309 002.07596375
112 41.30129309 002.07596375 41.30130707 002.07596227 101
112 41.30133531 002.07596277 41.30134939 002.07596372
111 41.30133531 002.07596277
112 41.30133531 002.07596277 41.30134408 002.07596336 51 101
112 41.30136144 002.07596626 41.30137007 002.07596802
111 41.30136144 002.07596626
112 41.30136144 002.07596626 41.30147346 002.07598913 51 101
111 41.30154813 002.07607713 51
115 41.30179061 002.07637795
120 Linear Feature 36
111 41.30033336 002.07668146 51 101
112 41.30042508 002.07679915 41.30046899 002.07683599
111 41.30042508 002.07679915
112 41.30042508 002.07679915 41.30043582 002.07680816 101
112 41.30046048 002.07682488 41.30047287 002.07683289
111 41.30046048 002.07682488
112 41.30046048 002.07682488 41.30049875 002.07684963 51 101
111 41.30053831 002.07686775 51 101
111 41.30064331 002.07691243 51 101
111 41.30089527 002.07701038 51 101
112 41.30063955 002.07716055 41.30056450 002.07733619
111 41.30063955 002.07716055
112 41.30063955 002.07716055 41.30062241 002.07720065 51 101
112 41.30060483 002.07727501 41.30059816 002.07731075
111 41.30060483 002.07727501
112 41.30060483 002.07727501 41.30060120 002.07729446 101
112 41.30059743 002.07733055 41.30059602 002.07734805
111 41.30059743 002.07733055
112 41.30059743 002.07733055 41.30059008 002.07742176 51 101
115 41.30060853 002.07748352
120 Linear Feature 35
111 41.30156871 002.07727435 51
115 41.30089527 002.07701038
120 Linear Feature 5
111 41.30200222 002.07773848 80
111 41.30202824 002.07768037 80
111 41.30207291 002.07771569 80
115 41.30204599 002.07777567
120 Linear Feature 5
111 41.30066246 002.07764071 51 101
112 41.30080432 002.07788275 41.30089529 002.07799957
111 41.30080432 002.07788275
112 41.30080432 002.07788275 41.30081483 002.07789624 101
112 41.30083742 002.07792268 41.30084897 002.07793574
111 41.30083742 002.07792268
112 41.30083742 002.07792268 41.30087539 002.07796559 51 101
112 41.30096749 002.07803383 41.30101604 002.07806259
111 41.30096749 002.07803383
112 41.30096749 002.07803383 41.30115878 002.07814713 51 101
111 41.30135027 002.07810310 51 101
112 41.30108569 002.07838151 41.30101248 002.07857887
111 41.30108569 002.07838151
112 41.30108569 002.07838151 41.30106583 002.07843505 51 101
112 41.30104672 002.07853454 41.30103967 002.07858199
111 41.30104672 002.07853454
112 41.30104672 002.07853454 41.30104362 002.07855542 101
112 41.30104010 002.07859424 41.30103871 002.07861306
111 41.30104010 002.07859424
112 41.30104010 002.07859424 41.30103301 002.07869032 51 101
115 41.30104514 002.07875614
120 Linear Feature 4
111 41.30208162 002.07787114 51
115 41.30135027 002.07810310
120 Linear Feature 3
111 41.30058344 002.07741037 52 101
112 41.30068450 002.07757958 41.30075300 002.07767031
111 41.30068450 002.07757958
112 41.30068450 002.07757958 41.30069419 002.07759242 101
112 41.30071574 002.07761863 41.30072687 002.07763177
111 41.30071574 002.07761863
112 41.30071574 002.07761863 41.30075463 002.07766451 52 101
112 41.30085947 002.07775041 41.30091654 002.07778971
111 41.30085947 002.07775041
112 41.30085947 002.07775041 41.30104838 002.07788052 52 101
111 41.30118566 002.07782831 52 101
112 41.30096335 002.07803806 41.30087659 002.07821788
111 41.30096335 002.07803806
112 41.30096335 002.07803806 41.30093877 002.07808900 52 101
112 41.30091991 002.07819403 41.30091399 002.07824514
111 41.30091991 002.07819403
112 41.30091991 002.07819403 41.30091769 002.07821319 101
112 41.30091596 002.07825002 41.30091547 002.07826809
111 41.30091596 002.07825002
112 41.30091596 002.07825002 41.30091314 002.07835389 52 101
115 41.30093486 002.07843471
120 Linear Feature 2
111 41.30175645 002.07777113 52
115 41.30118566 002.07782831
120 Linear Feature 1
111 41.30064425 002.07691184 51 101
112 41.30042821 002.07687819 41.30035882 002.07687467
111 41.30042821 002.07687819
112 41.30042821 002.07687819 41.30041468 002.07687751 51 101
111 41.30038426 002.07687635 101
111 41.30035142 002.07687554 51 101
115 41.30025025 002.07687304
120 Linear Feature 22
111 41.30233169 002.07768852 51
111 41.30229938 002.07814364 51
112 41.30222008 002.07840280 41.30215823 002.07853530
111 41.30222008 002.07840280
112 41.30222008 002.07840280 41.30221743 002.07840846
112 41.30221190 002.07841982 41.30220909 002.07842549
111 41.30221190 002.07841982
112 41.30221190 002.07841982 41.30220657 002.07843057
112 41.30219569 002.07845045 41.30219022 002.07846011
111 41.30219569 002.07845045
112 41.30219569 002.07845045 41.30213079 002.07856521 51
111 41.30205899 002.07860470 51
112 41.30223238 002.07856002 41.30230307 002.07855851
111 41.30223238 002.07856002
112 41.30223238 002.07856002 41.30224809 002.07855969
112 41.30227538 002.07856864 41.30228646 002.07857335
111 41.30227538 002.07856864
112 41.30227538 002.07856864 41.30233627 002.07859453 51
111 41.30246480 002.07869147 51
115 41.30271545 002.07895340
120 Linear Feature 21
111 41.30114525 002.07934393 51 101
112 41.30122066 002.07916475 41.30126079 002.07908984 51 101
111 41.30134399 002.07903905 51 101
111 41.30144175 002.07897966 51 101
111 41.30157556 002.07889837 51 101
115 41.30205899 002.07860470
120 Linear Feature 20
111 41.30109037 002.07888797 51 101
112 41.30118967 002.07900273 41.30125125 002.07904942 51 101
111 41.30134399 002.07903905 51 101
112 41.30127851 002.07920862 41.30126015 002.07929141 51 101
115 41.30127326 002.07942109
120 Linear Feature 25
111 41.30161870 002.08042796 51 101
112 41.30159263 002.08016587 41.30159621 002.08001859
111 41.30159263 002.08016587
112 41.30159263 002.08016587 41.30159308 002.08014738 101
112 41.30159568 002.08010902 41.30159730 002.08008966
111 41.30159568 002.08010902
112 41.30159568 002.08010902 41.30160123 002.08004259 51 101
112 41.30164027 002.07990400 41.30166612 002.07983593
111 41.30164027 002.07990400
112 41.30164027 002.07990400 41.30173364 002.07965814 51 101
111 41.30193202 002.07969386 51 101
111 41.30141832 002.07950171 51 101
112 41.30122591 002.07947245 41.30113355 002.07947556
111 41.30122591 002.07947245
112 41.30122591 002.07947245 41.30122174 002.07947259 101
112 41.30117242 002.07947862 41.30115889 002.07948123
111 41.30117242 002.07947862
112 41.30117242 002.07947862 41.30109172 002.07949420 51 101
115 41.30101970 002.07953369
120 Linear Feature 24
111 41.30201071 002.07778492 52
111 41.30158356 002.07869989
111 41.30156038 002.07874955 52
112 41.30148510 002.07891079 41.30146528 002.07895163
111 41.30148510 002.07891079
112 41.30148510 002.07891079 41.30147128 002.07893927 52
115 41.30144175 002.07897966
120 Linear Feature 23
111 41.30251556 002.07936747 51
112 41.30177717 002.07890707 41.30169800 002.07885735
111 41.30177717 002.07890707
112 41.30177717 002.07890707 41.30176661 002.07890044 51
112 41.30174358 002.07889171 41.30173188 002.07888799
111 41.30174358 002.07889171
112 41.30174358 002.07889171 41.30172969 002.07888730
112 41.30170097 002.07888346 41.30168667 002.07888219
111 41.30170097 002.07888346
112 41.30170097 002.07888346 41.30163700 002.07887779 51
115 41.30157556 002.07889837
120 Linear Feature 106
111 41.30851664 002.08921736 51 101
111 41.30850381 002.08922509 51 101
111 41.30835303 002.08931576 51 101
111 41.30831577 002.08933817 51 101
111 41.30818861 002.08941464 51 101
111 41.30812685 002.08945178 51 101
111 41.30802565 002.08951264 51 101
111 41.30793874 002.08956490 51 101
111 41.30786152 002.08961134 51 101
111 41.30774940 002.08967876 51 101
111 41.30769566 002.08971108 51 101
111 41.30756150 002.08979176 51 101
111 41.30737237 002.08990550 51 101
111 41.30718324 002.09001923 51 101
112 41.30716632 002.09002934 41.30716240 002.09003167
111 41.30716632 002.09002934
112 41.30716632 002.09002934 41.30706060 002.09009219 51 101
115 41.30698756 002.09006581
120 Linear Feature 105
111 41.30648225 002.08981617 51 101
112 41.30635941 002.08978753 41.30628943 002.08979795 51 101
115 41.30625559 002.08987357
120 Linear Feature 104
111 41.30580558 002.09042502 51 101
112 41.30604328 002.09038015 41.30613349 002.09030509 51 101
111 41.30617746 002.09016561 51 101
112 41.30618535 002.09045713 41.30621636 002.09058847 51 101
115 41.30634654 002.09067196
120 Linear Feature 103
111 41.30922625 002.09434161 51 105
112 41.30962185 002.09390240 41.30964553 002.09386187 51 105
112 41.30970540 002.09362888 41.30971132 002.09348927 51 105
115 41.30963189 002.09330455
120 Linear Feature 102
111 41.30955273 002.09307020 57 101
112 41.30950879 002.09294326 41.30948212 002.09286618
111 41.30950879 002.09294326
112 41.30950879 002.09294326 41.30947030 002.09283199 57 101
112 41.30935818 002.09250726 41.30930416 002.09235055
111 41.30935818 002.09250726
112 41.30935818 002.09250726 41.30931017 002.09236798 51 101
112 41.30923952 002.09216448 41.30921453 002.09209083
111 41.30923952 002.09216448 51 101
111 41.30921435 002.09209423
112 41.30921435 002.09209423 41.30913674 002.09193578 51 101
111 41.30901630 002.09189062 51 101
111 41.30835031 002.09158662 51 101
111 41.30655899 002.09076893 51 101
111 41.30634654 002.09067196 51 101
111 41.30580558 002.09042502 51 101
115 41.30427972 002.08972912
120 Linear Feature 101
111 41.30889399 002.09018425 51 101
111 41.30885859 002.09020561 51 101
111 41.30884728 002.09021243 51 101
111 41.30870442 002.09029864 51 101
111 41.30868383 002.09031107 51 101
111 41.30854740 002.09039339 51 101
111 41.30851955 002.09041020 51 101
111 41.30839248 002.09048688 51 101
111 41.30835556 002.09050916 51 101
111 41.30823501 002.09058191 51 101
112 41.30818377 002.09061234 41.30817786 002.09061570
111 41.30818377 002.09061234
112 41.30818377 002.09061234 41.30814176 002.09063622 51 101
111 41.30808838 002.09060964 51 101
111 41.30698756 002.09006581 51 101
115 41.30648225 002.08981617
120 Linear Feature 100
111 41.30615196 002.08896202 51 101
112 41.30626653 002.08910500 41.30634053 002.08914816 51 101
111 41.30641171 002.08912116 51 101
112 41.30632112 002.08929250 41.30629518 002.08938111
111 41.30632112 002.08929250
112 41.30632112 002.08929250 41.30629926 002.08937296 51 101
115 41.30630793 002.08951056
120 Linear Feature 99
111 41.30648225 002.08981617 51 101
112 41.30641952 002.08974120 41.30640190 002.08969625 51 101
111 41.30628030 002.08933793 51 101
112 41.30630793 002.08951056 41.30631135 002.08958679 51 101
112 41.30629458 002.08972435 41.30628822 002.08974845 51 101
111 41.30625559 002.08987357 51 101
115 41.30617746 002.09016561
120 Linear Feature 98
111 41.30808779 002.08800369 51 101
111 41.30806079 002.08802032 51 101
111 41.30799376 002.08806095 51 101
111 41.30789921 002.08811825 51 101
111 41.30782669 002.08816220 51 101
111 41.30770983 002.08823302 51 101
111 41.30761557 002.08829015 51 101
111 41.30759146 002.08830476 51 101
111 41.30752189 002.08834692 51 101
111 41.30735970 002.08844522 51 101
111 41.30733324 002.08846125 51 101
111 41.30723996 002.08851778 51 101
111 41.30714480 002.08857545 51 101
111 41.30712527 002.08858729 51 101
111 41.30712271 002.08858884 51 101
112 41.30707366 002.08868228 41.30705299 002.08876202
111 41.30707366 002.08868228
112 41.30707366 002.08868228 41.30704769 002.08874014 51 101
111 41.30698487 002.08877572 51 101
111 41.30689994 002.08882691 51 101
111 41.30679704 002.08888892 51 101
111 41.30662531 002.08899242 51 101
111 41.30661541 002.08899839 51 101
111 41.30647036 002.08908581 51 101
115 41.30641171 002.08912116
120 Linear Feature 97
111 41.30582923 002.08801515 51 101
111 41.30582923 002.08801515 51 101
112 41.30592424 002.08812962 41.30599832 002.08819176 51 101
111 41.30607538 002.08815570 51 101
112 41.30599511 002.08829800 41.30596771 002.08839392 51 101
115 41.30599060 002.08848942
120 Linear Feature 96
111 41.30664002 002.08657244 51 101
111 41.30570876 002.08713477
112 41.30570876 002.08713477 41.30567464 002.08715477 51 101
112 41.30563316 002.08727692 41.30561986 002.08734747
111 41.30563316 002.08727692
112 41.30563316 002.08727692 41.30562522 002.08731902 51 101
111 41.30562364 002.08739634
112 41.30562364 002.08739634 41.30562501 002.08741865 51 101
112 41.30563334 002.08744433 41.30563638 002.08745324
111 41.30563334 002.08744433 51 101
111 41.30577001 002.08784108 51 101
111 41.30599060 002.08848942 51 101
111 41.30615196 002.08896202 51 101
115 41.30628030 002.08933793
120 Linear Feature 95
111 41.30705620 002.08756262 51 101
115 41.30607538 002.08815570
120 Linear Feature 94
111 41.30504487 002.08786888 51 101
111 41.30496688 002.08791165 51 101
111 41.30493125 002.08793300 51 101
112 41.30461502 002.08812476 41.30456908 002.08815365
111 41.30461502 002.08812476
112 41.30461502 002.08812476 41.30458862 002.08814136 51 101
112 41.30451893 002.08821071 41.30448328 002.08825529
111 41.30451893 002.08821071
112 41.30451893 002.08821071 41.30449871 002.08823600 51 101
112 41.30445782 002.08830783 41.30443768 002.08834801
111 41.30445782 002.08830783
112 41.30445782 002.08830783 41.30444340 002.08833659 51 101
112 41.30441586 002.08840796 41.30440245 002.08844621
111 41.30441586 002.08840796
112 41.30441586 002.08840796 41.30435066 002.08859385 51 101
112 41.30420118 002.08869781 41.30415858 002.08872530
111 41.30420118 002.08869781
112 41.30420118 002.08869781 41.30418241 002.08870992 51 101
111 41.30408503 002.08876841 51 101
111 41.30365901 002.08901944 101
115 41.30359988 002.08905429
120 Linear Feature 83
111 41.30294739 002.08435974 52 101
112 41.30303877 002.08426218 41.30309371 002.08419622
111 41.30303877 002.08426218
112 41.30303877 002.08426218 41.30304580 002.08425374 101
112 41.30306074 002.08423516 41.30306834 002.08422558
111 41.30306074 002.08423516
112 41.30306074 002.08423516 41.30306633 002.08422811 52 101
112 41.30307794 002.08421309 41.30308381 002.08420542
111 41.30307794 002.08421309
112 41.30307794 002.08421309 41.30315405 002.08411365 52 101
111 41.30321692 002.08401227 52 101
112 41.30309443 002.08413526 41.30303259 002.08417872
111 41.30309443 002.08413526
112 41.30309443 002.08413526 41.30308734 002.08414025 101
112 41.30305350 002.08415835 41.30304717 002.08416114
111 41.30305350 002.08415835
112 41.30305350 002.08415835 41.30299620 002.08418357 52 101
115 41.30295913 002.08417256
120 Linear Feature 82
111 41.30376989 002.08300542 52
112 41.30330518 002.08387071 41.30326642 002.08394857 52
115 41.30321692 002.08401227
120 Linear Feature 81
111 41.30245286 002.08285938 52 101
112 41.30253554 002.08295195 41.30258501 002.08299811
111 41.30253554 002.08295195
112 41.30253554 002.08295195 41.30254804 002.08296362 101
112 41.30257588 002.08298614 41.30259018 002.08299702
111 41.30257588 002.08298614
112 41.30257588 002.08298614 41.30262054 002.08302011 52 101
112 41.30272390 002.08304266 41.30277514 002.08303873
111 41.30272390 002.08304266
112 41.30272390 002.08304266 41.30285651 002.08303250 52 101
111 41.30295940 002.08301681 52 101
112 41.30275374 002.08330804 41.30271568 002.08355232
111 41.30275374 002.08330804
112 41.30275374 002.08330804 41.30274126 002.08338817 52 101
112 41.30273269 002.08351256 41.30273019 002.08356845
111 41.30273269 002.08351256
112 41.30273269 002.08351256 41.30273179 002.08353261 101
112 41.30273124 002.08356779 41.30273112 002.08358454
111 41.30273124 002.08356779
112 41.30273124 002.08356779 41.30273069 002.08364672 52 101
115 41.30273734 002.08368859
120 Linear Feature 80
111 41.30350155 002.08294820 52
115 41.30295940 002.08301681
120 Linear Feature 79
111 41.30257209 002.08320692 51 101
112 41.30263744 002.08328307 41.30268221 002.08331636
111 41.30263744 002.08328307
112 41.30263744 002.08328307 41.30264893 002.08329161 101
112 41.30267675 002.08330593 41.30269148 002.08331233
111 41.30267675 002.08330593
112 41.30267675 002.08330593 41.30270880 002.08331985 51 101
112 41.30279703 002.08331709 41.30284537 002.08330756
111 41.30279703 002.08331709
112 41.30279703 002.08331709 41.30295419 002.08328613 51 101
111 41.30307008 002.08325797 51 101
112 41.30284105 002.08347766 41.30276634 002.08363901
111 41.30284105 002.08347766
112 41.30284105 002.08347766 41.30282438 002.08351344 51 101
112 41.30278989 002.08360154 41.30277464 002.08364516
111 41.30278989 002.08360154
112 41.30278989 002.08360154 41.30278370 002.08361925 101
112 41.30277372 002.08365360 41.30276928 002.08367038
111 41.30277372 002.08365360
112 41.30277372 002.08365360 41.30277154 002.08366182 51 101
112 41.30276803 002.08367763 41.30276643 002.08368540
111 41.30276803 002.08367763
112 41.30276803 002.08367763 41.30275754 002.08372862 51 101
115 41.30276500 002.08376921
120 Linear Feature 78
111 41.30386093 002.08304547 51
115 41.30307008 002.08325797
120 Linear Feature 77
111 41.30329088 002.08246928 51
115 41.30280314 002.08231054
120 Linear Feature 76
111 41.30215443 002.08198991 51 101
112 41.30226127 002.08211966 41.30233215 002.08217375
111 41.30226127 002.08211966
112 41.30226127 002.08211966 41.30227263 002.08212833 101
112 41.30229802 002.08214360 41.30231116 002.08215075
111 41.30229802 002.08214360
112 41.30229802 002.08214360 41.30230987 002.08215005 51 101
112 41.30233574 002.08216034 41.30234903 002.08216496
111 41.30233574 002.08216034
112 41.30233574 002.08216034 41.30245583 002.08220200 51 101
111 41.30280380 002.08231122 51 101
112 41.30253792 002.08254734 41.30244415 002.08282129
111 41.30253792 002.08254734
112 41.30253792 002.08254734 41.30250701 002.08263765 51 101
112 41.30249374 002.08280423 41.30249208 002.08288230
111 41.30249374 002.08280423
112 41.30249374 002.08280423 41.30249332 002.08282397 101
112 41.30249423 002.08286131 41.30249493 002.08287958
111 41.30249423 002.08286131
112 41.30249423 002.08286131 41.30249915 002.08298993 51 101
115 41.30252806 002.08307857
120 Linear Feature 75
111 41.30341576 002.08199057 51
112 41.30267410 002.08151902 41.30257524 002.08145517
111 41.30267410 002.08151902
112 41.30267410 002.08151902 41.30266711 002.08151450 51
112 41.30265302 002.08150717 41.30264598 002.08150378
111 41.30265302 002.08150717
112 41.30265302 002.08150717 41.30263867 002.08150025
112 41.30261027 002.08149249 41.30259624 002.08148946
111 41.30261027 002.08149249
112 41.30261027 002.08149249 41.30253391 002.08147596 51
115 41.30246752 002.08150935
120 Linear Feature 74
111 41.30239409 002.08155355 51 101
112 41.30223897 002.08186643 41.30221157 002.08210958 51 101
115 41.30226156 002.08230179
120 Linear Feature 73
111 41.30196155 002.08142731 51 101
112 41.30210879 002.08160547 41.30219688 002.08164863 51 101
115 41.30230087 002.08160966
120 Linear Feature 72
111 41.30181733 002.08181237 51 101
112 41.30199337 002.08174805 41.30203977 002.08174649 51 101
111 41.30219078 002.08167593 51 101
111 41.30230087 002.08160966 51 101
111 41.30239409 002.08155355 51 101
111 41.30246752 002.08150935 51 101
115 41.30294592 002.08122140
120 Linear Feature 71
111 41.30322842 002.08025926 51
111 41.30319075 002.08076886 51
112 41.30311421 002.08100820 41.30306092 002.08111712
111 41.30311421 002.08100820
112 41.30311421 002.08100820 41.30311040 002.08101599
112 41.30308933 002.08105360 41.30308488 002.08106090
111 41.30308933 002.08105360
112 41.30308933 002.08105360 41.30302817 002.08115394 51
111 41.30294592 002.08122140 51
112 41.30309224 002.08116874 41.30314161 002.08116620
111 41.30309224 002.08116874
112 41.30309224 002.08116874 41.30309405 002.08116865
112 41.30313553 002.08117522 41.30314585 002.08117916
111 41.30313553 002.08117522
112 41.30313553 002.08117522 41.30315525 002.08118275 51
112 41.30320738 002.08121577 41.30324402 002.08123499
111 41.30320738 002.08121577
112 41.30320738 002.08121577 41.30326319 002.08124504 51
112 41.30339131 002.08135461 41.30344882 002.08141991 51
115 41.30360697 002.08160978
120 Linear Feature 70
111 41.30233384 002.08140002 51 101
112 41.30206702 002.08164648 41.30198304 002.08170590
111 41.30206702 002.08164648
112 41.30206702 002.08164648 41.30205616 002.08165417 51 101
112 41.30203089 002.08167155 41.30201783 002.08168048
111 41.30203089 002.08167155
112 41.30203089 002.08167155 41.30201834 002.08168013 101
112 41.30199142 002.08169824 41.30197782 002.08170736
111 41.30199142 002.08169824
112 41.30199142 002.08169824 41.30190967 002.08175304 51 101
115 41.30181733 002.08181237
120 Linear Feature 69
111 41.30293014 002.08041277 51
111 41.30243722 002.08122800
111 41.30240973 002.08127345 51
115 41.30238725 002.08131063
120 Linear Feature 68
111 41.30189439 002.08123155 51 101
112 41.30197519 002.08132753 41.30202558 002.08137574
111 41.30197519 002.08132753
112 41.30197519 002.08132753 41.30198663 002.08133847 101
112 41.30201246 002.08135987 41.30202584 002.08137030
111 41.30201246 002.08135987
112 41.30201246 002.08135987 41.30204365 002.08138420 51 101
112 41.30211928 002.08141718 41.30215879 002.08142872
111 41.30211928 002.08141718
112 41.30211928 002.08141718 41.30225037 002.08145545 51 101
111 41.30238725 002.08131063 51 101
112 41.30233384 002.08140002 41.30230334 002.08145296
111 41.30233384 002.08140002
112 41.30233384 002.08140002 41.30227968 002.08149402 51 101
112 41.30218538 002.08172646 41.30216915 002.08181288
111 41.30218538 002.08172646
112 41.30218538 002.08172646 41.30217921 002.08175927 51 101
112 41.30217510 002.08183619 41.30217402 002.08187503
111 41.30217510 002.08183619
112 41.30217510 002.08183619 41.30217457 002.08185536 101
112 41.30217480 002.08189374 41.30217509 002.08191276
111 41.30217480 002.08189374
112 41.30217480 002.08189374 41.30217634 002.08199481 51 101
115 41.30218751 002.08208594
120 Linear Feature 67
111 41.30262815 002.08040598 51
115 41.30210879 002.08034213
120 Linear Feature 66
111 41.30149561 002.08006918 51 101
112 41.30161407 002.08023153 41.30168661 002.08029725
111 41.30161407 002.08023153
112 41.30161407 002.08023153 41.30162589 002.08024224 101
112 41.30165156 002.08026064 41.30166471 002.08026915
111 41.30165156 002.08026064
112 41.30165156 002.08026064 41.30167334 002.08027474 51 101
112 41.30172165 002.08028914 41.30174647 002.08029320
111 41.30172165 002.08028914
112 41.30172165 002.08028914 41.30185343 002.08031071 51 101
111 41.30210879 002.08034213 51 101
112 41.30184998 002.08060822 41.30177691 002.08087082
111 41.30184998 002.08060822
112 41.30184998 002.08060822 41.30183156 002.08067442 51 101
112 41.30181483 002.08078528 41.30180893 002.08083689
111 41.30181483 002.08078528
112 41.30181483 002.08078528 41.30181252 002.08080545 101
112 41.30181001 002.08084223 41.30180906 002.08086002
111 41.30181001 002.08084223
112 41.30181001 002.08084223 41.30180370 002.08095950 51 101
115 41.30182325 002.08102418
120 Linear Feature 65
111 41.30241473 002.07987537 51
115 41.30193202 002.07969386
120 Linear Feature 110
111 41.28701912 002.08795628 1
115 41.28702139 002.08801519
120 Linear Feature 110
111 41.28664761 002.08687111 1
115 41.28664988 002.08693002
120 Linear Feature 110
111 41.28703597 002.08794689 1
115 41.28703823 002.08800580
120 Linear Feature 110
111 41.28627444 002.08578597 1
115 41.28627670 002.08584488
120 Linear Feature 110
111 41.28666309 002.08686263 1
115 41.28666535 002.08692154
120 Linear Feature 110
111 41.28705145 002.08793840 1
115 41.28705371 002.08799732
120 Linear Feature 108
111 41.30311454 002.08885122 51 101
112 41.30329243 002.08908327 41.30340308 002.08914424 51 101
111 41.30353588 002.08909571 51 101
112 41.30338666 002.08934145 41.30334719 002.08949249 51 101
115 41.30339224 002.08966018
120 Linear Feature 107
111 41.30397192 002.08921790 51 101
112 41.30397337 002.08896490 41.30401142 002.08885326 51 101
111 41.30408503 002.08876841 51 101
112 41.30388666 002.08873905 41.30380632 002.08870247 51 101
111 41.30373942 002.08854919 51 101
112 41.30373071 002.08884572 41.30368560 002.08895829
111 41.30373071 002.08884572
112 41.30373071 002.08884572 41.30370674 002.08891322 51 101
112 41.30365049 002.08899791 41.30362488 002.08903223
111 41.30365049 002.08899791
112 41.30365049 002.08899791 41.30362208 002.08903598 101
115 41.30359988 002.08905429
120 Linear Feature 122
111 41.30317578 002.08257473 80
115 41.30318736 002.08256619
120 Linear Feature 30
111 41.29170551 002.06357604 19
115 41.29174561 002.06368464
120 Linear Feature 29
111 41.29186528 002.06346453 19
115 41.29190710 002.06357622
120 Linear Feature 28
111 41.29202792 002.06335970 19
115 41.29206794 002.06346882
120 Linear Feature 27
111 41.29219076 002.06325602 19
115 41.29223097 002.06336197
120 Linear Feature 26
111 41.29235451 002.06314758 19
115 41.29238959 002.06325568
120 Linear Feature 25
111 41.29497816 002.06557072 19
115 41.29493059 002.06560051
120 Linear Feature 24
111 41.29489702 002.06539943 19
115 41.29484946 002.06544536
120 Linear Feature 23
111 41.29479211 002.06525235 19
115 41.29475387 002.06531999
120 Linear Feature 22
111 41.29465642 002.06515367 19
115 41.29463544 002.06523994
120 Linear Feature 21
111 41.29450535 002.06512885 19
115 41.29450861 002.06522070
120 Linear Feature 20
111 41.29436080 002.06517725 19
115 41.29438878 002.06526228
120 Linear Feature 19
111 41.29422092 002.06525793 19
115 41.29425123 002.06534233
120 Linear Feature 18
111 41.29410528 002.06535723 19
115 41.29414118 002.06542053
120 Linear Feature 17
111 41.29401902 002.06546459 19
115 41.29406891 002.06551610
120 Linear Feature 16
111 41.29395234 002.06561788 19
115 41.29401389 002.06564767
120 Linear Feature 15
111 41.29390962 002.06581663 19
115 41.29398536 002.06583593
120 Linear Feature 14
111 41.29424067 002.06479857 19
115 41.29421449 002.06472440
120 Linear Feature 13
111 41.29435641 002.06467990 19
115 41.29431453 002.06462520
120 Linear Feature 12
111 41.29444278 002.06451886 19
115 41.29438638 002.06448490
120 Linear Feature 11
111 41.29447366 002.06431689 19
115 41.29441592 002.06431242
120 Linear Feature 10
111 41.29445688 002.06411760 19
115 41.29440652 002.06413994
120 Linear Feature 9
111 41.29440652 002.06392457 19
115 41.29436959 002.06394691
120 Linear Feature 8
111 41.29323321 002.06583756 19
115 41.29330237 002.06597876
120 Linear Feature 7
111 41.29343800 002.06569636 19
115 41.29348433 002.06583756
120 Linear Feature 40
111 41.29525141 002.06976495 19
115 41.29527961 002.06984270
120 Linear Feature 39
111 41.29539778 002.06968363 19
115 41.29542196 002.06975780
120 Linear Feature 38
111 41.29554684 002.06960677 19
115 41.29557102 002.06967916
120 Linear Feature 37
111 41.29569456 002.06952991 19
115 41.29571873 002.06960141
120 Linear Feature 36
111 41.29584161 002.06945752 19
115 41.29586309 002.06953974
120 Linear Feature 35
111 41.29595307 002.06946467 19
115 41.29592420 002.06954689
120 Linear Feature 34
111 41.29585420 002.06893258 19
115 41.29579265 002.06878289
120 Linear Feature 33
111 41.29592191 002.06884619 19
115 41.29582735 002.06872182
120 Linear Feature 32
111 41.29595548 002.06873672 19
115 41.29583630 002.06867118
120 Linear Feature 31
111 41.29595604 002.06862054 19
115 41.29585588 002.06862128
120 Linear Feature 75
111 41.29617712 002.07027265 19
115 41.29620836 002.07019320
120 Linear Feature 74
111 41.29621349 002.07032726 19
115 41.29627737 002.07029375
120 Linear Feature 73
111 41.29621768 002.07039987 19
115 41.29627923 002.07042097
120 Linear Feature 72
111 41.29619017 002.07046256 19
115 41.29622887 002.07052648
120 Linear Feature 71
111 41.29604796 002.07057365 19
115 41.29607733 002.07064253
120 Linear Feature 70
111 41.29590574 002.07066922 19
115 41.29593512 002.07074431
120 Linear Feature 69
111 41.29576259 002.07076604 19
115 41.29579523 002.07084175
120 Linear Feature 68
111 41.29557019 002.07088213 19
115 41.29559707 002.07096401
120 Linear Feature 67
111 41.29540328 002.07107912 19
115 41.29537764 002.07100527
120 Linear Feature 66
111 41.29518326 002.07111618 19
115 41.29520943 002.07119555
120 Linear Feature 81
111 41.29134282 002.06626273 19
115 41.29126628 002.06630884
120 Linear Feature 80
111 41.29126547 002.06604612 19
115 41.29119054 002.06609437
120 Linear Feature 79
111 41.29119215 002.06582736 19
115 41.29111641 002.06587347
120 Linear Feature 55
111 41.29596655 002.06960053 19
115 41.29602766 002.06957104
120 Linear Feature 54
111 41.29597058 002.06968275 19
115 41.29603303 002.06970777
120 Linear Feature 53
111 41.29593567 002.06974978 19
115 41.29597058 002.06982127
120 Linear Feature 52
111 41.29580071 002.06984987 19
115 41.29583025 002.06992226
120 Linear Feature 51
111 41.29566038 002.06994549 19
115 41.29569126 002.07001967
120 Linear Feature 50
111 41.29551803 002.07004201 19
115 41.29554757 002.07011708
120 Linear Feature 49
111 41.29532398 002.07015908 19
115 41.29535286 002.07023683
120 Linear Feature 48
111 41.29522528 002.07022063 19
115 41.29525248 002.07029692
120 Linear Feature 47
111 41.29512878 002.07027709 19
115 41.29515598 002.07035467
120 Linear Feature 46
111 41.29493498 002.07039143 19
115 41.29496412 002.07047160
120 Linear Feature 45
111 41.29488602 002.07039609 19
115 41.29487048 002.07047263
120 Linear Feature 44
111 41.29477761 002.07036402 19
115 41.29483784 002.07032368
120 Linear Feature 43
111 41.29477256 002.07021197 19
115 41.29482774 002.07023577
120 Linear Feature 42
111 41.29481997 002.07011578 19
115 41.29485688 002.07018043
120 Linear Feature 41
111 41.29502995 002.06993994 19
115 41.29506520 002.07001367
120 Linear Feature 129
111 41.29334409 002.07033126 19
115 41.29338586 002.07050730
120 Linear Feature 128
111 41.29383681 002.07080614 19
115 41.29381622 002.07072495
120 Linear Feature 127
111 41.29367715 002.07077980 19
115 41.29369813 002.07086110
120 Linear Feature 126
111 41.29353213 002.07083752 19
115 41.29355731 002.07092006
120 Linear Feature 125
111 41.29339411 002.07093123 19
115 41.29342396 002.07101066
120 Linear Feature 124
111 41.29325983 002.07102246 19
115 41.29329153 002.07109941
120 Linear Feature 123
111 41.29319921 002.07112982 19
115 41.29326076 002.07115340
120 Linear Feature 122
111 41.29326775 002.07122167 19
115 41.29320854 002.07126759
120 Linear Feature 121
111 41.29331858 002.07128435 19
115 41.29328874 002.07136316
120 Linear Feature 120
111 41.29339878 002.07137247 19
115 41.29338153 002.07128869
120 Linear Feature 119
111 41.29353633 002.07131041 19
115 41.29351208 002.07122911
120 Linear Feature 118
111 41.29366735 002.07124090 19
115 41.29364311 002.07116209
120 Linear Feature 117
111 41.29379791 002.07117016 19
115 41.29377413 002.07109134
120 Linear Feature 116
111 41.29393127 002.07110003 19
115 41.29390376 002.07102059
120 Linear Feature 115
111 41.29399562 002.07101128 19
115 41.29393407 002.07097777
120 Linear Feature 114
111 41.29398722 002.07084682 19
115 41.29392521 002.07088158
120 Linear Feature 113
111 41.29390749 002.07072519 19
115 41.29388231 002.07080587
120 Linear Feature 112
111 41.29408418 002.07152943 19
115 41.29406459 002.07145000
120 Linear Feature 111
111 41.29412754 002.07153440 19
115 41.29415785 002.07145124
120 Linear Feature 110
111 41.29417277 002.07160390 19
115 41.29423478 002.07157225
120 Linear Feature 109
111 41.29418349 002.07169575 19
115 41.29423991 002.07172864
120 Linear Feature 108
111 41.29415272 002.07174230 19
115 41.29417836 002.07181925
120 Linear Feature 107
111 41.29402356 002.07181181 19
115 41.29404687 002.07189372
120 Linear Feature 106
111 41.29392517 002.07150399 19
115 41.29394476 002.07158591
120 Linear Feature 105
111 41.29389160 002.07188255 19
115 41.29391725 002.07196572
120 Linear Feature 104
111 41.29378000 002.07156598 19
115 41.29380536 002.07164284
120 Linear Feature 103
111 41.29364329 002.07165556 19
115 41.29367189 002.07173027
120 Linear Feature 102
111 41.29376038 002.07195111 19
115 41.29378486 002.07203437
120 Linear Feature 101
111 41.29362710 002.07201162 19
115 41.29364808 002.07209643
120 Linear Feature 100
111 41.29356454 002.07200541 19
115 41.29353851 002.07208609
120 Linear Feature 99
111 41.29351558 002.07194387 19
115 41.29345885 002.07198783
120 Linear Feature 98
111 41.29344525 002.07185337 19
115 41.29350897 002.07187560
120 Linear Feature 97
111 41.29350859 002.07174424 19
115 41.29354045 002.07182078
120 Linear Feature 96
111 41.29441950 002.07212896 19
115 41.29445508 002.07229429
120 Linear Feature 95
111 41.29419859 002.07221118 19
115 41.29423619 002.07238098
120 Linear Feature 94
111 41.29380298 002.07246468 19
115 41.29388033 002.07262125
120 Linear Feature 93
111 41.29361363 002.07262446 19
115 41.29368937 002.07278532
120 Linear Feature 92
111 41.29352661 002.07277031 19
115 41.29359993 002.07286146
120 Linear Feature 91
111 41.29312699 002.07041577 19
115 41.29316795 002.07059540
120 Linear Feature 90
111 41.29291280 002.07049978 19
115 41.29295309 002.07067761
120 Linear Feature 89
111 41.29280940 002.07052480 19
115 41.29281141 002.07066331
120 Linear Feature 88
111 41.29652420 002.07088302 19
115 41.29656337 002.07104686
120 Linear Feature 87
111 41.29661093 002.07086998 19
115 41.29660207 002.07104252
120 Linear Feature 86
111 41.29669579 002.07089853 19
115 41.29662865 002.07104314
120 Linear Feature 85
111 41.29676807 002.07097921 19
115 41.29668087 002.07104811
120 Linear Feature 5
111 41.30483482 002.08363741 51
111 41.30503993 002.08422904
111 41.30507048 002.08431713 51
111 41.30508447 002.08435750
111 41.30510764 002.08442433 51
115 41.30512394 002.08447135
120 Linear Feature 4
111 41.30520429 002.08342348 51
111 41.30540500 002.08400926
111 41.30543397 002.08409381 51
111 41.30544719 002.08413237
111 41.30547065 002.08420084 51
115 41.30548889 002.08425409
120 Linear Feature 14
111 41.30475773 002.08371206 51
115 41.30480659 002.08368260
120 Linear Feature 14
111 41.30512537 002.08349028 51
115 41.30517308 002.08346153
120 Linear Feature 47
111 41.30386722 002.08826802 19
115 41.30384683 002.08829382
120 Linear Feature 47
111 41.30396432 002.08838652 19
115 41.30394685 002.08841477
120 Linear Feature 46
111 41.30379666 002.08812776 19
115 41.30376734 002.08814966
120 Linear Feature 44
111 41.30372862 002.09022926 19
115 41.30379381 002.09019620
120 Linear Feature 44
111 41.30367588 002.09005995 19
115 41.30374106 002.09003022
120 Linear Feature 44
111 41.30363192 002.08988954 19
115 41.30369836 002.08986536
120 Linear Feature 44
111 41.30359848 002.08971326 19
115 41.30366841 002.08969987
120 Linear Feature 44
111 41.30359153 002.08951830 19
115 41.30366250 002.08953406
120 Linear Feature 44
111 41.30360610 002.08944103 19
115 41.30367305 002.08947078
120 Linear Feature 44
111 41.30370808 002.08937642 19
115 41.30368963 002.08946945
120 Linear Feature 44
111 41.30376534 002.08941239 19
115 41.30372078 002.08949676
120 Linear Feature 44
111 41.30386732 002.08952963 19
115 41.30381622 002.08959135
120 Linear Feature 44
111 41.30395925 002.08966152 19
115 41.30390815 002.08972324
120 Linear Feature 44
111 41.30405148 002.08980141 19
115 41.30399375 002.08985513
120 Linear Feature 44
111 41.30412023 002.08995335 19
115 41.30405938 002.09000017
120 Linear Feature 44
111 41.30419106 002.09010806 19
115 41.30413021 002.09015487
120 Linear Feature 44
111 41.30367775 002.08778790 19
115 41.30361654 002.08782362
120 Linear Feature 43
111 41.30358043 002.08750364 19
115 41.30351350 002.08754568
120 Linear Feature 42
111 41.30337593 002.08686120 19
115 41.30330885 002.08687574
120 Linear Feature 41
111 41.30330252 002.08673848 19
115 41.30337249 002.08675036
120 Linear Feature 40
111 41.30332736 002.08659520 19
115 41.30339676 002.08663723
120 Linear Feature 39
111 41.30334927 002.08706441 19
115 41.30341279 002.08702633
120 Linear Feature 38
111 41.30495100 002.08978837 19
115 41.30492976 002.08986566
120 Linear Feature 37
111 41.30483334 002.08972750 19
115 41.30481111 002.08980804
120 Linear Feature 36
111 41.30471595 002.08966782 19
115 41.30469201 002.08975228
120 Linear Feature 35
111 41.30459781 002.08960793 19
115 41.30457327 002.08969756
120 Linear Feature 34
111 41.30447212 002.08955295 19
115 41.30444937 002.08964099
120 Linear Feature 33
111 41.30434811 002.08957103 19
115 41.30435431 002.08953634
120 Linear Feature 32
111 41.30414623 002.08925072 19
115 41.30417166 002.08924555
120 Linear Feature 31
111 41.30414020 002.08910041 19
115 41.30417942 002.08911246
120 Linear Feature 30
111 41.30419019 002.08895929 19
115 41.30421992 002.08899715
120 Linear Feature 29
111 41.30427681 002.08885661 19
115 41.30430482 002.08893176
120 Linear Feature 28
111 41.30439317 002.08878719 19
115 41.30441946 002.08886291
120 Linear Feature 27
111 41.30450780 002.08871950 19
115 41.30453452 002.08879293
120 Linear Feature 26
111 41.30462217 002.08865005 19
115 41.30465196 002.08873927
120 Linear Feature 64
111 41.30308883 002.08547274 19
115 41.30311828 002.08555640
120 Linear Feature 63
111 41.30300529 002.08552547 19
115 41.30300122 002.08561745
120 Linear Feature 62
111 41.30293692 002.08547852 19
115 41.30289143 002.08554079
120 Linear Feature 61
111 41.30286917 002.08539138 19
115 41.30280904 002.08542976
120 Linear Feature 60
111 41.30278344 002.08513395 19
115 41.30272461 002.08517261
120 Linear Feature 59
111 41.30271493 002.08506357 19
115 41.30278047 002.08506159
120 Linear Feature 58
111 41.30274100 002.08487324 19
115 41.30280057 002.08491983
120 Linear Feature 57
111 41.30284600 002.08478403 19
115 41.30287206 002.08485639
120 Linear Feature 82
111 41.30352985 002.08875655 19
111 41.30348442 002.08870104
111 41.30342038 002.08873871 19
115 41.30342187 002.08883090
120 Linear Feature 81
111 41.30357230 002.08859597 19
111 41.30350527 002.08859200
111 41.30334442 002.08868716 19
115 41.30330197 002.08876052
120 Linear Feature 80
111 41.30356038 002.08841952 19
111 41.30349410 002.08843736
111 41.30326400 002.08857515 19
115 41.30321187 002.08862967
120 Linear Feature 79
111 41.30351942 002.08825199 19
111 41.30345819 002.08828890
111 41.30320317 002.08844261 19
115 41.30313293 002.08848494
120 Linear Feature 78
111 41.30341946 002.08797242 19
111 41.30336359 002.08800624
111 41.30310397 002.08816374 19
115 41.30303612 002.08820449
120 Linear Feature 77
111 41.30332754 002.08768830 19
111 41.30326734 002.08772450
111 41.30301304 002.08787740 19
115 41.30294062 002.08792095
120 Linear Feature 76
111 41.30323137 002.08740958 19
111 41.30317175 002.08744502
111 41.30291721 002.08759632 19
115 41.30284450 002.08763955
120 Linear Feature 75
111 41.30313364 002.08712932 19
111 41.30307737 002.08716332
111 41.30281997 002.08731880 19
115 41.30274975 002.08736122
120 Linear Feature 74
111 41.30303683 002.08684822 19
111 41.30298259 002.08688102
111 41.30272435 002.08703717 19
115 41.30265432 002.08707952
120 Linear Feature 73
111 41.30294151 002.08656670 19
111 41.30288290 002.08660207
111 41.30262841 002.08675646 19
115 41.30255875 002.08679767
120 Linear Feature 72
111 41.30284413 002.08628909 19
111 41.30279049 002.08632130
111 41.30253293 002.08647595 19
115 41.30246268 002.08651813
120 Linear Feature 88
111 41.31080014 002.10010341 51 101
112 41.31079080 002.10068202 41.31069814 002.10096983 51 101
111 41.31051582 002.10108414 51 101
112 41.31094919 002.10109675 41.31116383 002.10119954 51 101
111 41.31126634 002.10146797 51 101
115 41.31126634 002.10146797
120 Linear Feature 103
111 41.28884076 002.07661941 80
111 41.28892902 002.07655797 80
115 41.28898127 002.07632758
120 Linear Feature 102
111 41.28884076 002.07661941 80
111 41.28882044 002.07659183 80
111 41.28867498 002.07639434 80
111 41.28884681 002.07628342 80
111 41.28898127 002.07632758 80
111 41.28898635 002.07629510 80
112 41.28907151 002.07633768 41.28911430 002.07636317 80
111 41.28915580 002.07639812 80
115 41.28898127 002.07632758
120 Linear Feature 101
111 41.28839260 002.07786070 80
111 41.28857353 002.07706044 80
111 41.28865726 002.07669008 80
115 41.28882044 002.07659183
120 Linear Feature 100
111 41.28830891 002.07670560 80
111 41.28834800 002.07685042 80
111 41.28854021 002.07696295 80
111 41.28857353 002.07706044 80
115 41.28876981 002.07763512
120 Linear Feature 99
111 41.28814267 002.07664101 81
111 41.28810802 002.07653365 81
111 41.28825800 002.07644762 81
111 41.28829988 002.07657907 81
115 41.28830891 002.07670560
120 Linear Feature 98
111 41.28799826 002.07680668 81
111 41.28797409 002.07673943 81
111 41.28814267 002.07664101 81
115 41.28818920 002.07676458
120 Linear Feature 97
111 41.28831580 002.07790663 81
111 41.28813940 002.07723535 81
111 41.28810552 002.07710628 81
111 41.28817884 002.07693151 81
111 41.28814036 002.07678864 81
111 41.28818920 002.07676458 81
115 41.28830891 002.07670560
120 Linear Feature 96
111 41.28804398 002.07705260 81
111 41.28807713 002.07719413 81
111 41.28813940 002.07723535 81
111 41.28821503 002.07728541 81
115 41.28835784 002.07788148
120 Linear Feature 95
111 41.28764544 002.07724380 81
111 41.28766493 002.07727651 81
111 41.28779900 002.07730120 81
115 41.28779330 002.07734709
120 Linear Feature 94
111 41.28770111 002.07716704 80
115 41.28782741 002.07728544
120 Linear Feature 93
111 41.28787577 002.07816978 80
111 41.28791011 002.07777092 80
111 41.28792078 002.07764727 80
111 41.28790216 002.07756600 80
111 41.28783961 002.07746789 80
111 41.28782813 002.07744985 80
111 41.28783496 002.07736573 80
111 41.28779366 002.07736048 80
111 41.28779330 002.07734709 80
111 41.28782741 002.07728544 80
111 41.28779198 002.07697020 80
111 41.28794092 002.07687903 80
111 41.28793124 002.07684731 80
111 41.28799826 002.07680668 80
111 41.28810552 002.07710628 80
111 41.28804398 002.07705260 80
111 41.28787373 002.07712968 80
111 41.28790538 002.07726347 80
111 41.28783252 002.07743742 80
111 41.28783961 002.07746789 80
111 41.28791011 002.07777092 80
115 41.28798738 002.07810303
120 Linear Feature 92
111 41.28745536 002.07733180 80
115 41.28739290 002.07733909
120 Linear Feature 91
111 41.28690282 002.07772154 80
111 41.28727491 002.07733446 80
111 41.28732288 002.07735262 80
111 41.28739290 002.07733909 80
111 41.28747926 002.07709890 80
111 41.28767629 002.07699567 80
111 41.28770111 002.07716704 80
111 41.28764544 002.07724380 80
111 41.28758631 002.07732533 80
115 41.28750765 002.07727583
120 Linear Feature 90
111 41.28717448 002.07810900 81
111 41.28750318 002.07777440 81
111 41.28752749 002.07771383 81
115 41.28753123 002.07754589
120 Linear Feature 89
111 41.28732288 002.07735262 81
111 41.28737485 002.07737245 81
111 41.28737919 002.07736007 81
111 41.28742201 002.07736750 81
111 41.28745536 002.07733180 81
111 41.28750765 002.07727583 81
111 41.28761935 002.07745504 81
111 41.28753123 002.07754589 81
111 41.28751565 002.07762869 81
111 41.28750318 002.07777440 81
115 41.28744948 002.07842471
120 Linear Feature 117
111 41.28926518 002.07738615 80
111 41.28931464 002.07711360
112 41.28931464 002.07711360 41.28932254 002.07707059 80
112 41.28930359 002.07693443 41.28929497 002.07690527
111 41.28930359 002.07693443 80
111 41.28914141 002.07650185 80
115 41.28915580 002.07639812
120 Linear Feature 10
111 41.29033389 002.08031637 80
111 41.29036639 002.08009707 80
111 41.29038618 002.08014712 80
111 41.29040438 002.08014753 80
111 41.29043613 002.08012746 80
111 41.29045274 002.08017968 80
111 41.29043384 002.08019018 80
115 41.29042369 002.08030504
120 Linear Feature 10
111 41.29016824 002.07982723 80
111 41.29021062 002.07962699 80
111 41.29022323 002.07965923 80
111 41.29023617 002.07966409 80
111 41.29026936 002.07964466 80
111 41.29029027 002.07971533 80
111 41.29027567 002.07972328 80
115 41.29027275 002.07982351
120 Linear Feature 10
111 41.28999629 002.07933878 80
111 41.29003977 002.07913325 80
111 41.29005238 002.07916550 80
111 41.29006533 002.07917036 80
111 41.29009851 002.07915092 80
111 41.29011942 002.07922159 80
111 41.29010482 002.07922954 80
115 41.29010196 002.07932791
120 Linear Feature 9
111 41.28982079 002.07883219 80
111 41.28986082 002.07861001 80
111 41.28986942 002.07863228 80
111 41.28989093 002.07863418 80
111 41.28991339 002.07862019 80
111 41.28993490 002.07867998 80
111 41.28992151 002.07868952 80
115 41.28992289 002.07881680
120 Linear Feature 8
111 41.28978100 002.07822534 80
111 41.28976521 002.07813908 80
111 41.28974858 002.07813450 80
111 41.28973137 002.07808031 80
111 41.28966771 002.07804215 80
115 41.28963193 002.07820375
120 Linear Feature 7
111 41.28934450 002.07755113 80
111 41.28947361 002.07747422 80
111 41.28949846 002.07755246 80
111 41.28951567 002.07755500 80
111 41.28953861 002.07754291 80
111 41.28954960 002.07755118 80
115 41.28957434 002.07762386
120 Linear Feature 6
111 41.28992955 002.08044586 80
111 41.29021852 002.08027167 80
111 41.29023355 002.08027750 80
111 41.29033389 002.08031637 80
111 41.29037583 002.08033262 80
111 41.29042369 002.08030504 80
111 41.29043836 002.08029658 80
111 41.29046504 002.08037026 80
111 41.29050885 002.08034535 80
111 41.29052478 002.08038934 80
111 41.29065104 002.08031831 80
111 41.29065741 002.08037715 80
111 41.29049890 002.08047203 80
111 41.29051363 002.08051496 80
111 41.29044394 002.08055949 80
115 41.29038512 002.08075971
120 Linear Feature 5
111 41.28974835 002.07991686 80
111 41.29001410 002.07975857 80
111 41.29005396 002.07977632 80
111 41.29016824 002.07982723 80
111 41.29022519 002.07985260 80
111 41.29027275 002.07982351 80
111 41.29044672 002.07971708 80
111 41.29047982 002.07981413 80
111 41.29036902 002.07988374 80
111 41.29040699 002.07999676 80
111 41.29029332 002.08006418 80
111 41.29023355 002.08027750 80
111 41.29021762 002.08033438 80
115 41.28994650 002.08049537
120 Linear Feature 4
111 41.28957803 002.07941961 80
111 41.28983771 002.07926306 80
111 41.28987275 002.07927979 80
111 41.28999629 002.07933878 80
111 41.29004686 002.07936293 80
111 41.29010196 002.07932791 80
111 41.29015430 002.07929464 80
111 41.29015737 002.07930383 80
111 41.29028083 002.07923070 80
111 41.29030982 002.07931570 80
111 41.29018548 002.07938812 80
111 41.29022299 002.07950064 80
111 41.29010638 002.07957760 80
111 41.29005396 002.07977632 80
111 41.29003708 002.07984029 80
115 41.28977548 002.07999605
120 Linear Feature 3
111 41.28940285 002.07890816 80
111 41.28966405 002.07875087 80
111 41.28971676 002.07877822 80
111 41.28982079 002.07883219 80
111 41.28986399 002.07885460 80
111 41.28992289 002.07881680 80
111 41.29010074 002.07870269 80
111 41.29013588 002.07880573 80
111 41.29002344 002.07887797 80
111 41.29006098 002.07898733 80
111 41.28993396 002.07906297 80
111 41.28987275 002.07927979 80
111 41.28985940 002.07932706 80
115 41.28960013 002.07948412
120 Linear Feature 2
111 41.28919530 002.07830221 80
111 41.28946529 002.07813922 80
111 41.28963193 002.07820375 80
111 41.28974516 002.07824760 80
111 41.28978100 002.07822534 80
111 41.28986091 002.07817572 80
111 41.28988811 002.07825539 80
111 41.28993848 002.07822695 80
111 41.28996214 002.07829634 80
111 41.28991325 002.07832507 80
111 41.28994168 002.07840852 80
111 41.28981637 002.07848128 80
111 41.28971676 002.07877822 80
111 41.28969948 002.07882975 80
115 41.28943111 002.07899065
120 Linear Feature 1
111 41.28926257 002.07750626 80
111 41.28934450 002.07755113 80
111 41.28952596 002.07764880 80
111 41.28957434 002.07762386 80
111 41.28965887 002.07758028 80
111 41.28967924 002.07764222 80
111 41.28972950 002.07761424 80
111 41.28975750 002.07769633 80
111 41.28970779 002.07772808 80
111 41.28973141 002.07780087 80
111 41.28960629 002.07787592 80
111 41.28951249 002.07815750 80
111 41.28951249 002.07815750 80
111 41.28949133 002.07822104 80
115 41.28922281 002.07838251
120 Linear Feature 12
111 41.28923189 002.07752447 80
115 41.28912544 002.07809823
120 Linear Feature 25
111 41.29046504 002.08037026 80
115 41.29049890 002.08047203
120 Linear Feature 26
111 41.29015737 002.07930383 80
115 41.29018548 002.07938812
120 Linear Feature 49
111 41.30885859 002.09020561 51
111 41.30884840 002.09017542
111 41.30882834 002.09011597 51
111 41.30880863 002.09005756
111 41.30880510 002.09004711 51
115 41.30870998 002.08976519
120 Linear Feature 48
111 41.30870442 002.09029864 51
111 41.30869410 002.09026868
111 41.30867323 002.09020810 51
111 41.30865454 002.09015383
111 41.30864997 002.09014055 51
115 41.30855299 002.08985901
120 Linear Feature 47
111 41.30854740 002.09039339 51
111 41.30853747 002.09036397
111 41.30851739 002.09030449 51
111 41.30849886 002.09024959
111 41.30849387 002.09023481 51
115 41.30839881 002.08995325
120 Linear Feature 29
111 41.30789921 002.08811825 51
111 41.30791026 002.08815094
111 41.30793097 002.08821219 51
111 41.30795061 002.08827027
111 41.30798149 002.08836161 51
115 41.30812110 002.08877452
120 Linear Feature 28
111 41.30808779 002.08800369 51
111 41.30809841 002.08803489
111 41.30811972 002.08809746 51
111 41.30814625 002.08817539
111 41.30817040 002.08824632 51
115 41.30831116 002.08865970
120 Linear Feature 27
111 41.30799376 002.08806095 51
111 41.30800494 002.08809373
111 41.30803394 002.08817877 51
111 41.30805248 002.08823313
111 41.30807631 002.08830300 51
115 41.30821804 002.08871863
120 Linear Feature 26
111 41.30761557 002.08829015 51
111 41.30762774 002.08832546
111 41.30765692 002.08841011 51
111 41.30767511 002.08846291
111 41.30769943 002.08853346 51
115 41.30784098 002.08894420
120 Linear Feature 25
111 41.30723996 002.08851778 51
111 41.30725143 002.08855116
111 41.30727984 002.08863386 51
111 41.30729876 002.08868895
111 41.30732316 002.08875997 51
115 41.30746393 002.08916977
120 Linear Feature 24
111 41.30698487 002.08877572 51
111 41.30699528 002.08880609
111 41.30701620 002.08886711 51
111 41.30703675 002.08892706
111 41.30707881 002.08904971 51
115 41.30717939 002.08934307
120 Linear Feature 23
111 41.30679704 002.08888892 51
111 41.30680718 002.08891858
111 41.30682868 002.08898143 51
111 41.30684816 002.08903837
111 41.30689037 002.08916179 51
115 41.30699122 002.08945668
120 Linear Feature 22
111 41.30662531 002.08899242 51
111 41.30663546 002.08902202
111 41.30665593 002.08908175 51
111 41.30667622 002.08914096
111 41.30672223 002.08927520 51
115 41.30681949 002.08955899
120 Linear Feature 21
111 41.30647036 002.08908581 51
111 41.30648098 002.08911705
111 41.30650085 002.08917553 51
111 41.30651938 002.08923003
111 41.30656671 002.08936930 51
115 41.30666259 002.08965143
120 Linear Feature 20
111 41.30806079 002.08802032 51
111 41.30805083 002.08799142
111 41.30802994 002.08793081 51
111 41.30801128 002.08787668
111 41.30799143 002.08781907 51
115 41.30785068 002.08741069
120 Linear Feature 19
111 41.30782669 002.08816220 51
111 41.30781659 002.08813306
111 41.30779593 002.08807343 51
111 41.30777615 002.08801636
111 41.30775760 002.08796283 51
115 41.30761528 002.08755214
120 Linear Feature 18
111 41.30759146 002.08830476 51
111 41.30758123 002.08827472
111 41.30756108 002.08821559 51
111 41.30754206 002.08815979
111 41.30752366 002.08810579 51
115 41.30738205 002.08769026
120 Linear Feature 17
111 41.30735970 002.08844522 51
111 41.30734935 002.08841493
111 41.30732910 002.08835570 51
111 41.30730930 002.08829779
111 41.30729111 002.08824460 51
115 41.30710106 002.08769915
120 Linear Feature 16
111 41.30712527 002.08858729 51
111 41.30711509 002.08855738
111 41.30709474 002.08849756 51
111 41.30707591 002.08844223
111 41.30705708 002.08838689 51
115 41.30686770 002.08783815
120 Linear Feature 15
111 41.30689994 002.08882691 51
111 41.30688939 002.08879650
111 41.30686844 002.08873610 51
111 41.30684885 002.08867966
111 41.30681548 002.08858347 51
115 41.30660884 002.08799441
120 Linear Feature 14
111 41.30661541 002.08899839 51
111 41.30660527 002.08896883
111 41.30658497 002.08890988 51
111 41.30656632 002.08885575
111 41.30653122 002.08875382 51
115 41.30632715 002.08816447
120 Linear Feature 13
111 41.30643572 002.08794149 51
111 41.30642499 002.08791011
111 41.30640364 002.08784763 51
111 41.30639141 002.08781186
111 41.30634930 002.08768866 51
111 41.30620224 002.08725839 51
111 41.30616046 002.08713614
111 41.30608844 002.08692540 51
115 41.30608280 002.08690891
120 Linear Feature 12
111 41.30671340 002.08776991 51
111 41.30670344 002.08774078
111 41.30668222 002.08767902 51
111 41.30666633 002.08763277
111 41.30662994 002.08752687 51
111 41.30647874 002.08708675 51
111 41.30643878 002.08697042
111 41.30636656 002.08676019 51
115 41.30636011 002.08674146
120 Linear Feature 11
111 41.30699203 002.08760143 51
111 41.30698241 002.08757332
111 41.30696188 002.08751331 51
111 41.30694584 002.08746643
111 41.30690927 002.08735952 51
111 41.30675933 002.08692122 51
111 41.30671907 002.08680353
111 41.30664721 002.08659348 51
115 41.30664002 002.08657244
120 Linear Feature 46
111 41.30839248 002.09048688 51
111 41.30838215 002.09045699
111 41.30836175 002.09039792 51
111 41.30834286 002.09034323
111 41.30833792 002.09032893 51
115 41.30824023 002.09004611
120 Linear Feature 45
111 41.30823501 002.09058191 51
111 41.30822580 002.09055451
111 41.30820604 002.09049572 51
111 41.30818757 002.09044076
111 41.30818208 002.09042441 51
115 41.30808605 002.09013865
120 Linear Feature 44
111 41.30884728 002.09021243 51
111 41.30889658 002.09035637
111 41.30890043 002.09036760 51
115 41.30901235 002.09069436
120 Linear Feature 43
111 41.30769566 002.08971108 51
111 41.30770516 002.08973878
111 41.30772631 002.08980045 51
111 41.30774391 002.08985177
111 41.30775133 002.08987339 51
115 41.30784572 002.09014857
120 Linear Feature 42
111 41.30786152 002.08961134 51
111 41.30787135 002.08963995
111 41.30789206 002.08970029 51
111 41.30791054 002.08975414
111 41.30791786 002.08977548 51
115 41.30801126 002.09004757
120 Linear Feature 41
111 41.30802565 002.08951264 51
111 41.30803578 002.08954241
111 41.30805684 002.08960430 51
111 41.30807428 002.08965555
111 41.30807990 002.08967208 51
115 41.30817439 002.08994978
120 Linear Feature 40
111 41.30818861 002.08941464 51
111 41.30819843 002.08944337
111 41.30821921 002.08950418 51
111 41.30823774 002.08955839
111 41.30824437 002.08957780 51
115 41.30833871 002.08985381
120 Linear Feature 39
111 41.30835303 002.08931576 51
111 41.30836345 002.08934627
111 41.30838425 002.08940717 51
111 41.30840270 002.08946121
111 41.30840945 002.08948098 51
115 41.30850303 002.08975502
120 Linear Feature 38
111 41.30851664 002.08921736 51
111 41.30852689 002.08924736
111 41.30854718 002.08930675 51
111 41.30856595 002.08936240
111 41.30857342 002.08938422 51
115 41.30866681 002.08965694
120 Linear Feature 37
111 41.30718324 002.09001923 51
111 41.30717327 002.08998994
111 41.30715324 002.08993114 51
111 41.30713556 002.08987921
111 41.30712978 002.08986224 51
115 41.30702997 002.08956918
120 Linear Feature 36
111 41.30737237 002.08990550 51
111 41.30736144 002.08987327
111 41.30734125 002.08981372 51
111 41.30732243 002.08975820
111 41.30731912 002.08974846 51
115 41.30721992 002.08945590
120 Linear Feature 35
111 41.30756150 002.08979176 51
111 41.30755028 002.08975933
111 41.30752997 002.08970064 51
111 41.30751141 002.08964700
111 41.30750790 002.08963687 51
115 41.30740649 002.08934378
120 Linear Feature 34
111 41.30774940 002.08967876 51
111 41.30773853 002.08964693
111 41.30771814 002.08958724 51
111 41.30769922 002.08953187
111 41.30769624 002.08952315 51
115 41.30759610 002.08923000
120 Linear Feature 33
111 41.30793874 002.08956490 51
111 41.30792751 002.08953200
111 41.30790692 002.08947169 51
111 41.30788864 002.08941814
111 41.30788543 002.08940874 51
115 41.30778602 002.08911756
120 Linear Feature 32
111 41.30812685 002.08945178 51
111 41.30811570 002.08941934
111 41.30809495 002.08935896 51
111 41.30807591 002.08930359
111 41.30807266 002.08929413 51
115 41.30797256 002.08900298
120 Linear Feature 31
111 41.30831577 002.08933817 51
111 41.30830519 002.08930719
111 41.30828456 002.08924677 51
111 41.30826743 002.08919659
111 41.30826268 002.08918267 51
115 41.30816130 002.08888575
120 Linear Feature 30
111 41.30850381 002.08922509 51
111 41.30849325 002.08919399
111 41.30847308 002.08913461 51
111 41.30845455 002.08908008
111 41.30845058 002.08906839 51
115 41.30835085 002.08877483
120 Linear Feature 59
111 41.31098179 002.09347167 80
111 41.31099858 002.09346049 80
111 41.31048107 002.09195258 80
111 41.31040919 002.09181879 80
111 41.31031506 002.09162742 80
111 41.30996353 002.09061044 80
111 41.30952516 002.09086445 80
111 41.30918755 002.09069853 80
111 41.30914041 002.09072668 80
111 41.30927218 002.09110531 80
115 41.30902414 002.09125556
120 Linear Feature 57
111 41.30887875 002.08997362 80
115 41.30899789 002.09033759
120 Linear Feature 54
111 41.30854080 002.08898545 80
115 41.30866434 002.08934601
120 Linear Feature 63
111 41.30714480 002.08857545 52
111 41.30715595 002.08860792
111 41.30717797 002.08867204 52
111 41.30719635 002.08872560
111 41.30723747 002.08884536 52
115 41.30736899 002.08922841
120 Linear Feature 62
111 41.30733324 002.08846125 52
111 41.30734438 002.08849383
111 41.30736573 002.08855623 52
111 41.30738474 002.08861180
111 41.30741560 002.08870199 52
115 41.30755676 002.08911461
120 Linear Feature 61
111 41.30752189 002.08834692 52
111 41.30753324 002.08838025
111 41.30755433 002.08844223 52
111 41.30757300 002.08849707
111 41.30760438 002.08858926 52
115 41.30774376 002.08899877
120 Linear Feature 60
111 41.30770983 002.08823302 52
111 41.30772100 002.08826551
111 41.30774269 002.08832865 52
111 41.30776225 002.08838556
111 41.30779198 002.08847205 52
115 41.30793458 002.08888700
120 Linear Feature 67
111 41.30406038 002.09770294 51 105
112 41.30377949 002.09768223 41.30364892 002.09760323
111 41.30377949 002.09768223
112 41.30377949 002.09768223 41.30372706 002.09765051 51 105
111 41.30361469 002.09754624 51 105
115 41.30354560 002.09733974
120 Linear Feature 67
111 41.30353463 002.09734616 51 105
111 41.30360397 002.09755329 51 105
112 41.30357361 002.09782162 41.30355118 002.09790431
111 41.30357361 002.09782162
112 41.30357361 002.09782162 41.30352217 002.09801124 51 105
115 41.30340432 002.09809719
120 Linear Feature 75
111 41.29340448 002.06228506 51 101
112 41.29380735 002.06228252 41.29400739 002.06237322 51 101
115 41.29412189 002.06265454
120 Linear Feature 73
111 41.30569698 002.10365638 51 105
111 41.30592015 002.10430531 51 105
112 41.30593957 002.10466838 41.30590329 002.10486737 51 105
115 41.30575774 002.10499551
120 Linear Feature 72
111 41.30539575 002.10278834 51 105
111 41.30562390 002.10344865 51 105
112 41.30563853 002.10383023 41.30559273 002.10404360 51 105
115 41.30542542 002.10414286
120 Linear Feature 71
111 41.30571281 002.10365006 51 105
111 41.30593281 002.10429688 51 105
112 41.30612713 002.10456559 41.30627221 002.10466362 51 105
115 41.30643578 002.10458693
120 Linear Feature 70
111 41.30541195 002.10277991 51 105
111 41.30563816 002.10343883 51 105
112 41.30582977 002.10368771 41.30597632 002.10378769 51 105
115 41.30612510 002.10372250
120 Linear Feature 69
112 41.30863446 002.10221491 41.30856532 002.10225608 51 101
116 41.30843022 002.10248738 41.30839524 002.10260169
120 Linear Feature 68
111 41.30883844 002.10209235 51 101
112 41.30852466 002.10206671 41.30838379 002.10195294 51 101
111 41.30833221 002.10178908 51 101
112 41.30835751 002.10217979 41.30831477 002.10238838 51 101
115 41.30817584 002.10249044
120 Linear Feature 76
111 41.30768010 002.10225355 51 101
112 41.30762139 002.10262878 41.30753057 002.10285944 51 101
115 41.30740398 002.10295416
120 Linear Feature 78
111 41.30395001 002.09856169 51 105
111 41.30406238 002.09888908 51 105
112 41.30406954 002.09925708 41.30402451 002.09945927 51 105
115 41.30387930 002.09955974
120 Linear Feature 77
111 41.30455957 002.09914741 51 105
112 41.30427362 002.09912415 41.30414310 002.09903779 51 105
111 41.30407728 002.09888099 51 105
115 41.30396417 002.09855245
120 Linear Feature 142
111 41.30449300 002.09867534 19
111 41.30455528 002.09865049
111 41.30460047 002.09877761 19
115 41.30454254 002.09881811
120 Linear Feature 142
111 41.30424797 002.09795927 19
111 41.30430760 002.09792595
111 41.30435066 002.09805237 19
115 41.30428956 002.09808863
120 Linear Feature 141
111 41.30449486 002.09855104 19
111 41.30455582 002.09858802
111 41.30463723 002.09880012 19
115 41.30462006 002.09889241
120 Linear Feature 141
111 41.30424241 002.09783427 19
111 41.30430283 002.09786136
111 41.30438425 002.09806288 19
115 41.30436708 002.09815517
120 Linear Feature 140
111 41.30574004 002.09792891 19
111 41.30568111 002.09796348
111 41.30570876 002.09805415 19
115 41.30576972 002.09801864
120 Linear Feature 140
111 41.30548838 002.09720402 19
111 41.30543431 002.09724212
111 41.30546241 002.09733103 19
115 41.30552601 002.09730492
120 Linear Feature 139
111 41.30566609 002.09784059 19
111 41.30564251 002.09792374
111 41.30570214 002.09811578 19
115 41.30576513 002.09814906
120 Linear Feature 139
111 41.30541046 002.09711511 19
111 41.30539085 002.09719767
111 41.30545711 002.09738677 19
115 41.30551965 002.09741711
120 Linear Feature 138
111 41.30556275 002.09784705 19
111 41.30559081 002.09792831
111 41.30567272 002.09816270 19
115 41.30569949 002.09823350
120 Linear Feature 138
111 41.30531936 002.09712207 19
111 41.30534482 002.09720292
111 41.30542106 002.09743193 19
115 41.30545446 002.09750743
120 Linear Feature 137
111 41.30542263 002.09793529 19
111 41.30545196 002.09801255
111 41.30552797 002.09825914 19
115 41.30556066 002.09833734
120 Linear Feature 137
111 41.30517340 002.09720908 19
111 41.30520388 002.09728964
111 41.30528206 002.09753542 19
115 41.30531563 002.09761186
120 Linear Feature 136
111 41.30527655 002.09802337 19
111 41.30530482 002.09810182
111 41.30538952 002.09836473 19
115 41.30542484 002.09844178
120 Linear Feature 136
111 41.30502750 002.09729770 19
111 41.30505690 002.09737937
111 41.30514227 002.09763866 19
115 41.30517627 002.09771454
120 Linear Feature 135
111 41.30513386 002.09810941 19
111 41.30516135 002.09818887
111 41.30525804 002.09846822 19
115 41.30528690 002.09854837
120 Linear Feature 135
111 41.30488449 002.09738280 19
111 41.30491332 002.09746610
111 41.30501014 002.09774029 19
115 41.30503698 002.09781487
120 Linear Feature 134
111 41.30498764 002.09819758 19
111 41.30501677 002.09827659
111 41.30511538 002.09855352 19
115 41.30514358 002.09863318
120 Linear Feature 134
111 41.30473854 002.09747174 19
111 41.30476799 002.09755161
111 41.30486700 002.09782992 19
115 41.30489314 002.09790440
120 Linear Feature 133
111 41.30484426 002.09828403 19
111 41.30487271 002.09836400
111 41.30497080 002.09863999 19
115 41.30499838 002.09871808
120 Linear Feature 133
111 41.30459609 002.09756091 19
111 41.30462369 002.09763833
111 41.30472234 002.09791616 19
115 41.30474921 002.09799015
120 Linear Feature 132
111 41.30470098 002.09837043 19
111 41.30472895 002.09845123
111 41.30482593 002.09872662 19
115 41.30485208 002.09880254
120 Linear Feature 132
111 41.30445106 002.09764764 19
111 41.30447903 002.09772849
111 41.30457106 002.09798378 19
115 41.30459719 002.09806022
120 Linear Feature 131
111 41.30455756 002.09845691 19
111 41.30458634 002.09853776
111 41.30468323 002.09881195 19
115 41.30471058 002.09889154
120 Linear Feature 131
111 41.30430511 002.09773308 19
111 41.30433388 002.09781392
111 41.30441912 002.09804931 19
115 41.30444647 002.09812890
120 Linear Feature 130
111 41.30392500 002.09740495 19
115 41.30392968 002.09730134
120 Linear Feature 129
111 41.30407179 002.09740838 19
115 41.30402938 002.09725433
120 Linear Feature 128
111 41.30427537 002.09733464 19
115 41.30424470 002.09717743
120 Linear Feature 127
111 41.30448836 002.09725054 19
115 41.30446009 002.09708120
120 Linear Feature 126
111 41.30498365 002.09693952 19
115 41.30491298 002.09679311
120 Linear Feature 125
111 41.30517530 002.09677964 19
115 41.30510772 002.09661559
120 Linear Feature 124
111 41.30535372 002.09663088 19
115 41.30529453 002.09647564
120 Linear Feature 123
111 41.30544317 002.09648867 19
115 41.30532303 002.09642751
120 Linear Feature 122
111 41.30544494 002.09632226 19
115 41.30534909 002.09635754
120 Linear Feature 121
111 41.30538133 002.09603532 19
115 41.30529697 002.09606589
120 Linear Feature 120
111 41.30521092 002.09548882 19
115 41.30512325 002.09563718
120 Linear Feature 119
111 41.30508265 002.09536346 19
115 41.30503234 002.09554026
120 Linear Feature 118
111 41.30493004 002.09530513 19
115 41.30492165 002.09548682
120 Linear Feature 117
111 41.30480071 002.09548452 19
115 41.30477272 002.09531264
120 Linear Feature 116
111 41.30468367 002.09554379 19
115 41.30462643 002.09538122
120 Linear Feature 115
111 41.30458000 002.09560374 19
115 41.30452123 002.09543812
120 Linear Feature 114
111 41.30305687 002.09806358 19
115 41.30298796 002.09792035
120 Linear Feature 113
111 41.30265629 002.09828994 19
115 41.30261876 002.09812145
120 Linear Feature 112
111 41.30244066 002.09837545 19
115 41.30240314 002.09820358
120 Linear Feature 111
111 41.30230158 002.09836249 19
115 41.30229762 002.09824310
120 Linear Feature 110
111 41.30302104 002.10049096 19
115 41.30310677 002.10058460
120 Linear Feature 109
111 41.30310347 002.10034904 19
115 41.30317931 002.10050121
120 Linear Feature 108
111 41.30329362 002.10018372 19
115 41.30336616 002.10033441
120 Linear Feature 107
111 41.30348596 002.10002278 19
115 41.30355740 002.10017640
120 Linear Feature 106
111 41.30208045 002.09962873 19
115 41.30219812 002.09955677
120 Linear Feature 105
111 41.30219125 002.09996828 19
115 41.30231399 002.09989513
120 Linear Feature 104
111 41.30227460 002.10009386 19
115 41.30239276 002.10017311
120 Linear Feature 103
111 41.30216744 002.10009508 19
115 41.30220316 002.10026333
120 Linear Feature 102
111 41.30203738 002.10032430 19
115 41.30200440 002.10015848
120 Linear Feature 101
111 41.30193662 002.10032064 19
115 41.30198059 002.10015604
120 Linear Feature 100
111 41.30185327 002.10023041 19
115 41.30196044 002.10013410
120 Linear Feature 99
111 41.30174829 002.09999045 19
115 41.30185908 002.09994621
120 Linear Feature 98
111 41.30168181 002.09969761 19
115 41.30179893 002.09965337
120 Linear Feature 97
111 41.30168656 002.09956278 19
115 41.30180052 002.09962598
120 Linear Feature 96
111 41.30174512 002.09946376 19
115 41.30181160 002.09959859
120 Linear Feature 95
111 41.30188757 002.09933946 19
115 41.30195721 002.09947640
120 Linear Feature 94
111 41.30205850 002.09920673 19
115 41.30202368 002.09937106
120 Linear Feature 93
111 41.30345884 002.09824546 19
115 41.30351008 002.09840068
120 Linear Feature 92
111 41.30371098 002.09911007 19
115 41.30378465 002.09925824
120 Linear Feature 91
111 41.30347970 002.09931439 19
115 41.30355349 002.09946002
120 Linear Feature 90
111 41.30328402 002.09947600 19
115 41.30332006 002.09964605
120 Linear Feature 89
111 41.30301657 002.09957638 19
115 41.30305284 002.09974317
120 Linear Feature 88
111 41.30288028 002.09963198 19
115 41.30291325 002.09980316
120 Linear Feature 87
111 41.30285610 002.09963051 19
115 41.30281103 002.09978706
120 Linear Feature 86
111 41.30283851 002.09961296 19
115 41.30272860 002.09970074
120 Linear Feature 85
111 41.30272530 002.09933058 19
115 41.30260220 002.09937448
120 Linear Feature 84
111 41.30255714 002.09916818 19
115 41.30268024 002.09912722
120 Linear Feature 83
111 41.30256043 002.09903358 19
115 41.30268353 002.09909064
120 Linear Feature 82
111 41.30262528 002.09892824 19
115 41.30269672 002.09906869
120 Linear Feature 81
111 41.30285719 002.09872926 19
115 41.30293083 002.09886825
120 Linear Feature 80
111 41.30309131 002.09853174 19
115 41.30316275 002.09867074
120 Linear Feature 79
111 41.30332652 002.09832691 19
115 41.30337598 002.09848200
120 Linear Feature 4
111 41.30577001 002.08784108 51 101
112 41.30547299 002.08767893 41.30525488 002.08772749
111 41.30547299 002.08767893
112 41.30547299 002.08767893 41.30544279 002.08768565 51 101
112 41.30537422 002.08771526 41.30533852 002.08773318
111 41.30537422 002.08771526 51 101
111 41.30528696 002.08775588 51 101
111 41.30513363 002.08782745 51 101
115 41.30504487 002.08786888
120 Linear Feature 17
112 41.30801188 002.08695875 41.30807318 002.08698995 23
112 41.30808005 002.08716169 41.30805642 002.08724257 23
112 41.30792625 002.08725166 41.30786495 002.08722046 23
114 41.30785806 002.08704872 41.30788171 002.08696783 23
120 Linear Feature 17
112 41.30802641 002.08690080 41.30804172 002.08690866
111 41.30802641 002.08690080
112 41.30802641 002.08690080 41.30805689 002.08691645 21
112 41.30809957 002.08697583 41.30811735 002.08700865
111 41.30809957 002.08697583
112 41.30809957 002.08697583 41.30811222 002.08699918 20
112 41.30812616 002.08705374 41.30813104 002.08708177
111 41.30812616 002.08705374
112 41.30812616 002.08705374 41.30813015 002.08707665
112 41.30812949 002.08712458 41.30812762 002.08714859
111 41.30812949 002.08712458
112 41.30812949 002.08712458 41.30812804 002.08714319 20
112 41.30811943 002.08718015 41.30811413 002.08719844
111 41.30811943 002.08718015
112 41.30811943 002.08718015 41.30811771 002.08718611 20
112 41.30811373 002.08719754 41.30811167 002.08720317
111 41.30811373 002.08719754
112 41.30811373 002.08719754 41.30810690 002.08721617
112 41.30808817 002.08724772 41.30807810 002.08726247
111 41.30808817 002.08724772
112 41.30808817 002.08724772 41.30807267 002.08727041 21
112 41.30803310 002.08730032 41.30801237 002.08731240
111 41.30803310 002.08730032
112 41.30803310 002.08730032 41.30801958 002.08730820 20
112 41.30799054 002.08731641 41.30797581 002.08731917
111 41.30799054 002.08731641
112 41.30799054 002.08731641 41.30796407 002.08732138
112 41.30790959 002.08730399 41.30788288 002.08729027
111 41.30790959 002.08730399
112 41.30790959 002.08730399 41.30789968 002.08729889 20
112 41.30788166 002.08728540 41.30787298 002.08727816
111 41.30788166 002.08728540
112 41.30788166 002.08728540 41.30786299 002.08726983 21
112 41.30783511 002.08722647 41.30782292 002.08720329
111 41.30783511 002.08722647
112 41.30783511 002.08722647 41.30783125 002.08721913 20
112 41.30782460 002.08720359 41.30782146 002.08719569
111 41.30782460 002.08720359
112 41.30782460 002.08720359 41.30781661 002.08718350
112 41.30780806 002.08713929 41.30780511 002.08711678
111 41.30780806 002.08713929
112 41.30780806 002.08713929 41.30780318 002.08710200 20
112 41.30781657 002.08702464 41.30782755 002.08698675
111 41.30781657 002.08702464
112 41.30781657 002.08702464 41.30782455 002.08699711 21
112 41.30785073 002.08695294 41.30786516 002.08693289
111 41.30785073 002.08695294
112 41.30785073 002.08695294 41.30786036 002.08693956 20
112 41.30788289 002.08691840 41.30789459 002.08690883
111 41.30788289 002.08691840
112 41.30788289 002.08691840 41.30789768 002.08690630
112 41.30793078 002.08689206 41.30794770 002.08688674
111 41.30793078 002.08689206
112 41.30793078 002.08689206 41.30794668 002.08688706
112 41.30797990 002.08688685 41.30799656 002.08688849
111 41.30797990 002.08688685
114 41.30797990 002.08688685 41.30799545 002.08688838 20
120 Linear Feature 15
111 41.31029756 002.09142530 23
111 41.31010738 002.09086715 23
111 41.31005011 002.09063374 23
111 41.30981525 002.08994317
112 41.30981525 002.08994317 41.30978934 002.08986556 23
112 41.30969145 002.08984966 41.30964611 002.08987553
111 41.30969145 002.08984966 23
111 41.30920326 002.09015124
112 41.30920326 002.09015124 41.30909418 002.09021187 23
112 41.30896356 002.09006123 41.30893601 002.08997740
111 41.30896356 002.09006123 23
115 41.30807761 002.08747096
120 Linear Feature 22
111 41.30694786 002.08961720 80
115 41.30703684 002.08987285
120 Linear Feature 21
111 41.30843105 002.08872427 80
115 41.30852432 002.08899539
120 Linear Feature 26
111 41.30864830 002.08935565 80
115 41.30873726 002.08961752
120 Linear Feature 9
111 41.30877172 002.08972469 80
115 41.30886171 002.08998392
120 Linear Feature 19
111 41.30904065 002.09033603 73
111 41.30912208 002.09057089 73
112 41.30919024 002.09063946 41.30924288 002.09067020
111 41.30919024 002.09063946 73
111 41.30948712 002.09078623
112 41.30948712 002.09078623 41.30952226 002.09080557 73
111 41.30956202 002.09078588 73
115 41.30976174 002.09066461
120 Linear Feature 24
111 41.30706117 002.08723941 21
115 41.30702880 002.08714477
120 Linear Feature 24
111 41.30702880 002.08714477 20
115 41.30689127 002.08674266
120 Linear Feature 24
111 41.30689127 002.08674266 21
115 41.30670758 002.08620559
120 Linear Feature 24
111 41.30670758 002.08620559 20
115 41.30651631 002.08564633
120 Linear Feature 24
111 41.30651631 002.08564633 21
115 41.30644361 002.08543380
120 Linear Feature 24
111 41.30644361 002.08543380 20
115 41.30630468 002.08502758
120 Linear Feature 24
111 41.30630468 002.08502758 21
115 41.30623137 002.08481324
120 Linear Feature 86
111 41.29030053 002.06926668 80
111 41.29009128 002.06939382 80
111 41.29003313 002.06937483 80
111 41.28993273 002.06934205 80
111 41.28992743 002.06931852 80
111 41.28980012 002.06926518 80
111 41.28975793 002.06929253 80
111 41.28969327 002.06933445 80
111 41.28961387 002.06909810 80
111 41.28970640 002.06904241 80
111 41.28980778 002.06868707 80
115 41.29005193 002.06854045
120 Linear Feature 85
111 41.29023736 002.07001170 80
111 41.29015857 002.06997783 80
111 41.29016061 002.06995922 80
111 41.29001701 002.06989585 80
111 41.28997655 002.06992249 80
111 41.28989434 002.06997601 80
111 41.28981480 002.06974365 80
111 41.28992271 002.06967778 80
111 41.29003313 002.06937483 80
111 41.29005709 002.06930911 80
115 41.29027081 002.06917987
120 Linear Feature 84
111 41.29051754 002.06990064 80
111 41.29031140 002.07002604 80
111 41.29027526 002.07001737 80
115 41.29022541 002.07004778
120 Linear Feature 83
111 41.29073501 002.07053594 80
111 41.29052888 002.07066142 80
111 41.29047819 002.07065749 80
111 41.29046138 002.07064975 80
111 41.29035560 002.07060102 80
111 41.29035619 002.07058219 80
111 41.29023713 002.07053120 80
111 41.29018979 002.07056048 80
111 41.29011103 002.07060903 80
111 41.29003076 002.07037455 80
111 41.29013752 002.07031314 80
111 41.29022541 002.07004778 80
111 41.29023736 002.07001170 80
111 41.29025599 002.06995544 80
115 41.29048856 002.06981599
120 Linear Feature 82
111 41.29072771 002.07130798 80
111 41.29057544 002.07124267 80
111 41.29057250 002.07121992 80
111 41.29045580 002.07117129 80
111 41.29041691 002.07119608 80
111 41.29033076 002.07125093 80
111 41.29024977 002.07101435 80
111 41.29035737 002.07095087 80
111 41.29046138 002.07064975 80
111 41.29048527 002.07058062 80
115 41.29070593 002.07045100
120 Linear Feature 81
111 41.29123459 002.07200105 80
111 41.29102340 002.07212655 80
111 41.29098452 002.07212927 80
111 41.29095472 002.07211569 80
111 41.29086637 002.07207541 80
111 41.29086354 002.07204529 80
111 41.29072810 002.07201140 80
111 41.29069412 002.07203162 80
111 41.29061427 002.07207917 80
111 41.29053376 002.07184398 80
111 41.29063674 002.07178235 80
115 41.29076120 002.07140577
120 Linear Feature 80
111 41.29145514 002.07264467 80
111 41.29125039 002.07276604 80
111 41.29119805 002.07276322 80
111 41.29117669 002.07275214 80
111 41.29107141 002.07269756 80
111 41.29095475 002.07263708 80
111 41.29090476 002.07266868 80
111 41.29083177 002.07271456 80
111 41.29074985 002.07247524 80
111 41.29085809 002.07241791 80
111 41.29095472 002.07211569 80
111 41.29097126 002.07206414 80
115 41.29120725 002.07192129
120 Linear Feature 79
111 41.29167274 002.07327968 80
111 41.29145431 002.07341125 80
111 41.29139692 002.07338226 80
111 41.29129287 002.07332975 80
111 41.29117685 002.07327119 80
111 41.29112868 002.07330584 80
111 41.29105100 002.07335500 80
111 41.29096929 002.07311631 80
111 41.29107452 002.07305361 80
111 41.29117669 002.07275214 80
111 41.29118650 002.07272337 80
111 41.29121774 002.07268101 80
115 41.29142522 002.07255736
120 Linear Feature 78
111 41.29164676 002.07320387 80
111 41.29140762 002.07334944 80
111 41.29139692 002.07338226 80
111 41.29129559 002.07369283 80
111 41.29118826 002.07375598 80
111 41.29126902 002.07399190 80
111 41.29135789 002.07393603 80
111 41.29140194 002.07391062 80
111 41.29151932 002.07396646 80
111 41.29167896 002.07404241 80
115 41.29188752 002.07391903
120 Linear Feature 77
111 41.29224841 002.07552884 81
111 41.29183646 002.07511931 81
111 41.29159645 002.07486934 81
111 41.29158637 002.07468377 81
111 41.29151505 002.07460925 81
115 41.29159995 002.07446120
120 Linear Feature 76
111 41.29145842 002.07505917 80
111 41.29146769 002.07516212 80
111 41.29147115 002.07520065 80
111 41.29148766 002.07538463 80
111 41.29156653 002.07551017 80
115 41.29176242 002.07582247
120 Linear Feature 75
111 41.29201061 002.07567252 81
111 41.29185523 002.07522464 81
111 41.29183646 002.07511931 81
111 41.29165359 002.07499172 81
111 41.29163916 002.07495444 81
111 41.29149857 002.07503590 81
115 41.29145842 002.07505917
120 Linear Feature 74
111 41.29183915 002.07445250 80
115 41.29219638 002.07480784
120 Linear Feature 73
111 41.29164074 002.07589600 80
111 41.29148011 002.07542681 80
111 41.29144475 002.07535809 80
111 41.29147115 002.07520065 80
111 41.29149857 002.07503590 80
111 41.29153825 002.07480064 80
111 41.29137586 002.07454216 80
111 41.29153488 002.07436707 80
111 41.29159995 002.07446120 80
111 41.29162683 002.07442073 80
111 41.29167563 002.07448756 80
115 41.29183915 002.07445250
120 Linear Feature 72
111 41.29079964 002.07631222 80
111 41.29078731 002.07626751 80
111 41.29063866 002.07572634 80
111 41.29069618 002.07560570 80
111 41.29068416 002.07553133 80
111 41.29080440 002.07528377 80
111 41.29076517 002.07512082 80
111 41.29074145 002.07502228 80
111 41.29092670 002.07493930 80
111 41.29098907 002.07511187 80
111 41.29115956 002.07509524 80
111 41.29156653 002.07551017 80
115 41.29183176 002.07578058
120 Linear Feature 71
111 41.29050979 002.07646522 80
111 41.29055049 002.07658159 80
111 41.29053338 002.07663863 80
111 41.29041131 002.07670800 80
111 41.29037676 002.07681835 80
111 41.29025157 002.07689177 80
111 41.29032442 002.07711110 80
111 41.29037618 002.07708036 80
111 41.29045597 002.07703297 80
111 41.29055685 002.07708393 80
111 41.29070564 002.07715910 80
111 41.29071265 002.07715593 80
115 41.29105139 002.07700308
120 Linear Feature 70
111 41.29122899 002.07751977 80
111 41.29095539 002.07768756 80
111 41.29092269 002.07766624 80
111 41.29080759 002.07759120 80
111 41.29074903 002.07755303 80
111 41.29061743 002.07762977 80
111 41.29055810 002.07766436 80
111 41.29047949 002.07743395 80
111 41.29066651 002.07731549 80
111 41.29071265 002.07715593 80
111 41.29074431 002.07704643 80
115 41.29101106 002.07688651
120 Linear Feature 70
111 41.29141684 002.07806598 80
111 41.29114792 002.07822657 80
111 41.29110798 002.07820632 80
111 41.29100890 002.07815611 80
111 41.29094666 002.07812457 80
111 41.29082701 002.07820066 80
111 41.29075451 002.07798651 80
111 41.29087534 002.07791277 80
111 41.29092269 002.07766624 80
111 41.29093277 002.07761389 80
115 41.29120366 002.07744671
120 Linear Feature 70
111 41.29158900 002.07856692 80
111 41.29132061 002.07872740 80
111 41.29127747 002.07870553 80
111 41.29118226 002.07865728 80
111 41.29111934 002.07862540 80
111 41.29099970 002.07870149 80
111 41.29092720 002.07848734 80
111 41.29104803 002.07841360 80
111 41.29110798 002.07820632 80
111 41.29112583 002.07814454 80
115 41.29138939 002.07798669
120 Linear Feature 69
111 41.29176039 002.07906508 80
111 41.29149424 002.07922424 80
111 41.29144878 002.07920056 80
111 41.29135520 002.07915180 80
111 41.29129635 002.07912115 80
111 41.29116833 002.07919645 80
111 41.29110043 002.07898936 80
111 41.29122209 002.07891406 80
111 41.29127747 002.07870553 80
111 41.29129210 002.07865049 80
115 41.29156220 002.07848893
120 Linear Feature 68
111 41.29165219 002.07972211 80
111 41.29151638 002.07964836 80
111 41.29145922 002.07961732 80
111 41.29133780 002.07969498 80
111 41.29126472 002.07948004 80
111 41.29139085 002.07940474 80
111 41.29144878 002.07920056 80
111 41.29146452 002.07914509 80
115 41.29173277 002.07898525
120 Linear Feature 67
111 41.29216458 002.08024451 80
111 41.29189081 002.08040918 80
111 41.29185682 002.08039015 80
111 41.29175230 002.08033162 80
111 41.29169551 002.08029982 80
111 41.29157268 002.08037576 80
111 41.29150097 002.08017050 80
111 41.29162868 002.08009336 80
115 41.29169145 002.07981924
120 Linear Feature 66
111 41.29233950 002.08075590 80
111 41.29207073 002.08092026 80
111 41.29203075 002.08089903 80
111 41.29195397 002.08085857 80
111 41.29187132 002.08081502 80
111 41.29174755 002.08088954 80
111 41.29167486 002.08067970 80
111 41.29179863 002.08060910 80
111 41.29185682 002.08039015 80
111 41.29187034 002.08033912 80
115 41.29214136 002.08017661
120 Linear Feature 65
111 41.29253983 002.08134157 80
111 41.29239830 002.08133332 80
111 41.29229285 002.08132712 80
111 41.29224911 002.08142732 80
111 41.29209930 002.08134938 80
111 41.29198830 002.08129163 80
111 41.29190352 002.08133984 80
111 41.29184999 002.08118492 80
111 41.29197229 002.08111301 80
111 41.29203075 002.08089903 80
111 41.29204498 002.08084695 80
115 41.29231526 002.08068502
120 Linear Feature 64
111 41.29239838 002.08186024 80
111 41.29230073 002.08185365 80
111 41.29220891 002.08172424 80
111 41.29219352 002.08170255 80
111 41.29212860 002.08169691 80
111 41.29206338 002.08169125 80
111 41.29206975 002.08145121 80
111 41.29219989 002.08146345 80
111 41.29224911 002.08142732 80
111 41.29239830 002.08133332 80
115 41.29251159 002.08125902
120 Linear Feature 63
111 41.29271066 002.08184103 80
111 41.29260625 002.08181546 80
111 41.29254281 002.08177842 80
111 41.29247077 002.08182745 80
111 41.29242043 002.08182908 80
111 41.29239838 002.08186024 80
115 41.29237538 002.08189272
120 Linear Feature 62
111 41.29207016 002.08204971 80
111 41.29212374 002.08191353 80
111 41.29214409 002.08192567 80
111 41.29223971 002.08198276 80
111 41.29237538 002.08189272 80
111 41.29242193 002.08186182 80
115 41.29272511 002.08188327
120 Linear Feature 61
111 41.29221016 002.08361140 80
111 41.29217263 002.08325422 80
115 41.29206513 002.08318705
120 Linear Feature 60
111 41.29313701 002.08309427 81
111 41.29261771 002.08238660 81
111 41.29250020 002.08237276 81
111 41.29245109 002.08238322 81
111 41.29242227 002.08234285 81
111 41.29237447 002.08227535 81
111 41.29236440 002.08228752 81
115 41.29225639 002.08241936
120 Linear Feature 59
111 41.29290973 002.08242303 81
111 41.29261771 002.08238660 81
111 41.29242227 002.08234285 81
111 41.29238643 002.08233482 81
111 41.29236440 002.08228752 81
111 41.29233556 002.08222559 81
111 41.29221543 002.08234714 81
111 41.29225639 002.08241936 81
111 41.29232222 002.08253540 81
111 41.29231303 002.08273497 81
115 41.29282059 002.08344001
120 Linear Feature 50
111 41.29144552 002.08317125 80
111 41.29143859 002.08312996 80
111 41.29141501 002.08274624 80
111 41.29143564 002.08271879 80
111 41.29146953 002.08277043 80
111 41.29150244 002.08279004 80
115 41.29151608 002.08282560
120 Linear Feature 49
111 41.29119624 002.08244554 80
111 41.29118642 002.08222785 80
111 41.29111520 002.08227034 80
115 41.29108680 002.08240157
120 Linear Feature 48
111 41.29102261 002.08191512 80
111 41.29101047 002.08181917 80
111 41.29098591 002.08174999 80
111 41.29094989 002.08176469
112 41.29094989 002.08176469 41.29094441 002.08176652 80
111 41.29094048 002.08175979 80
111 41.29093106 002.08173038 80
115 41.29088727 002.08194783
120 Linear Feature 47
111 41.29084919 002.08140678 80
111 41.29085810 002.08136385 80
111 41.29082263 002.08126671 80
111 41.29078613 002.08127579
112 41.29078613 002.08127579 41.29077725 002.08127815 80
111 41.29077113 002.08126625 80
111 41.29075816 002.08122585 80
115 41.29071206 002.08143586
120 Linear Feature 46
111 41.29067681 002.08090917 80
111 41.29068890 002.08086907 80
111 41.29066107 002.08079934 80
111 41.29060867 002.08078845 80
111 41.29058903 002.08073452 80
115 41.29053150 002.08093516
120 Linear Feature 45
111 41.29146016 002.08349719 80
111 41.29141107 002.08324906 80
111 41.29144552 002.08317125 80
111 41.29151815 002.08300720 80
111 41.29148670 002.08284176 80
111 41.29151608 002.08282560 80
111 41.29163161 002.08276206 80
111 41.29169905 002.08296954 80
111 41.29172932 002.08295595 80
115 41.29191819 002.08302392
120 Linear Feature 44
111 41.29134363 002.08243247 80
111 41.29143054 002.08238339 80
111 41.29146158 002.08243378 80
115 41.29136431 002.08249391
120 Linear Feature 43
111 41.29063284 002.08250483 80
111 41.29094195 002.08234337 80
111 41.29095917 002.08235029 80
111 41.29108680 002.08240157 80
111 41.29119624 002.08244554 80
111 41.29121818 002.08245435 80
111 41.29132722 002.08238376 80
111 41.29134363 002.08243247 80
111 41.29136431 002.08249391 80
111 41.29140620 002.08261830 80
111 41.29127476 002.08272969 80
111 41.29117928 002.08315877 80
115 41.29101180 002.08328951
120 Linear Feature 41
111 41.29109999 002.08198830 80
111 41.29120169 002.08192415 80
111 41.29117995 002.08186774 80
115 41.29107989 002.08192940
120 Linear Feature 41
111 41.29095976 002.08157356 80
111 41.29106211 002.08151207 80
111 41.29104206 002.08145420 80
115 41.29093960 002.08151391
120 Linear Feature 41
111 41.29078230 002.08105827 80
111 41.29088465 002.08099677 80
111 41.29086460 002.08093891 80
115 41.29076214 002.08099862
120 Linear Feature 40
111 41.29046910 002.08202700 80
111 41.29073553 002.08186773 80
111 41.29077227 002.08188712 80
111 41.29088727 002.08194783 80
111 41.29092714 002.08196888 80
111 41.29102261 002.08191512 80
111 41.29106638 002.08188982 80
111 41.29107989 002.08192940 80
111 41.29109999 002.08198830 80
111 41.29113477 002.08209020 80
111 41.29105729 002.08214779 80
111 41.29100076 002.08218220 80
111 41.29095917 002.08235029 80
111 41.29093661 002.08244158 80
115 41.29066689 002.08260422
120 Linear Feature 40
111 41.29029553 002.08152044 80
111 41.29055051 002.08136564 80
111 41.29059763 002.08138612 80
111 41.29071206 002.08143586 80
111 41.29076376 002.08145833 80
111 41.29084919 002.08140678 80
111 41.29089285 002.08138043 80
111 41.29093960 002.08151391 80
111 41.29095976 002.08157356 80
111 41.29097087 002.08160641 80
111 41.29087845 002.08166143 80
111 41.29080356 002.08177614 80
111 41.29077227 002.08188712 80
111 41.29075820 002.08193702 80
115 41.29049264 002.08209568
120 Linear Feature 40
111 41.29039017 002.08086058 80
111 41.29053150 002.08093516 80
111 41.29058482 002.08096330 80
111 41.29067681 002.08090917 80
111 41.29072276 002.08088213 80
111 41.29076214 002.08099862 80
111 41.29078230 002.08105827 80
111 41.29079341 002.08109111 80
111 41.29066374 002.08116955 80
111 41.29059763 002.08138612 80
111 41.29058074 002.08144149 80
115 41.29032188 002.08159734
120 Linear Feature 90
111 41.29119402 002.07612068 80
115 41.29078731 002.07626751
120 Linear Feature 89
111 41.29141936 002.07602975 81
115 41.29102807 002.07563282
120 Linear Feature 88
111 41.29098907 002.07511187 81
111 41.29089871 002.07502101 81
111 41.29079331 002.07520622 81
111 41.29089025 002.07531133 81
111 41.29090793 002.07552155 81
111 41.29102807 002.07563282 81
111 41.29119402 002.07612068 81
115 41.29120669 002.07615825
120 Linear Feature 87
111 41.29063866 002.07572634 80
111 41.29055077 002.07539831 80
111 41.29060822 002.07530718 80
111 41.29058530 002.07523150 80
115 41.29076517 002.07512082
120 Linear Feature 138
111 41.30675282 002.08370336 22
115 41.30782440 002.08683918
120 Linear Feature 169
111 41.30096936 002.07918953 19
111 41.30091042 002.07915501
111 41.30087447 002.07920130 19
115 41.30088449 002.07928760
120 Linear Feature 168
111 41.30097997 002.07904675 19
111 41.30091455 002.07904596
111 41.30078135 002.07917071 19
115 41.30075188 002.07924524
120 Linear Feature 167
111 41.30096229 002.07890004 19
111 41.30090041 002.07892357
111 41.30070296 002.07907185 19
115 41.30065286 002.07912285
120 Linear Feature 166
111 41.30091740 002.07873986 19
111 41.30085846 002.07877451
111 41.30063105 002.07890854 19
115 41.30057604 002.07894122
120 Linear Feature 165
111 41.30081527 002.07843535 19
111 41.30075529 002.07847357
111 41.30052947 002.07860799 19
115 41.30047257 002.07864286
120 Linear Feature 164
111 41.30070867 002.07812778 19
111 41.30064875 002.07816439
111 41.30042232 002.07830038 19
115 41.30036731 002.07833241
120 Linear Feature 163
111 41.30060435 002.07782548 19
111 41.30054378 002.07786089
111 41.30031784 002.07799546 19
115 41.30026341 002.07803033
120 Linear Feature 162
111 41.30049971 002.07752202 19
111 41.30043831 002.07755667
111 41.30021238 002.07769397 19
115 41.30015933 002.07772404
120 Linear Feature 161
111 41.30043733 002.07736577 19
111 41.30038085 002.07741284
111 41.30017259 002.07752921 19
115 41.30011267 002.07754621
120 Linear Feature 160
111 41.30036857 002.07724286 19
111 41.30032780 002.07731412
111 41.30016277 002.07739127 19
115 41.30010334 002.07738473
120 Linear Feature 159
111 41.30027328 002.07716179 19
111 41.30025462 002.07724874
111 41.30018635 002.07729255 19
115 41.30012790 002.07725332
120 Linear Feature 27
111 41.29209930 002.08134938 80
111 41.29204255 002.08151886 80
111 41.29202350 002.08145961 80
111 41.29198459 002.08148269 80
111 41.29195913 002.08140841 80
111 41.29193148 002.08142548 80
115 41.29190352 002.08133984
120 Linear Feature 24
111 41.29220891 002.08172424 80
115 41.29214409 002.08192567
120 Linear Feature 23
111 41.29212860 002.08169691 80
111 41.29208792 002.08181234 80
111 41.29197933 002.08184659 80
115 41.29198334 002.08207930
120 Linear Feature 21
111 41.29232222 002.08253540 80
111 41.29227700 002.08260149 80
111 41.29218819 002.08250504 80
111 41.29210755 002.08251664 80
111 41.29210047 002.08239234 80
111 41.29202926 002.08240374 80
111 41.29198334 002.08207930 80
111 41.29207016 002.08204971 80
111 41.29214418 002.08202448 80
111 41.29219453 002.08216371 80
115 41.29233556 002.08222559
120 Linear Feature 31
111 41.29157268 002.08037576 80
111 41.29160900 002.08048561 80
111 41.29167859 002.08046221 80
111 41.29169899 002.08052643 80
115 41.29175230 002.08033162
120 Linear Feature 29
111 41.29195397 002.08085857 80
111 41.29189952 002.08099558 80
111 41.29186660 002.08101401 80
111 41.29185902 002.08099086 80
111 41.29179500 002.08102893 80
115 41.29174755 002.08088954
120 Linear Feature 33
111 41.29037618 002.07708036 80
111 41.29041451 002.07719438 80
111 41.29044084 002.07717731 80
111 41.29046631 002.07725158 80
111 41.29050522 002.07722850 80
111 41.29051291 002.07725452 80
115 41.29055685 002.07708393
120 Linear Feature 33
111 41.29061743 002.07762977 80
111 41.29065367 002.07773786 80
111 41.29068000 002.07772079 80
111 41.29070547 002.07779506 80
111 41.29074438 002.07777198 80
111 41.29075207 002.07779800 80
115 41.29080759 002.07759120
120 Linear Feature 33
111 41.29082701 002.07820066 80
111 41.29085703 002.07830082 80
111 41.29088337 002.07828376 80
111 41.29090883 002.07835803 80
111 41.29094774 002.07833495 80
111 41.29095544 002.07836097 80
115 41.29100890 002.07815611
120 Linear Feature 33
111 41.29099970 002.07870149 80
111 41.29102949 002.07880749 80
111 41.29105582 002.07879043 80
111 41.29108129 002.07886470 80
111 41.29112019 002.07884162 80
111 41.29112789 002.07886764 80
115 41.29118226 002.07865728
120 Linear Feature 33
111 41.29116833 002.07919645 80
111 41.29120357 002.07929468 80
111 41.29122990 002.07927761 80
111 41.29125537 002.07935188 80
111 41.29129428 002.07932880 80
111 41.29130197 002.07935482 80
115 41.29135520 002.07915180
120 Linear Feature 33
111 41.29133780 002.07969498 80
111 41.29136768 002.07978379 80
111 41.29139401 002.07976672 80
111 41.29141948 002.07984099 80
111 41.29145839 002.07981791 80
111 41.29146608 002.07984393 80
115 41.29151638 002.07964836
120 Linear Feature 1
111 41.29137586 002.07454216 80
111 41.29136694 002.07469345 80
111 41.29128898 002.07482053 80
111 41.29127690 002.07503206 80
115 41.29146769 002.07516212
120 Linear Feature 7
111 41.31180686 002.10305278 51
111 41.31182539 002.10304169
111 41.31190010 002.10299697 51
111 41.31246761 002.10266136 51
112 41.31243647 002.10256937 41.31241427 002.10252494
111 41.31243647 002.10256937
112 41.31243647 002.10256937 41.31243204 002.10256050
112 41.31242144 002.10254306 41.31241583 002.10253450
111 41.31242144 002.10254306
112 41.31242144 002.10254306 41.31239079 002.10249629 51
112 41.31226678 002.10248874 41.31219169 002.10251814
111 41.31226678 002.10248874
112 41.31226678 002.10248874 41.31210913 002.10255047 51
111 41.31214706 002.10273859 51
115 41.31204185 002.10280189
120 Linear Feature 7
111 41.31136621 002.10176208 51
111 41.31138480 002.10175098
111 41.31145996 002.10170608 51
111 41.31202493 002.10136864 51
112 41.31198093 002.10125210 41.31194856 002.10120118
111 41.31198093 002.10125210
112 41.31198093 002.10125210 41.31197573 002.10124392
112 41.31196364 002.10122864 41.31195731 002.10122128
111 41.31196364 002.10122864
112 41.31196364 002.10122864 41.31193280 002.10119281 51
112 41.31182454 002.10119510 41.31176106 002.10121995
111 41.31182454 002.10119510
112 41.31182454 002.10119510 41.31166689 002.10125683 51
111 41.31170482 002.10144495 51
115 41.31159961 002.10150825
120 Linear Feature 6
111 41.31230754 002.10451963 51
111 41.31232969 002.10450596
111 41.31240464 002.10445971 51
111 41.31304369 002.10407752 51
112 41.31308998 002.10451860 41.31296075 002.10473674 51
111 41.31279328 002.10461003 51
115 41.31268346 002.10467389
120 Linear Feature 8
111 41.31187184 002.10000143 70
111 41.31338638 002.10447833
112 41.31338638 002.10447833 41.31341817 002.10457544 70
112 41.31333931 002.10472181 41.31330004 002.10474049
111 41.31333931 002.10472181 70
115 41.31244548 002.10526008
120 Linear Feature 10
111 41.31197035 002.10125700 51
115 41.31199387 002.10132555
120 Linear Feature 10
111 41.31242106 002.10257616 51
115 41.31244442 002.10264439
120 Linear Feature 10
111 41.31300122 002.10399339 51
115 41.31302371 002.10405857
120 Linear Feature 82
111 41.30991962 002.09405821 19
115 41.30993308 002.09410123
120 Linear Feature 81
111 41.31016201 002.09391658 19
115 41.31017143 002.09395782
120 Linear Feature 80
111 41.31028859 002.09391837 19
115 41.31026704 002.09400084
120 Linear Feature 79
111 41.31050135 002.09402056 19
115 41.31047846 002.09410661
120 Linear Feature 78
111 41.31068583 002.09368353 19
115 41.31066294 002.09376420
120 Linear Feature 77
111 41.31046782 002.09789232 19
115 41.31053569 002.09789662
120 Linear Feature 76
111 41.31049044 002.09772237 19
115 41.31055831 002.09773743
120 Linear Feature 75
111 41.31054377 002.09757393 19
115 41.31059709 002.09760190
120 Linear Feature 74
111 41.31059386 002.09742119 19
115 41.31065203 002.09746852
120 Linear Feature 73
111 41.31066335 002.09727706 19
115 41.31071990 002.09733729
120 Linear Feature 72
111 41.31075707 002.09716519 19
115 41.31080070 002.09723188
120 Linear Feature 71
111 41.31090412 002.09701245 19
115 41.31094936 002.09707699
120 Linear Feature 70
111 41.31113843 002.09740398 19
115 41.31116913 002.09746207
120 Linear Feature 69
111 41.31105117 002.09749003 19
115 41.31109318 002.09755242
120 Linear Feature 68
111 41.31096552 002.09760620 19
115 41.31101723 002.09766429
120 Linear Feature 67
111 41.31089604 002.09772237 19
115 41.31095583 002.09777400
120 Linear Feature 66
111 41.31083787 002.09787081 19
115 41.31091058 002.09790523
120 Linear Feature 65
111 41.31080555 002.09801494 19
115 41.31087342 002.09803861
120 Linear Feature 64
111 41.31079100 002.09816983 19
115 41.31086049 002.09818274
120 Linear Feature 63
111 41.31076192 002.09849037 19
115 41.31083302 002.09849898
120 Linear Feature 62
111 41.31051953 002.09817629 19
115 41.31045166 002.09816983
120 Linear Feature 61
111 41.31050499 002.09846025 19
115 41.31043227 002.09845165
120 Linear Feature 85
111 41.31093129 002.09422082 19
115 41.31090705 002.09430257
120 Linear Feature 84
111 41.31071314 002.09411971 19
115 41.31069213 002.09419716
120 Linear Feature 83
111 41.31089897 002.09377981 19
115 41.31087634 002.09386371
120 Linear Feature 109
111 41.31174033 002.09650596 19
115 41.31168108 002.09647549
120 Linear Feature 108
111 41.31183056 002.09617610 19
115 41.31177265 002.09614741
120 Linear Feature 107
111 41.31151141 002.09593228 19
115 41.31156662 002.09595559
120 Linear Feature 106
111 41.31156662 002.09566696 19
115 41.31161779 002.09568130
120 Linear Feature 105
111 41.31191539 002.09584265 19
115 41.31186287 002.09581755
120 Linear Feature 104
111 41.31200292 002.09551458 19
115 41.31194771 002.09548231
120 Linear Feature 103
111 41.31208910 002.09518292 19
115 41.31203120 002.09515782
120 Linear Feature 102
111 41.31212142 002.09498572 19
115 41.31206352 002.09496958
120 Linear Feature 101
111 41.31211603 002.09478314 19
115 41.31205948 002.09479389
120 Linear Feature 138
111 41.29968959 002.08009163 19
115 41.29963442 002.08004059
120 Linear Feature 137
111 41.29973822 002.08002566 19
115 41.29966153 002.07996715
120 Linear Feature 136
111 41.29980087 002.07988002 19
115 41.29970829 002.07984019
120 Linear Feature 135
111 41.29980274 002.07980036 19
115 41.29972045 002.07976675
120 Linear Feature 160
111 41.30036025 002.07907476 19
115 41.30031087 002.07910314
120 Linear Feature 159
111 41.30025925 002.07876706 19
115 41.30020763 002.07879544
120 Linear Feature 158
111 41.30015264 002.07846085 19
115 41.30010327 002.07849073
120 Linear Feature 157
111 41.30005165 002.07815465 19
115 41.30001013 002.07817705
120 Linear Feature 156
111 41.29994729 002.07785143 19
115 41.29989567 002.07787831
120 Linear Feature 155
111 41.29987996 002.07770206 19
115 41.29983395 002.07774687
120 Linear Feature 154
111 41.29978906 002.07757510 19
115 41.29975540 002.07763186
120 Linear Feature 153
111 41.29967797 002.07750788 19
115 41.29967685 002.07758256
120 Linear Feature 152
111 41.29961176 002.07762887 19
115 41.29957136 002.07758256
120 Linear Feature 151
111 41.29958707 002.07773343 19
115 41.29953882 002.07773044
120 Linear Feature 150
111 41.29959717 002.07789176 19
115 41.29954667 002.07790072
120 Linear Feature 149
111 41.29963084 002.07803366 19
115 41.29958932 002.07806502
120 Linear Feature 148
111 41.29973632 002.07834584 19
115 41.29969592 002.07837123
120 Linear Feature 147
111 41.29984293 002.07865204 19
115 41.29980028 002.07867893
120 Linear Feature 146
111 41.29994953 002.07895078 19
115 41.29990352 002.07898215
120 Linear Feature 230
111 41.29890449 002.07525756 19
111 41.29886409 002.07520976
111 41.29880349 002.07524710 19
115 41.29880012 002.07533224
120 Linear Feature 229
111 41.29894825 002.07510072 19
111 41.29888204 002.07510072
111 41.29872382 002.07520528 19
115 41.29868679 002.07526503
120 Linear Feature 232
111 41.30427972 002.08972912 51 101
112 41.30415008 002.08962995 41.30411371 002.08958672 51 101
115 41.30407223 002.08950467
120 Linear Feature 63
111 41.29579409 002.06556776 19
115 41.29574112 002.06560224
120 Linear Feature 62
111 41.29590284 002.06587227 19
115 41.29585064 002.06590530
120 Linear Feature 61
111 41.29600739 002.06618159 19
115 41.29595496 002.06621370
120 Linear Feature 60
111 41.29611039 002.06649222 19
115 41.29606121 002.06652063
120 Linear Feature 59
111 41.29621293 002.06680409 19
115 41.29616282 002.06683311
120 Linear Feature 58
111 41.29629691 002.06708199 19
115 41.29624634 002.06710978
120 Linear Feature 57
111 41.29634238 002.06725305 19
115 41.29628949 002.06727220
120 Linear Feature 56
111 41.29638182 002.06742720 19
115 41.29633217 002.06744079
120 Linear Feature 55
111 41.29641151 002.06760383 19
115 41.29635769 002.06759950
120 Linear Feature 54
111 41.29634773 002.06771775 19
115 41.29640118 002.06773732
120 Linear Feature 53
111 41.29631900 002.06774799 19
115 41.29631432 002.06782892
120 Linear Feature 52
111 41.29621878 002.06770975 19
115 41.29618604 002.06778445
120 Linear Feature 51
111 41.29612591 002.06761726 19
115 41.29608248 002.06767774
120 Linear Feature 50
111 41.29604039 002.06749365 19
115 41.29598827 002.06754701
120 Linear Feature 49
111 41.29597224 002.06736293 19
115 41.29591478 002.06740473
120 Linear Feature 48
111 41.29591144 002.06722154 19
115 41.29585665 002.06725800
120 Linear Feature 47
111 41.29583594 002.06700011 19
115 41.29577715 002.06703301
120 Linear Feature 46
111 41.29572436 002.06666841 19
115 41.29566423 002.06670665
120 Linear Feature 211
111 41.29167468 002.06896369 19
115 41.29163988 002.06901680
120 Linear Feature 210
111 41.29173638 002.06907917 19
115 41.29169416 002.06911807
120 Linear Feature 209
111 41.29178742 002.06919526 19
115 41.29173917 002.06922799
120 Linear Feature 208
111 41.29186286 002.06941497 19
115 41.29181832 002.06944165
120 Linear Feature 207
111 41.29193636 002.06963135 19
115 41.29189293 002.06965654
120 Linear Feature 206
111 41.29201208 002.06984773 19
115 41.29197032 002.06987292
120 Linear Feature 205
111 41.29205272 002.06997815 19
115 41.29200094 002.06999371
120 Linear Feature 204
111 41.29207444 002.07011672 19
115 41.29202266 002.07012117
120 Linear Feature 203
111 41.29207500 002.07027011 19
115 41.29202767 002.07025899
120 Linear Feature 202
111 41.29197311 002.07028419 19
115 41.29194638 002.07033606
120 Linear Feature 201
111 41.29190852 002.07019008 19
115 41.29187122 002.07024862
120 Linear Feature 200
111 41.29185451 002.07008263 19
115 41.29180719 002.07014191
120 Linear Feature 199
111 41.29180607 002.06996777 19
115 41.29175095 002.07000408
120 Linear Feature 198
111 41.29173202 002.06975806 19
115 41.29167579 002.06979141
120 Linear Feature 197
111 41.29165018 002.06953502 19
115 41.29160062 002.06956688
120 Linear Feature 196
111 41.29157223 002.06932086 19
115 41.29152323 002.06935051
120 Linear Feature 195
111 41.29154027 002.06920734 19
115 41.29148896 002.06922761
120 Linear Feature 194
111 41.29151942 002.06909210 19
115 41.29146651 002.06909743
120 Linear Feature 193
111 41.29151221 002.06897579 19
115 41.29146330 002.06896512
120 Linear Feature 192
111 41.29158276 002.06886375 19
115 41.29155791 002.06891923
120 Linear Feature 328
111 41.29450231 002.07721832 19
115 41.29445805 002.07728107
120 Linear Feature 327
111 41.29441379 002.07715814 19
115 41.29441476 002.07723113
120 Linear Feature 326
111 41.29432336 002.07733485 19
115 41.29427621 002.07731820
120 Linear Feature 325
111 41.29432240 002.07744754 19
115 41.29426563 002.07745522
120 Linear Feature 324
111 41.29438782 002.07771901 19
115 41.29434356 002.07776895
120 Linear Feature 323
111 41.29446575 002.07782913 19
115 41.29443111 002.07789444
120 Linear Feature 322
111 41.29454464 002.07788804 19
115 41.29453694 002.07796871
120 Linear Feature 321
111 41.29464759 002.07790597 19
115 41.29459948 002.07785859
120 Linear Feature 320
111 41.29467452 002.07774590 19
115 41.29461199 002.07774718
120 Linear Feature 319
111 41.29465143 002.07757943 19
115 41.29459852 002.07759480
120 Linear Feature 318
111 41.29456966 002.07732461 19
115 41.29451866 002.07736430
120 Linear Feature 317
111 41.29396303 002.07567654 19
115 41.29391877 002.07574057
120 Linear Feature 316
111 41.29385239 002.07560483 19
115 41.29385143 002.07569191
120 Linear Feature 315
111 41.29380044 002.07572392 19
115 41.29374656 002.07567270
120 Linear Feature 314
111 41.29378216 002.07583020 19
115 41.29372443 002.07583149
120 Linear Feature 313
111 41.29380236 002.07599155 19
115 41.29374559 002.07600179
120 Linear Feature 312
111 41.29387836 002.07624765 19
115 41.29382834 002.07627711
120 Linear Feature 311
111 41.29398901 002.07648583 19
115 41.29394186 002.07654601
120 Linear Feature 310
111 41.29406213 002.07656010 19
115 41.29403038 002.07662669
120 Linear Feature 309
111 41.29412947 002.07658571 19
115 41.29413621 002.07666510
120 Linear Feature 308
111 41.29422280 002.07658443 19
115 41.29418047 002.07654345
120 Linear Feature 307
111 41.29424204 002.07645254 19
115 41.29418528 002.07645382
120 Linear Feature 306
111 41.29423146 002.07631296 19
115 41.29417373 002.07633729
120 Linear Feature 305
111 41.29415353 002.07607222 19
115 41.29409484 002.07611064
120 Linear Feature 304
111 41.29405251 002.07579691 19
115 41.29399574 002.07585582
120 Linear Feature 303
111 41.29283873 002.07418131 19
115 41.29280265 002.07422826
120 Linear Feature 302
111 41.29290367 002.07428481 19
115 41.29286038 002.07432643
120 Linear Feature 301
111 41.29295979 002.07441500 19
115 41.29291089 002.07444167
120 Linear Feature 300
111 41.29304478 002.07467963 19
115 41.29299748 002.07470951
120 Linear Feature 299
111 41.29313377 002.07494107 19
115 41.29307845 002.07497735
120 Linear Feature 298
111 41.29316183 002.07508192 19
115 41.29310090 002.07509793
120 Linear Feature 297
111 41.29317306 002.07521531 19
115 41.29311213 002.07521317
120 Linear Feature 296
111 41.29316504 002.07534122 19
115 41.29311533 002.07531134
120 Linear Feature 295
111 41.29310812 002.07532629 19
115 41.29308888 002.07538604
120 Linear Feature 294
111 41.29304318 002.07527507 19
115 41.29301191 002.07531668
120 Linear Feature 293
111 41.29297984 002.07517262 19
115 41.29294296 002.07521744
120 Linear Feature 292
111 41.29292933 002.07507339 19
115 41.29288122 002.07509899
120 Linear Feature 291
111 41.29283712 002.07480875 19
115 41.29279543 002.07483436
120 Linear Feature 290
111 41.29275134 002.07454625 19
115 41.29270403 002.07457186
120 Linear Feature 289
111 41.29271927 002.07442353 19
115 41.29267036 002.07443634
120 Linear Feature 288
111 41.29270003 002.07429975 19
115 41.29264871 002.07430402
120 Linear Feature 287
111 41.29270163 002.07418984 19
115 41.29264150 002.07417490
120 Linear Feature 286
111 41.29276176 002.07410127 19
115 41.29272087 002.07416210
120 Linear Feature 285
111 41.29322565 002.07398589 19
115 41.29316552 002.07399834
120 Linear Feature 284
111 41.29324302 002.07410327 19
115 41.29318690 002.07412639
120 Linear Feature 283
111 41.29326975 002.07423399 19
115 41.29322097 002.07426511
120 Linear Feature 282
111 41.29335727 002.07449542 19
115 41.29331117 002.07452477
120 Linear Feature 281
111 41.29344880 002.07475864 19
115 41.29340070 002.07479065
120 Linear Feature 280
111 41.29350092 002.07487602 19
115 41.29345482 002.07492048
120 Linear Feature 279
111 41.29355504 002.07496672 19
115 41.29351695 002.07502364
120 Linear Feature 278
111 41.29362452 002.07505120 19
115 41.29359245 002.07510989
120 Linear Feature 277
111 41.29371271 002.07505476 19
115 41.29364924 002.07504320
120 Linear Feature 276
111 41.29371672 002.07490359 19
115 41.29365258 002.07490803
120 Linear Feature 275
111 41.29369869 002.07476131 19
115 41.29363120 002.07477909
120 Linear Feature 274
111 41.29366461 002.07462170 19
115 41.29360181 002.07465905
120 Linear Feature 273
111 41.29356974 002.07435759 19
115 41.29351896 002.07438872
120 Linear Feature 272
111 41.29347286 002.07409527 19
115 41.29343143 002.07412461
120 Linear Feature 271
111 41.29342074 002.07397077 19
115 41.29337464 002.07401435
120 Linear Feature 270
111 41.29335059 002.07386051 19
115 41.29331251 002.07391564
120 Linear Feature 269
111 41.29321630 002.07387829 19
115 41.29315951 002.07387029
120 Linear Feature 268
111 41.29326440 002.07376536 19
115 41.29323100 002.07383027
120 Linear Feature 457
111 41.28762873 002.08338218 19
115 41.28750688 002.08343958
120 Linear Feature 456
111 41.28756995 002.08305035 19
115 41.28743655 002.08310859
120 Linear Feature 455
111 41.28747703 002.08287734 19
115 41.28757581 002.08300446
120 Linear Feature 454
111 41.28764010 002.08279351 19
115 41.28762085 002.08296423
120 Linear Feature 454
111 41.28804721 002.08289975 19
115 41.28802796 002.08307047
120 Linear Feature 453
111 41.28832141 002.08296697 19
115 41.28829014 002.08313022
120 Linear Feature 452
111 41.28857155 002.08307473 19
115 41.28852906 002.08323799
120 Linear Feature 451
111 41.28881689 002.08318891 19
115 41.28878402 002.08335216
120 Linear Feature 450
111 41.28908548 002.08331268 19
115 41.28904619 002.08347167
120 Linear Feature 449
111 41.28933803 002.08342472 19
115 41.28929554 002.08358584
120 Linear Feature 448
111 41.28959138 002.08354103 19
115 41.28955050 002.08370215
120 Linear Feature 447
111 41.28980866 002.08364133 19
115 41.28976617 002.08380458
120 Linear Feature 446
111 41.29006041 002.08375657 19
115 41.29001952 002.08391449
120 Linear Feature 445
111 41.29031537 002.08386967 19
115 41.29027368 002.08403186
120 Linear Feature 444
111 41.29057113 002.08399025 19
115 41.29053024 002.08414924
120 Linear Feature 443
111 41.29082769 002.08410869 19
115 41.29078439 002.08426981
120 Linear Feature 442
111 41.29108345 002.08422073 19
115 41.29104256 002.08438612
120 Linear Feature 441
111 41.29161536 002.08467743 19
115 41.29171237 002.08480548
120 Linear Feature 440
111 41.29155683 002.08470517 19
115 41.29161055 002.08486523
120 Linear Feature 439
111 41.29131070 002.08485670 19
115 41.29136521 002.08500928
120 Linear Feature 438
111 41.29700834 002.08593239 19
115 41.29687805 002.08597952
120 Linear Feature 437
111 41.29694286 002.08564693 19
115 41.29681324 002.08569317
120 Linear Feature 436
111 41.29687805 002.08535879 19
115 41.29675245 002.08540593
120 Linear Feature 435
111 41.29675979 002.08524230 19
115 41.29688340 002.08530544
120 Linear Feature 434
111 41.29683062 002.08511691 19
115 41.29690478 002.08527342
120 Linear Feature 433
111 41.29692816 002.08505110 19
115 41.29698094 002.08521473
120 Linear Feature 432
111 41.29703172 002.08500486 19
115 41.29707114 002.08517293
120 Linear Feature 431
111 41.29716201 002.08502620 19
115 41.29716468 002.08513647
120 Linear Feature 430
111 41.29725020 002.08514536 19
115 41.29721479 002.08516671
120 Linear Feature 429
111 41.29727759 002.08521829 19
115 41.29723951 002.08524141
120 Linear Feature 428
111 41.29738783 002.08554110 19
115 41.29735242 002.08556422
120 Linear Feature 427
111 41.29660358 002.08614750 19
115 41.29649294 002.08624248
120 Linear Feature 426
111 41.29648492 002.08589352 19
115 41.29637508 002.08598636
120 Linear Feature 425
111 41.29636305 002.08564274 19
115 41.29625000 002.08573558
120 Linear Feature 424
111 41.29626444 002.08554563 19
115 41.29621954 002.08570677
120 Linear Feature 423
111 41.29614097 002.08553283 19
115 41.29618186 002.08570464
120 Linear Feature 422
111 41.29592690 002.08562247 19
115 41.29596618 002.08579214
120 Linear Feature 421
111 41.29571123 002.08570997 19
115 41.29574891 002.08587538
120 Linear Feature 420
111 41.29551553 002.08518821 19
115 41.29558826 002.08534342
120 Linear Feature 419
111 41.29570487 002.08503301 19
115 41.29577414 002.08518360
120 Linear Feature 418
111 41.29596835 002.08501725 19
115 41.29589677 002.08487434
120 Linear Feature 417
111 41.29603993 002.08489125 19
115 41.29592217 002.08483132
120 Linear Feature 416
111 41.29604570 002.08473450 19
115 41.29591986 002.08477600
120 Linear Feature 415
111 41.29596373 002.08434573 19
115 41.29583558 002.08439029
120 Linear Feature 414
111 41.29591640 002.08415518 19
115 41.29579286 002.08420282
120 Linear Feature 413
111 41.29586560 002.08392622 19
115 41.29574553 002.08399998
120 Linear Feature 412
111 41.29571897 002.08360813 19
115 41.29560121 002.08369572
120 Linear Feature 411
111 41.29553656 002.08323626 19
115 41.29542803 002.08333000
120 Linear Feature 410
111 41.29544997 002.08312562 19
115 41.29540032 002.08328390
120 Linear Feature 409
111 41.29529295 002.08313023 19
115 41.29533567 002.08329619
120 Linear Feature 408
111 41.29495583 002.08325470 19
115 41.29499047 002.08343141
120 Linear Feature 407
111 41.29466143 002.08338070 19
115 41.29471454 002.08354666
120 Linear Feature 406
111 41.29441667 002.08352668 19
115 41.29447440 002.08369110
120 Linear Feature 405
111 41.29416614 002.08367113 19
115 41.29422617 002.08383555
120 Linear Feature 404
111 41.29392022 002.08381865 19
115 41.29398026 002.08398767
120 Linear Feature 403
111 41.29367546 002.08397077 19
115 41.29373204 002.08413365
120 Linear Feature 402
111 41.29343417 002.08411982 19
115 41.29348959 002.08428270
120 Linear Feature 401
111 41.29318479 002.08426887 19
115 41.29324021 002.08443175
120 Linear Feature 400
111 41.29293772 002.08441485 19
115 41.29298737 002.08455161
120 Linear Feature 399
111 41.29269181 002.08456851 19
115 41.29274953 002.08472831
120 Linear Feature 398
111 41.29244936 002.08471602 19
115 41.29250247 002.08486968
120 Linear Feature 397
111 41.29219536 002.08486815 19
115 41.29225655 002.08501873
120 Linear Feature 396
111 41.29195638 002.08501105 19
115 41.29200949 002.08516470
120 Linear Feature 395
111 41.29170815 002.08516009 19
115 41.29176473 002.08531221
120 Linear Feature 394
111 41.29145982 002.08530529 19
115 41.29151596 002.08546337
120 Linear Feature 267
111 41.29169668 002.07125793 19
115 41.29162477 002.07124866
120 Linear Feature 266
111 41.29175700 002.07115851 19
115 41.29171246 002.07123137
120 Linear Feature 265
111 41.29182752 002.07124558 19
115 41.29179551 002.07129127
120 Linear Feature 264
111 41.29188970 002.07135364 19
115 41.29185397 002.07138637
120 Linear Feature 263
111 41.29197507 002.07156421 19
115 41.29193563 002.07158768
120 Linear Feature 262
111 41.29205209 002.07178467 19
115 41.29201358 002.07180875
120 Linear Feature 261
111 41.29212679 002.07200080 19
115 41.29208828 002.07202674
120 Linear Feature 260
111 41.29220195 002.07221508 19
115 41.29216066 002.07224101
120 Linear Feature 259
111 41.29227944 002.07242936 19
115 41.29223443 002.07245715
120 Linear Feature 258
111 41.29234950 002.07264734 19
115 41.29230820 002.07267328
120 Linear Feature 257
111 41.29242652 002.07286347 19
115 41.29238290 002.07289126
120 Linear Feature 256
111 41.29249936 002.07307528 19
115 41.29245343 002.07310492
120 Linear Feature 255
111 41.29253741 002.07322225 19
115 41.29248359 002.07324572
120 Linear Feature 254
111 41.29255922 002.07335626 19
115 41.29250215 002.07336428
120 Linear Feature 253
111 41.29256014 002.07348841 19
115 41.29250029 002.07347853
120 Linear Feature 252
111 41.29246225 002.07349643 19
115 41.29242791 002.07355942
120 Linear Feature 251
111 41.29239924 002.07341835 19
115 41.29236049 002.07346726
120 Linear Feature 250
111 41.29234712 002.07332587 19
115 41.29230236 002.07336322
120 Linear Feature 249
111 41.29229437 002.07319856 19
115 41.29224240 002.07323067
120 Linear Feature 248
111 41.29221781 002.07298366 19
115 41.29216724 002.07301578
120 Linear Feature 247
111 41.29214404 002.07276506 19
115 41.29209161 002.07279717
120 Linear Feature 246
111 41.29207019 002.07254769 19
115 41.29202112 002.07257843
120 Linear Feature 245
111 41.29199706 002.07233513 19
115 41.29194607 002.07236458
120 Linear Feature 244
111 41.29192202 002.07211617 19
115 41.29187199 002.07214946
120 Linear Feature 243
111 41.29184601 002.07190105 19
115 41.29179599 002.07193306
120 Linear Feature 242
111 41.29177290 002.07168721 19
115 41.29171902 002.07172178
120 Linear Feature 241
111 41.29171517 002.07148618 19
115 41.29165162 002.07151125
120 Linear Feature 240
111 41.29169977 002.07137862 19
115 41.29162985 002.07138118
120 Linear Feature 239
111 41.29235069 002.07091636 19
115 41.29231127 002.07097238
120 Linear Feature 238
111 41.29225648 002.07082566 19
115 41.29222374 002.07089324
120 Linear Feature 237
111 41.29220771 002.07095015 19
115 41.29215025 002.07094659
120 Linear Feature 236
111 41.29220771 002.07106753 19
115 41.29215760 002.07107286
120 Linear Feature 235
111 41.29222976 002.07118313 19
115 41.29218299 002.07120091
120 Linear Feature 234
111 41.29228989 002.07139120 19
115 41.29224980 002.07141788
120 Linear Feature 233
111 41.29236338 002.07160729 19
115 41.29232463 002.07163307
120 Linear Feature 232
111 41.29243687 002.07182159 19
115 41.29239545 002.07184649
120 Linear Feature 231
111 41.29251037 002.07203678 19
115 41.29247095 002.07206168
120 Linear Feature 230
111 41.29258520 002.07225643 19
115 41.29254311 002.07228132
120 Linear Feature 229
111 41.29265869 002.07247162 19
115 41.29261526 002.07249919
120 Linear Feature 228
111 41.29273285 002.07268859 19
115 41.29268742 002.07271616
120 Linear Feature 227
111 41.29280902 002.07290112 19
115 41.29276158 002.07293402
120 Linear Feature 226
111 41.29286648 002.07303006 19
115 41.29282305 002.07306830
120 Linear Feature 225
111 41.29292127 002.07312521 19
115 41.29288252 002.07317056
120 Linear Feature 224
111 41.29299142 002.07320168 19
115 41.29295534 002.07325859
120 Linear Feature 223
111 41.29307627 002.07320702 19
115 41.29302015 002.07319635
120 Linear Feature 222
111 41.29307961 002.07305763 19
115 41.29301748 002.07305941
120 Linear Feature 221
111 41.29305957 002.07291446 19
115 41.29300144 002.07293580
120 Linear Feature 220
111 41.29302550 002.07278107 19
115 41.29297138 002.07281309
120 Linear Feature 219
111 41.29295200 002.07256410 19
115 41.29290323 002.07259522
120 Linear Feature 218
111 41.29287851 002.07234535 19
115 41.29282706 002.07237736
120 Linear Feature 217
111 41.29280501 002.07212482 19
115 41.29275156 002.07215861
120 Linear Feature 216
111 41.29272818 002.07190784 19
115 41.29267606 002.07194075
120 Linear Feature 215
111 41.29265402 002.07169265 19
115 41.29260391 002.07172377
120 Linear Feature 214
111 41.29257985 002.07147479 19
115 41.29252774 002.07150769
120 Linear Feature 213
111 41.29250569 002.07125959 19
115 41.29245291 002.07128894
120 Linear Feature 212
111 41.29241483 002.07103106 19
115 41.29237006 002.07107552
120 Linear Feature 31
111 41.30269806 002.08397909 2
115 41.30291803 002.08385384
120 Linear Feature 30
111 41.30231785 002.08202917 2
115 41.30207563 002.08217557
120 Linear Feature 29
111 41.30199944 002.08115844 2
115 41.30178049 002.08128741
120 Linear Feature 28
111 41.30148296 002.07978504 2
115 41.30133691 002.07987222
120 Linear Feature 27
111 41.30060313 002.07711553 2
115 41.30039175 002.07724388
120 Linear Feature 26
111 41.30099215 002.07902190 2
115 41.30119877 002.07889673
120 Linear Feature 25
111 41.30026718 002.07626048 2
115 41.30008902 002.07636749
120 Linear Feature 24
111 41.29982025 002.07559734 2
115 41.29999986 002.07548764
120 Linear Feature 23
111 41.29864823 002.07214863 2
115 41.29886456 002.07201758
120 Linear Feature 18
111 41.30073939 002.06862804 20
111 41.30079038 002.06877882 20
111 41.30083353 002.06875297 20
111 41.30084299 002.06878094 20
111 41.30073434 002.06884603 20
113 41.30067389 002.06866728 20
120 Linear Feature 20
112 41.29338773 002.06389611 41.29342255 002.06390374 106
112 41.29344041 002.06399386 41.29343468 002.06404022 106
112 41.29336699 002.06406399 41.29333217 002.06405637 106
114 41.29331431 002.06396624 41.29332004 002.06391988 106
120 Linear Feature 20
112 41.30785900 002.09553756 41.30789383 002.09554518 106
112 41.30791168 002.09563530 41.30790596 002.09568166 106
112 41.30783826 002.09570544 41.30780344 002.09569781 106
114 41.30778558 002.09560769 41.30779131 002.09556133 106
120 Linear Feature 20
112 41.31116318 002.09871328 41.31119800 002.09872091 106
112 41.31121586 002.09881103 41.31121013 002.09885739 106
112 41.31114243 002.09888116 41.31110761 002.09887353 106
114 41.31108975 002.09878341 41.31109548 002.09873705 106
120 Linear Feature 14
112 41.28495051 002.07451562 41.28489685 002.07436902 53
112 41.28462908 002.07430900 41.28447713 002.07439181
111 41.28462908 002.07430900
112 41.28462908 002.07430900 41.28447713 002.07439181 53
112 41.28454040 002.07475522 41.28460962 002.07496335 53
114 41.28484671 002.07494737 41.28496489 002.07486233 53
120 Linear Feature 16
111 41.28561035 002.07293085 52
111 41.28499066 002.07360106
112 41.28499066 002.07360106 41.28497777 002.07361546 52 101
112 41.28494295 002.07369959 41.28493510 002.07373405
111 41.28494295 002.07369959
112 41.28494295 002.07369959 41.28493715 002.07372505 101
112 41.28493016 002.07377465 41.28492658 002.07380204
111 41.28493016 002.07377465
112 41.28493016 002.07377465 41.28492144 002.07384145 52 101
115 41.28492754 002.07390047
120 Linear Feature 17
111 41.28586592 002.07305651 51
115 41.28523326 002.07343600
120 Linear Feature 19
111 41.28494397 002.07394841 52 101
112 41.28498692 002.07398018 41.28501640 002.07399444
111 41.28498692 002.07398018
112 41.28498692 002.07398018 41.28500089 002.07398693 101
112 41.28503936 002.07399636 41.28506040 002.07399968
111 41.28503936 002.07399636
112 41.28503936 002.07399636 41.28505038 002.07399809 52 101
111 41.28511546 002.07400870
112 41.28511546 002.07400870 41.28514747 002.07401158 52 101
115 41.28521892 002.07397355
120 Linear Feature 18
111 41.28592459 002.07319626 52
111 41.28521892 002.07397355 52 101
111 41.28513444 002.07406567
112 41.28513444 002.07406567 41.28511397 002.07409140 52 101
112 41.28508468 002.07414907 41.28507555 002.07418225
111 41.28508468 002.07414907
112 41.28508468 002.07414907 41.28507889 002.07417012 101
112 41.28507233 002.07421243 41.28506971 002.07423320
111 41.28507233 002.07421243
112 41.28507233 002.07421243 41.28506319 002.07428482 52 101
115 41.28506873 002.07431243
120 Linear Feature 9
111 41.28463891 002.07383783 56 103
115 41.28473752 002.07412668
120 Linear Feature 9
111 41.28504283 002.07501728 56 103
115 41.28514144 002.07530613
120 Linear Feature 8
111 41.28510214 002.07515481 51 101
111 41.28489499 002.07527685 51 101
115 41.28482498 002.07531809
120 Linear Feature 7
111 41.28446535 002.07514446 51 101
112 41.28482498 002.07531809 41.28504503 002.07521538
111 41.28482498 002.07531809
112 41.28482498 002.07531809 41.28461267 002.07548038 51 101
115 41.28466480 002.07572487
120 Linear Feature 6
111 41.28520822 002.07471941 51 101
112 41.28510214 002.07515481 41.28491822 002.07526701
111 41.28510214 002.07515481
112 41.28510214 002.07515481 41.28528810 002.07504777 51 101
115 41.28539167 002.07525465
120 Linear Feature 5
111 41.28548895 002.07728298 51 101
112 41.28536940 002.07748717 41.28533173 002.07762841 51 101
115 41.28536701 002.07777664
120 Linear Feature 21
111 41.28625461 002.07777242 52 101
112 41.28630692 002.07782557 41.28634169 002.07785010
111 41.28630692 002.07782557
112 41.28630692 002.07782557 41.28632142 002.07783580 101
112 41.28635691 002.07785323 41.28637555 002.07786075
111 41.28635691 002.07785323
112 41.28635691 002.07785323 41.28640088 002.07787099 52 101
112 41.28653714 002.07783153 41.28659374 002.07779594
111 41.28653714 002.07783153
112 41.28653714 002.07783153 41.28648696 002.07788555 52 101
112 41.28641061 002.07800142 41.28639118 002.07805155
111 41.28641061 002.07800142
112 41.28641061 002.07800142 41.28640205 002.07802349 101
112 41.28639120 002.07806254 41.28638660 002.07808093
111 41.28639120 002.07806254
112 41.28639120 002.07806254 41.28637906 002.07811114 52 101
115 41.28638132 002.07814210
120 Linear Feature 20
111 41.28726627 002.07706396 52
115 41.28653714 002.07783153
120 Linear Feature 19
112 41.28669261 002.07828808 41.28664778 002.07832810 52 101
112 41.28651183 002.07830722 41.28646549 002.07827933
111 41.28651183 002.07830722
112 41.28651183 002.07830722 41.28649689 002.07829823 101
112 41.28646969 002.07827683 41.28645670 002.07826599
111 41.28646969 002.07827683
112 41.28646969 002.07827683 41.28642863 002.07824254 52 101
115 41.28640246 002.07820380
120 Linear Feature 18
111 41.28747840 002.07746265 52
111 41.28669261 002.07828808
112 41.28669261 002.07828808 41.28665038 002.07834018 52 101
112 41.28657125 002.07845691 41.28655488 002.07850265
111 41.28657125 002.07845691
112 41.28657125 002.07845691 41.28656335 002.07847898 101
112 41.28655394 002.07851888 41.28655008 002.07853795
111 41.28655394 002.07851888
112 41.28655394 002.07851888 41.28654000 002.07858780 52 101
115 41.28654960 002.07863310
120 Linear Feature 17
111 41.28664578 002.07891372 51 101
112 41.28670118 002.07895762 41.28673538 002.07897903
111 41.28670118 002.07895762
112 41.28670118 002.07895762 41.28671429 002.07896582 101
112 41.28674542 002.07898062 41.28676164 002.07898733
111 41.28674542 002.07898062
112 41.28674542 002.07898062 41.28678053 002.07899515 51 101
112 41.28686355 002.07899165 41.28690541 002.07898013
111 41.28686355 002.07899165
112 41.28686355 002.07899165 41.28695783 002.07896571 51 101
112 41.28702485 002.07883204 41.28705744 002.07877450
111 41.28702485 002.07883204
112 41.28702485 002.07883204 41.28703086 002.07882142 101
112 41.28704306 002.07880253 41.28704931 002.07879361
111 41.28704306 002.07880253
112 41.28704306 002.07880253 41.28704218 002.07881407 101
112 41.28704147 002.07883579 41.28704126 002.07884642
111 41.28704147 002.07883579
112 41.28704147 002.07883579 41.28703963 002.07892996 51 101
115 41.28706150 002.07898703
120 Linear Feature 16
111 41.28767519 002.07735137 51
115 41.28705789 002.07876048
120 Linear Feature 29
111 41.28487772 002.07366277 51 101
111 41.28485157 002.07367897
112 41.28485157 002.07367897 41.28484865 002.07372417 51 101
116 41.28469507 002.07397000 41.28456866 002.07402973
120 Linear Feature 28
112 41.28491538 002.07377393 41.28488534 002.07383923 52 101
112 41.28469507 002.07397000 41.28456314 002.07403101
111 41.28469507 002.07397000
112 41.28469507 002.07397000 41.28490563 002.07388889 52 101
115 41.28494397 002.07394841
120 Linear Feature 27
111 41.28469507 002.07397000 51 101
115 41.28445382 002.07411384
120 Linear Feature 26
112 41.28409381 002.07400236 41.28415556 002.07408330 51 101
112 41.28445382 002.07411384 41.28462905 002.07403378
111 41.28445382 002.07411384
112 41.28445382 002.07411384 41.28421489 002.07424288 51 101
115 41.28428540 002.07462076
120 Linear Feature 25
111 41.28481416 002.07356966 51 101
112 41.28469507 002.07397000 41.28452212 002.07407357
111 41.28469507 002.07397000
112 41.28469507 002.07397000 41.28487504 002.07388039 51 101
115 41.28500388 002.07412320
120 Linear Feature 24
111 41.28622782 002.07409356 51
115 41.28558365 002.07448165
120 Linear Feature 24
112 41.28523230 002.07469630 41.28514452 002.07475667 51 101
112 41.28504989 002.07496348 41.28501867 002.07510431
111 41.28504989 002.07496348
112 41.28504989 002.07496348 41.28499679 002.07520481 51 101
115 41.28489499 002.07527685
120 Linear Feature 23
111 41.28609035 002.07729307 52 101
112 41.28615265 002.07738203 41.28619170 002.07742014
111 41.28615265 002.07738203
112 41.28615265 002.07738203 41.28616520 002.07739428 101
112 41.28619666 002.07741498 41.28621198 002.07742412
111 41.28619666 002.07741498
112 41.28619666 002.07741498 41.28623680 002.07743893 52 101
116 41.28634080 002.07741338 41.28639229 002.07737343
120 Linear Feature 23
111 41.28590808 002.07676130 52 101
112 41.28597213 002.07684977 41.28601119 002.07688788
111 41.28597213 002.07684977
112 41.28597213 002.07684977 41.28598469 002.07686202 101
112 41.28601614 002.07688271 41.28603147 002.07689185
111 41.28601614 002.07688271
112 41.28601614 002.07688271 41.28605629 002.07690666 52 101
116 41.28616029 002.07688111 41.28621178 002.07684116
120 Linear Feature 23
111 41.28566558 002.07605381 52 101
112 41.28573004 002.07614071 41.28576910 002.07617882
111 41.28573004 002.07614071
112 41.28573004 002.07614071 41.28574259 002.07615296 101
112 41.28577405 002.07617365 41.28578937 002.07618279
111 41.28577405 002.07617365
112 41.28577405 002.07617365 41.28581420 002.07619760 52 101
116 41.28591820 002.07617205 41.28596969 002.07613210
120 Linear Feature 23
111 41.28551650 002.07561886 52 101
112 41.28557649 002.07569784 41.28561555 002.07573595
111 41.28557649 002.07569784
112 41.28557649 002.07569784 41.28558905 002.07571009 101
112 41.28562050 002.07573078 41.28563583 002.07573992
111 41.28562050 002.07573078
112 41.28562050 002.07573078 41.28566065 002.07575473 52 101
116 41.28576465 002.07572918 41.28581614 002.07568923
120 Linear Feature 23
111 41.28512792 002.07448510 52 101
112 41.28519114 002.07456806 41.28523020 002.07460617
111 41.28519114 002.07456806
112 41.28519114 002.07456806 41.28520370 002.07458031 101
112 41.28523311 002.07460100 41.28524843 002.07461015
111 41.28523311 002.07460100
112 41.28523311 002.07460100 41.28527326 002.07462496 52 101
116 41.28537334 002.07459241 41.28542484 002.07455246
120 Linear Feature 22
111 41.28692340 002.07680797 52
111 41.28634080 002.07741338
112 41.28634080 002.07741338 41.28630245 002.07745480 52 101
112 41.28626360 002.07755933 41.28624905 002.07761372
111 41.28626360 002.07755933
112 41.28626360 002.07755933 41.28625798 002.07758033 101
112 41.28625238 002.07762055 41.28624915 002.07763967
111 41.28625238 002.07762055
112 41.28625238 002.07762055 41.28624242 002.07767942 52 101
115 41.28624386 002.07774105
120 Linear Feature 22
111 41.28681756 002.07617625 52
111 41.28616029 002.07688111
112 41.28616029 002.07688111 41.28612193 002.07692254 52 101
112 41.28608309 002.07702706 41.28606854 002.07708145
111 41.28608309 002.07702706
112 41.28608309 002.07702706 41.28607747 002.07704807 101
112 41.28607187 002.07708828 41.28606863 002.07710741
111 41.28607187 002.07708828
112 41.28607187 002.07708828 41.28606190 002.07714716 52 101
115 41.28606221 002.07721084
120 Linear Feature 22
111 41.28667201 002.07538249 52
111 41.28591820 002.07617205
112 41.28591820 002.07617205 41.28587984 002.07621348 52 101
112 41.28584099 002.07631800 41.28582645 002.07637239
111 41.28584099 002.07631800
112 41.28584099 002.07631800 41.28583537 002.07633900 101
112 41.28582978 002.07637922 41.28582654 002.07639834
111 41.28582978 002.07637922
112 41.28582978 002.07637922 41.28581981 002.07643810 52 101
115 41.28581973 002.07650357
120 Linear Feature 22
111 41.28633914 002.07511717 52
111 41.28576465 002.07572918
112 41.28576465 002.07572918 41.28572630 002.07577061 52 101
112 41.28568745 002.07587513 41.28567290 002.07592952
111 41.28568745 002.07587513
112 41.28568745 002.07587513 41.28568183 002.07589614 101
112 41.28567501 002.07594285 41.28567177 002.07596197
111 41.28567501 002.07594285
112 41.28567501 002.07594285 41.28566504 002.07600172 52 101
115 41.28566558 002.07605381
120 Linear Feature 22
111 41.28596418 002.07397470 52
111 41.28537334 002.07459241
112 41.28537334 002.07459241 41.28533499 002.07463384 52 101
112 41.28529682 002.07474535 41.28528227 002.07479974
111 41.28529682 002.07474535
112 41.28529682 002.07474535 41.28529120 002.07476636 101
112 41.28528370 002.07480608 41.28528046 002.07482520
111 41.28528370 002.07480608
112 41.28528370 002.07480608 41.28527373 002.07486495 52 101
115 41.28527350 002.07490988
120 Linear Feature 30
111 41.28406000 002.07364238 52
115 41.28381930 002.07384216
120 Linear Feature 33
111 41.28662598 002.07523552 51
115 41.28597044 002.07562823
120 Linear Feature 32
111 41.28528258 002.07493636 52
112 41.28533944 002.07500328 41.28537576 002.07503508
111 41.28533944 002.07500328
112 41.28533944 002.07500328 41.28535244 002.07501467
112 41.28538431 002.07503441 41.28540115 002.07504318
111 41.28538431 002.07503441
112 41.28538431 002.07503441 41.28542715 002.07505673 52
112 41.28554431 002.07502984 41.28560695 002.07499479
111 41.28554431 002.07502984
112 41.28554431 002.07502984 41.28549402 002.07507984 52
112 41.28544789 002.07518356 41.28543114 002.07523349
111 41.28544789 002.07518356
112 41.28544789 002.07518356 41.28544050 002.07520557
112 41.28543241 002.07524670 41.28542924 002.07526656
111 41.28543241 002.07524670
112 41.28543241 002.07524670 41.28542047 002.07532143 52
115 41.28543335 002.07537626
120 Linear Feature 31
111 41.28629348 002.07423857 52
111 41.28554431 002.07502984
112 41.28554431 002.07502984 41.28550349 002.07507183 52
112 41.28542710 002.07510927 41.28539104 002.07512260
111 41.28542710 002.07510927
112 41.28542710 002.07510927 41.28540838 002.07511619
112 41.28537491 002.07512231 41.28535902 002.07512442
111 41.28537491 002.07512231
112 41.28537491 002.07512231 41.28532449 002.07512899 52
111 41.28529089 002.07511647
112 41.28529089 002.07511647 41.28518085 002.07509912 52
115 41.28510214 002.07515481
120 Linear Feature 35
111 41.28721331 002.07689379 51
115 41.28655259 002.07729804
120 Linear Feature 34
111 41.28694119 002.07610242 51
115 41.28628168 002.07649859
120 Linear Feature 38
112 41.28672065 002.07913215 41.28675172 002.07925904 51 101
116 41.28662396 002.07961675 41.28651934 002.07967494
120 Linear Feature 40
112 41.28616029 002.07688111 41.28613704 002.07690193 52 101
112 41.28605760 002.07695474 41.28601529 002.07698168
111 41.28605760 002.07695474
112 41.28605760 002.07695474 41.28604399 002.07696341 101
112 41.28601546 002.07698093 41.28600108 002.07698968
111 41.28601546 002.07698093
112 41.28601546 002.07698093 41.28590112 002.07705048 52 101
115 41.28577125 002.07711860
120 Linear Feature 2
111 41.28628463 002.07745801 51
111 41.28626849 002.07745679
113 41.28627576 002.07747600 51
120 Linear Feature 2
111 41.28497473 002.07360266 51
111 41.28495860 002.07360143
113 41.28496586 002.07362064 51
120 Linear Feature 1
111 41.28623928 002.07748601 51
115 41.28628463 002.07745801
120 Linear Feature 1
111 41.28492941 002.07363074 51
115 41.28497473 002.07360266
120 Linear Feature 2
111 41.28571326 002.07578249 51
111 41.28569712 002.07578126
113 41.28570439 002.07580048 51
120 Linear Feature 2
111 41.28532309 002.07463865 51
111 41.28530695 002.07463742
113 41.28531422 002.07465663 51
120 Linear Feature 1
111 41.28566791 002.07581049 51
115 41.28571326 002.07578249
120 Linear Feature 1
111 41.28527774 002.07466665 51
115 41.28532309 002.07463865
120 Linear Feature 4
111 41.28983812 002.08361992 2
115 41.28991139 002.08334315
120 Linear Feature 6
111 41.28812739 002.08187557 2
115 41.28822076 002.08216341
120 Linear Feature 7
111 41.28729001 002.08191872 2
111 41.28759016 002.08209306 2
111 41.28770000 002.08246224 2
115 41.28761491 002.08278835
120 Linear Feature 16
111 41.28638867 002.07976191 51 101
116 41.28597293 002.07954834 41.28584865 002.07920344
120 Linear Feature 2
111 41.28818376 002.07920522 51
111 41.28819249 002.07922333
113 41.28819993 002.07920420 51
120 Linear Feature 2
111 41.28783354 002.07942089 51
111 41.28784229 002.07943899
113 41.28784974 002.07941986 51
120 Linear Feature 2
111 41.28800745 002.07931601 51
111 41.28801619 002.07933411
113 41.28802363 002.07931498 51
120 Linear Feature 2
111 41.28788946 002.08084157 51
111 41.28789636 002.08084801 51
115 41.28789687 002.08083730
120 Linear Feature 2
111 41.28824353 002.08062988 51
111 41.28825044 002.08063634 51
115 41.28825094 002.08062561
120 Linear Feature 2
111 41.28866678 002.08037664 51
111 41.28867368 002.08038311 51
115 41.28867419 002.08037237
120 Linear Feature 2
111 41.28896141 002.08122730 51
111 41.28896220 002.08120580
113 41.28894748 002.08121461 51
120 Linear Feature 2
111 41.28853763 002.08148017 51
111 41.28853862 002.08145920
113 41.28852390 002.08146801 51
120 Linear Feature 2
111 41.28897480 002.08185306 51
111 41.28897421 002.08187361
113 41.28898869 002.08186413 51
120 Linear Feature 2
111 41.28818342 002.08169153 51
111 41.28818456 002.08167102
113 41.28816984 002.08167982 51
120 Linear Feature 2
111 41.28760722 002.08051377 51
111 41.28761850 002.08049837
113 41.28760285 002.08049306 51
120 Linear Feature 15
111 41.28737922 002.07852660 72
112 41.28724807 002.07846200 41.28717967 002.07836762
111 41.28724807 002.07846200 72
111 41.28680669 002.07781249
112 41.28680669 002.07781249 41.28678505 002.07778094 72
112 41.28671994 002.07764390 41.28670091 002.07758527
111 41.28671994 002.07764390 72
111 41.28491789 002.07237137 72
112 41.28488591 002.07227376 41.28488312 002.07225926 72
115 41.28488370 002.07224470
120 Linear Feature 15
111 41.28733105 002.07847431 70
112 41.28727670 002.07842595 41.28724673 002.07838107
111 41.28727670 002.07842595 70
111 41.28683683 002.07777604
112 41.28683683 002.07777604 41.28681618 002.07774592 70
112 41.28675717 002.07762193 41.28674007 002.07756923
111 41.28675717 002.07762193 70
115 41.28592586 002.07518964
120 Linear Feature 15
111 41.28579792 002.07481530 70
115 41.28508541 002.07273060
120 Linear Feature 15
111 41.28502920 002.07256614 70
115 41.28495354 002.07234474
120 Linear Feature 2
111 41.30279926 002.08420992 8
115 41.30293726 002.08461134
120 Linear Feature 13
112 41.30283687 002.08590902 41.30288945 002.08606336 51 101
112 41.30318677 002.08608613 41.30333170 002.08601126
111 41.30318677 002.08608613
112 41.30318677 002.08608613 41.30315846 002.08610364 51 101
112 41.30304593 002.08628102 41.30301883 002.08638504
111 41.30304593 002.08628102
112 41.30304593 002.08628102 41.30301762 002.08638970 51 101
116 41.30305486 002.08654816 41.30306134 002.08656711
120 Linear Feature 12
111 41.30557359 002.08420391 51 101
111 41.30540502 002.08430411 51 101
111 41.30496186 002.08456750
112 41.30496186 002.08456750 41.30493988 002.08458240 51 101
112 41.30488876 002.08465076 41.30486296 002.08468859
111 41.30488876 002.08465076
112 41.30488876 002.08465076 41.30480695 002.08477070 51 101
111 41.30472035 002.08496390 51 101
112 41.30461450 002.08517059 41.30455739 002.08526434
111 41.30461450 002.08517059
112 41.30461450 002.08517059 41.30458127 002.08522513 51 101
112 41.30451426 002.08528870 41.30448332 002.08530422
111 41.30451426 002.08528870 51 101
111 41.30445406 002.08532487 51 101
111 41.30429453 002.08542069 51 101
111 41.30410869 002.08553233 51 101
111 41.30375983 002.08574189 51 101
111 41.30352487 002.08588303 51 101
111 41.30341652 002.08594812 51 101
115 41.30318677 002.08608613
120 Linear Feature 6
111 41.30332722 002.08568870 52
115 41.30350689 002.08620606
120 Linear Feature 28
111 41.30461450 002.08517059 51
112 41.30463942 002.08502710 41.30463967 002.08494184
111 41.30463942 002.08502710
112 41.30463942 002.08502710 41.30463948 002.08500786
112 41.30463529 002.08496561 41.30463229 002.08494398
111 41.30463529 002.08496561
112 41.30463529 002.08496561 41.30463237 002.08494457 51
112 41.30462089 002.08489994 41.30461403 002.08487730
111 41.30462089 002.08489994 51
111 41.30430380 002.08396999
112 41.30430380 002.08396999 41.30429624 002.08394565 51
112 41.30425367 002.08390233 41.30422892 002.08388203
111 41.30425367 002.08390233
112 41.30425367 002.08390233 41.30420004 002.08385834 51
112 41.30402891 002.08382309 41.30394396 002.08381901
111 41.30402891 002.08382309
112 41.30402891 002.08382309 41.30389525 002.08381668 51
115 41.30376449 002.08387131
120 Linear Feature 27
111 41.30434452 002.08539077 51
111 41.30433478 002.08536235
111 41.30431527 002.08530544 51
111 41.30430056 002.08526251
111 41.30419383 002.08495111 51
115 41.30393921 002.08420819
120 Linear Feature 27
111 41.30397680 002.08561449 51
111 41.30396679 002.08558527
111 41.30394741 002.08552873 51
111 41.30393284 002.08548624
111 41.30382612 002.08517484 51
115 41.30357149 002.08443192
120 Linear Feature 27
111 41.30360656 002.08583381 51
111 41.30359894 002.08581158
111 41.30357959 002.08575510 51
111 41.30356261 002.08570556
111 41.30345588 002.08539416 51
115 41.30320126 002.08465125
120 Linear Feature 33
111 41.29907997 002.07166351 2
115 41.29887080 002.07104735
120 Linear Feature 32
112 41.29880910 002.07144694 41.29877301 002.07146891 51
112 41.29872432 002.07155572 41.29870374 002.07160329
111 41.29872432 002.07155572
112 41.29872432 002.07155572 41.29871845 002.07156930
112 41.29870852 002.07159828 41.29870385 002.07161301
111 41.29870852 002.07159828
112 41.29870852 002.07159828 41.29867421 002.07170661 51
116 41.29869866 002.07191662 41.29872491 002.07199288
120 Linear Feature 36
112 41.30397192 002.08921790 41.30394048 002.08912652 51 101
112 41.30366388 002.08903333 41.30353959 002.08904805
111 41.30366388 002.08903333
112 41.30366388 002.08903333 41.30364133 002.08903600 101
116 41.30359988 002.08905429 41.30358006 002.08906587
120 Linear Feature 35
111 41.30417363 002.08934529 2
115 41.30387610 002.08952598
120 Linear Feature 37
111 41.30413513 002.08827275 2
115 41.30464386 002.08862573
120 Linear Feature 39
111 41.30299120 002.08563610 2
115 41.30269206 002.08581841
120 Linear Feature 3
111 41.30331976 002.08659229 2
115 41.30302035 002.08677238
120 Linear Feature 10
111 41.30627908 002.09008295 2
115 41.30612723 002.09001314
120 Linear Feature 9
111 41.30618357 002.08536909 51
111 41.30568979 002.08566711
112 41.30568979 002.08566711 41.30563658 002.08570045 51
112 41.30557282 002.08587270 41.30557501 002.08596403
111 41.30557282 002.08587270 51
111 41.30562364 002.08739634
112 41.30562364 002.08739634 41.30562044 002.08761996 51
115 41.30547299 002.08767893
120 Linear Feature 21
111 41.30626030 002.08680158 51
111 41.30625215 002.08677774
111 41.30623276 002.08672105 51
111 41.30621614 002.08667247
111 41.30617560 002.08655393 51
111 41.30592131 002.08581043
111 41.30584590 002.08558994 51
115 41.30584099 002.08557558
120 Linear Feature 20
111 41.30626489 002.08560270 51
111 41.30651852 002.08634382
111 41.30655776 002.08645848 51
111 41.30657534 002.08650986
111 41.30659466 002.08656630 51
115 41.30660412 002.08659397
120 Linear Feature 19
111 41.30617799 002.08535308 51
111 41.30618357 002.08536909 51
115 41.30618915 002.08538511
120 Linear Feature 42
112 41.31164166 002.10043069 41.31163101 002.10039987 60
112 41.31158046 002.10040057 41.31155731 002.10041475 60
112 41.31155784 002.10048206 41.31156849 002.10051287 60
114 41.31161904 002.10051217 41.31164219 002.10049799 60
120 Linear Feature 42
112 41.31176684 002.10082055 41.31175803 002.10079507 60
112 41.31171623 002.10079565 41.31169709 002.10080738 60
112 41.31169752 002.10086303 41.31170633 002.10088851 60
114 41.31174814 002.10088793 41.31176728 002.10087620 60
120 Linear Feature 42
112 41.31166591 002.10041583 41.31164909 002.10036718 70
112 41.31156930 002.10036829 41.31153276 002.10039068 70
112 41.31153359 002.10049691 41.31155041 002.10054556 70
114 41.31163020 002.10054446 41.31166674 002.10052206 70
120 Linear Feature 42
112 41.31178689 002.10080826 41.31177298 002.10076804 70
112 41.31170700 002.10076895 41.31167679 002.10078747 70
112 41.31167747 002.10087531 41.31169138 002.10091554 70
114 41.31175736 002.10091463 41.31178758 002.10089611 70
120 Linear Feature 42
112 41.31169501 002.10039800 41.31167080 002.10032795 51
112 41.31155590 002.10032954 41.31150329 002.10036178 51
112 41.31150449 002.10051475 41.31152870 002.10058479 51
114 41.31164360 002.10058320 41.31169621 002.10055096 51
120 Linear Feature 42
112 41.31181095 002.10079352 41.31179093 002.10073560 51
112 41.31169593 002.10073692 41.31165242 002.10076358 51
112 41.31165341 002.10089006 41.31167343 002.10094798 51
114 41.31176844 002.10094666 41.31181195 002.10092000 51
120 Linear Feature 43
111 41.31103606 002.10079462 51
111 41.31105756 002.10078166
111 41.31112880 002.10073873 51
111 41.31116115 002.10071923
111 41.31131661 002.10062554 51
115 41.31169485 002.10039758
120 Linear Feature 43
111 41.31116819 002.10118166 51
111 41.31118928 002.10116894
111 41.31126041 002.10112608 51
111 41.31129341 002.10110619
111 41.31144838 002.10101280 51
115 41.31181118 002.10079414
120 Linear Feature 41
111 41.31176781 002.10060901 81
111 41.31188402 002.10069438 81
111 41.31191523 002.10078387 81
115 41.31188697 002.10095823
120 Linear Feature 109
111 41.28684979 002.07667025 80
111 41.28678274 002.07662717 80
115 41.28657081 002.07675740
120 Linear Feature 109
111 41.28629604 002.07595913 80
111 41.28653852 002.07581106 80
111 41.28655748 002.07581918 80
111 41.28659253 002.07583404 80
115 41.28671062 002.07576172
120 Linear Feature 111
111 41.28689498 002.07597183 80
115 41.28671062 002.07576172
120 Linear Feature 110
111 41.28694171 002.07624541 80
111 41.28687233 002.07656607 80
115 41.28684979 002.07667025
120 Linear Feature 109
111 41.28689498 002.07597183 80
111 41.28702713 002.07589089 80
111 41.28711513 002.07614244 80
115 41.28694171 002.07624541
120 Linear Feature 1
111 41.30624071 002.08723522 60
115 41.30613589 002.08729836
120 Linear Feature 1
111 41.30651769 002.08706330 60
115 41.30641287 002.08712644
120 Linear Feature 1
111 41.30679730 002.08689835 60
115 41.30669248 002.08696149
120 Linear Feature 16
111 41.31160957 002.10151620 51
111 41.31159961 002.10150825 51
115 41.31160241 002.10149313
120 Linear Feature 16
111 41.31205181 002.10280983 51
111 41.31204185 002.10280189 51
115 41.31204465 002.10278676
120 Linear Feature 16
111 41.31269342 002.10468181 51
111 41.31268346 002.10467389 51
115 41.31268627 002.10465874
120 Linear Feature 16
111 41.30545724 002.08442697 51
111 41.30545161 002.08444048 51
115 41.30544014 002.08443720
120 Linear Feature 16
111 41.30576501 002.08532786 51
111 41.30575941 002.08534137 51
115 41.30574791 002.08533809
120 Linear Feature 14
111 41.30575363 002.08508583 51
115 41.30570431 002.08511516
120 Linear Feature 6
111 41.30540502 002.08430411 51
111 41.30541559 002.08433506
111 41.30543495 002.08439170 51
111 41.30545161 002.08444048
111 41.30550296 002.08459078 51
115 41.30575941 002.08534137
120 Linear Feature 16
111 41.29393181 002.08205879 51
111 41.29393683 002.08204488 51
115 41.29394846 002.08204731
120 Linear Feature 16
111 41.29295390 002.07889529 51
111 41.29294828 002.07890884 51
115 41.29293681 002.07890556
120 Linear Feature 16
111 41.29339142 002.07863148 51
111 41.29338581 002.07864504 51
115 41.29337433 002.07864175
120 Linear Feature 16
111 41.29275061 002.07656493 51
111 41.29275141 002.07654970 51
115 41.29276305 002.07654625
120 Linear Feature 16
111 41.29223724 002.07778305 51
111 41.29222698 002.07778988 51
115 41.29221882 002.07777837
120 Linear Feature 16
111 41.28900152 002.07882524 51
111 41.28901175 002.07883220 51
115 41.28900953 002.07884778
120 Linear Feature 16
111 41.28917452 002.07938231 51
111 41.28918477 002.07938926 51
115 41.28918253 002.07940485
120 Linear Feature 16
111 41.28936558 002.07988290 51
111 41.28937583 002.07988984 51
115 41.28937359 002.07990545
120 Linear Feature 16
111 41.28953659 002.08038293 51
111 41.28954683 002.08038987 51
115 41.28954460 002.08040548
120 Linear Feature 16
111 41.28970005 002.08086055 51
111 41.28971030 002.08086750 51
115 41.28970806 002.08088309
120 Linear Feature 16
111 41.28991079 002.08148370 51
111 41.28992103 002.08149066 51
115 41.28991881 002.08150625
120 Linear Feature 16
111 41.29008362 002.08198250 51
111 41.29009386 002.08198946 51
115 41.29009163 002.08200505
120 Linear Feature 16
111 41.29025793 002.08248853 51
111 41.29026817 002.08249549 51
115 41.29026595 002.08251109
120 Linear Feature 16
111 41.29047477 002.08311607 51
111 41.29048501 002.08312304 51
115 41.29048279 002.08313863
120 Linear Feature 16
111 41.29272989 002.08078823 51
111 41.29271959 002.08078153 51
115 41.29272148 002.08076592
120 Linear Feature 16
111 41.29256809 002.08027810 51
111 41.29255774 002.08027141 51
115 41.29255968 002.08025579
120 Linear Feature 16
111 41.29238645 002.07976458 51
111 41.29237614 002.07975787 51
115 41.29237804 002.07974228
120 Linear Feature 16
111 41.29214931 002.07908807 51
111 41.29213901 002.07908133 51
115 41.29214090 002.07906576
120 Linear Feature 16
111 41.29197962 002.07859358 51
111 41.29196930 002.07858685 51
115 41.29197121 002.07857127
120 Linear Feature 16
111 41.29180892 002.07809292 51
111 41.29179862 002.07808616 51
115 41.29180051 002.07807061
120 Linear Feature 16
111 41.29163442 002.07759295 51
111 41.29162409 002.07758630 51
115 41.29162600 002.07757064
120 Linear Feature 16
111 41.29144490 002.07704086 51
111 41.29143459 002.07703417 51
115 41.29143649 002.07701856
120 Linear Feature 16
111 41.29203307 002.07339276 51
111 41.29202275 002.07338605 51
115 41.29202466 002.07337045
120 Linear Feature 16
111 41.29181492 002.07276127 51
111 41.29180460 002.07275453 51
115 41.29180650 002.07273897
120 Linear Feature 16
111 41.29159558 002.07212643 51
111 41.29158525 002.07211968 51
115 41.29158717 002.07210412
120 Linear Feature 16
111 41.29137829 002.07149138 51
111 41.29136796 002.07148465 51
115 41.29136988 002.07146908
120 Linear Feature 16
111 41.29109089 002.07065977 51
111 41.29108057 002.07065303 51
115 41.29108248 002.07063746
120 Linear Feature 16
111 41.29012848 002.06773330 51
111 41.29013698 002.06772297 51
115 41.29014716 002.06773105
120 Linear Feature 16
111 41.29087143 002.07001516 51
111 41.29086110 002.07000842 51
115 41.29086302 002.06999285
120 Linear Feature 16
111 41.29266254 002.07805517 51
111 41.29265707 002.07806864 51
115 41.29264545 002.07806544
120 Linear Feature 16
111 41.29310679 002.07778861 51
111 41.29310089 002.07780233 51
115 41.29308970 002.07779888
120 Linear Feature 16
111 41.29343161 002.07759246 51
111 41.29342632 002.07760581 51
115 41.29341452 002.07760273
120 Linear Feature 16
111 41.29372011 002.07843262 51
111 41.29371451 002.07844617 51
115 41.29370302 002.07844288
120 Linear Feature 16
111 41.29389192 002.07898755 51
111 41.29389840 002.07897474 51
115 41.29390965 002.07897940
120 Linear Feature 16
111 41.29356737 002.07918272 51
111 41.29357383 002.07916993 51
115 41.29358509 002.07917457
120 Linear Feature 16
111 41.29385556 002.08003219 51
111 41.29386202 002.08001940 51
115 41.29387328 002.08002404
120 Linear Feature 16
111 41.29418070 002.07983686 51
111 41.29418757 002.07982381 51
115 41.29419842 002.07982871
120 Linear Feature 16
111 41.29430228 002.08012911 51
111 41.29429653 002.08014312 51
115 41.29428541 002.08014001
120 Linear Feature 16
111 41.29381819 002.08143185 51
111 41.29381287 002.08144562 51
115 41.29380132 002.08144275
120 Linear Feature 16
111 41.29353061 002.08059593 51
111 41.29352514 002.08060982 51
115 41.29351374 002.08060683
120 Linear Feature 16
111 41.29397784 002.08032486 51
111 41.29397260 002.08033869 51
115 41.29396097 002.08033576
120 Linear Feature 16
111 41.29426672 002.08116275 51
111 41.29426138 002.08117638 51
115 41.29424985 002.08117365
120 Linear Feature 16
111 41.29458890 002.08096919 51
111 41.29458361 002.08098294 51
115 41.29457203 002.08098009
120 Linear Feature 16
111 41.29488727 002.08146551 51
111 41.29489838 002.08146107 51
115 41.29490486 002.08147414
120 Linear Feature 16
111 41.30542020 002.08553519 51
111 41.30541459 002.08554870 51
115 41.30540310 002.08554543
120 Linear Feature 14
111 41.30540872 002.08529315 51
115 41.30535949 002.08532250
120 Linear Feature 6
111 41.30488876 002.08465076 51
112 41.30497356 002.08463322 41.30502175 002.08463425
111 41.30497356 002.08463322
112 41.30497356 002.08463322 41.30498826 002.08463354
112 41.30502018 002.08464071 41.30503633 002.08464575
111 41.30502018 002.08464071
112 41.30502018 002.08464071 41.30507145 002.08465671 51
112 41.30516237 002.08481124 41.30519831 002.08492048
111 41.30516237 002.08481124 51
115 41.30541459 002.08554870
120 Linear Feature 16
111 41.30444062 002.08832197 52
111 41.30443050 002.08832946 52
115 41.30442204 002.08831861
120 Linear Feature 16
111 41.30497804 002.08789699 52
111 41.30496658 002.08789476 52
115 41.30496481 002.08787930
120 Linear Feature 16
111 41.30465918 002.08808979 52
111 41.30464773 002.08808756 52
115 41.30464595 002.08807209
120 Linear Feature 16
111 41.30533345 002.08772213 52
111 41.30532199 002.08771990 52
115 41.30532022 002.08770443
120 Linear Feature 16
111 41.30414750 002.08738749 52
111 41.30414189 002.08740098 52
115 41.30413039 002.08739772
120 Linear Feature 16
111 41.30483663 002.08697302 52
111 41.30483102 002.08698651 52
115 41.30481952 002.08698325
120 Linear Feature 16
111 41.30449151 002.08717948 52
111 41.30448590 002.08719298 52
115 41.30447441 002.08718972
120 Linear Feature 16
111 41.30517920 002.08675801 52
111 41.30517359 002.08677151 52
115 41.30516210 002.08676825
120 Linear Feature 16
111 41.30447970 002.08825450 51
111 41.30446824 002.08825620 51
115 41.30446352 002.08824188
120 Linear Feature 16
111 41.30517831 002.08779275 51
111 41.30516695 002.08779004 51
115 41.30516549 002.08777452
120 Linear Feature 16
111 41.30425512 002.08391763 51
111 41.30425367 002.08390233 51
115 41.30426442 002.08389595
120 Linear Feature 16
111 41.29901767 002.07013083 51
111 41.29900738 002.07012362 51
115 41.29900962 002.07010829
120 Linear Feature 16
111 41.29878853 002.06946751 51
111 41.29877825 002.06946029 51
115 41.29878047 002.06944497
120 Linear Feature 16
111 41.29851873 002.06869829 51
111 41.29850845 002.06869106 51
115 41.29851067 002.06867575
120 Linear Feature 16
111 41.29830608 002.06805667 51
111 41.29829582 002.06804946 51
115 41.29829803 002.06803413
120 Linear Feature 16
111 41.29855564 002.06880435 52
111 41.29854539 002.06879716 52
115 41.29854758 002.06878181
120 Linear Feature 16
111 41.29841812 002.06835241 52
111 41.29840786 002.06834521 52
115 41.29841006 002.06832986
120 Linear Feature 16
111 41.29826928 002.06790534 52
111 41.29825902 002.06789813 52
115 41.29826122 002.06788280
120 Linear Feature 16
111 41.29846965 002.06777808 52
111 41.29847979 002.06778557 52
115 41.29847736 002.06780083
120 Linear Feature 16
111 41.29898328 002.06927663 51
111 41.29899341 002.06928411 51
115 41.29899099 002.06929938
120 Linear Feature 16
111 41.29872229 002.06848462 51
111 41.29873242 002.06849209 51
115 41.29873000 002.06850738
120 Linear Feature 16
111 41.29843768 002.06771196 51
111 41.29844781 002.06771944 51
115 41.29844539 002.06773472
120 Linear Feature 16
111 41.30615504 002.08714975 51
111 41.30616046 002.08713614 51
115 41.30617200 002.08713910
120 Linear Feature 16
111 41.30643336 002.08698403 51
111 41.30643878 002.08697042 51
115 41.30645032 002.08697337
120 Linear Feature 16
111 41.30655231 002.08647208 51
111 41.30655776 002.08645848 51
115 41.30656927 002.08646143
120 Linear Feature 16
111 41.30621071 002.08668607 51
111 41.30621614 002.08667247 51
115 41.30622767 002.08667542
120 Linear Feature 16
111 41.30506504 002.08433074 51
111 41.30507048 002.08431713 51
115 41.30508200 002.08432009
120 Linear Feature 16
111 41.30542854 002.08410742 51
111 41.30543397 002.08409381 51
115 41.30544550 002.08409677
120 Linear Feature 16
111 41.30591588 002.08582404 51
111 41.30592131 002.08581043 51
115 41.30593284 002.08581339
120 Linear Feature 16
111 41.30625947 002.08561632 51
111 41.30626489 002.08560270 51
115 41.30627643 002.08560567
120 Linear Feature 16
111 41.30638599 002.08782547 51
111 41.30639141 002.08781186 51
115 41.30640295 002.08781482
120 Linear Feature 16
111 41.30666090 002.08764637 51
111 41.30666633 002.08763277 51
115 41.30667786 002.08763572
120 Linear Feature 16
111 41.30632172 002.08817809 51
111 41.30632715 002.08816447 51
115 41.30633868 002.08816744
120 Linear Feature 16
111 41.30660342 002.08800804 51
111 41.30660884 002.08799441 51
115 41.30662038 002.08799738
120 Linear Feature 16
111 41.30686227 002.08785178 51
111 41.30686770 002.08783815 51
115 41.30687923 002.08784113
120 Linear Feature 16
111 41.30712933 002.08989230 51
111 41.30713556 002.08987921 51
115 41.30714689 002.08988352
120 Linear Feature 16
111 41.30731620 002.08977131 51
111 41.30732243 002.08975820 51
115 41.30733376 002.08976253
120 Linear Feature 16
111 41.30750518 002.08966012 51
111 41.30751141 002.08964700 51
115 41.30752274 002.08965134
120 Linear Feature 16
111 41.30769299 002.08954500 51
111 41.30769922 002.08953187 51
115 41.30771054 002.08953622
120 Linear Feature 16
111 41.30788241 002.08943127 51
111 41.30788864 002.08941814 51
115 41.30789996 002.08942249
120 Linear Feature 16
111 41.30806968 002.08931672 51
111 41.30807591 002.08930359 51
115 41.30808724 002.08930794
120 Linear Feature 16
111 41.30826119 002.08920969 51
111 41.30826743 002.08919659 51
115 41.30827875 002.08920091
120 Linear Feature 16
111 41.30841193 002.09064111 51
111 41.30840518 002.09065382 51
115 41.30839408 002.09064873
120 Linear Feature 16
111 41.30857573 002.09054197 51
111 41.30856899 002.09055467 51
115 41.30855788 002.09054958
120 Linear Feature 16
111 41.30873980 002.09044266 51
111 41.30873306 002.09045536 51
115 41.30872195 002.09045028
120 Linear Feature 16
111 41.30890331 002.09034368 51
111 41.30889658 002.09035637 51
115 41.30888546 002.09035130
120 Linear Feature 16
111 41.30880216 002.09007048 51
111 41.30880863 002.09005756 51
115 41.30881985 002.09006223
120 Linear Feature 16
111 41.30864806 002.09016675 51
111 41.30865454 002.09015383 51
115 41.30866575 002.09015849
120 Linear Feature 16
111 41.30849238 002.09026250 51
111 41.30849886 002.09024959 51
115 41.30851007 002.09025424
120 Linear Feature 16
111 41.30833636 002.09035613 51
111 41.30834286 002.09034323 51
115 41.30835405 002.09034787
120 Linear Feature 16
111 41.30818108 002.09045367 51
111 41.30818757 002.09044076 51
115 41.30819877 002.09044541
120 Linear Feature 16
111 41.29765198 002.06266433 51
111 41.29764580 002.06267761 51
115 41.29763451 002.06267336
120 Linear Feature 16
111 41.29794408 002.06351648 51
111 41.29793790 002.06352976 51
115 41.29792662 002.06352551
120 Linear Feature 16
111 41.29729071 002.06288545 51
111 41.29728453 002.06289873 51
115 41.29727324 002.06289448
120 Linear Feature 16
111 41.29758334 002.06373769 51
111 41.29757716 002.06375096 51
115 41.29756587 002.06374672
120 Linear Feature 16
111 41.29693164 002.06310524 51
111 41.29692548 002.06311849 51
115 41.29691418 002.06311427
120 Linear Feature 16
111 41.29722399 002.06395736 51
111 41.29721783 002.06397063 51
115 41.29720652 002.06396639
120 Linear Feature 16
111 41.29656983 002.06332257 51
111 41.29656366 002.06333588 51
115 41.29655237 002.06333160
120 Linear Feature 16
111 41.29686313 002.06417572 51
111 41.29685696 002.06418902 51
115 41.29684566 002.06418475
120 Linear Feature 16
111 41.29770458 002.06260880 52
111 41.29769838 002.06262212 52
115 41.29768711 002.06261783
120 Linear Feature 16
111 41.29800442 002.06348529 52
111 41.29799823 002.06349861 52
115 41.29798695 002.06349432
120 Linear Feature 16
111 41.29746892 002.06275276 52
111 41.29746272 002.06276608 52
115 41.29745145 002.06276179
120 Linear Feature 16
111 41.29776822 002.06362667 52
111 41.29776203 002.06364000 52
115 41.29775075 002.06363570
120 Linear Feature 16
111 41.29722982 002.06289802 52
111 41.29722364 002.06291135 52
115 41.29721236 002.06290705
120 Linear Feature 16
111 41.29752834 002.06377113 52
111 41.29752215 002.06378445 52
115 41.29751087 002.06378016
120 Linear Feature 16
111 41.29698105 002.06304810 52
111 41.29697486 002.06306139 52
115 41.29696358 002.06305713
120 Linear Feature 16
111 41.29727958 002.06392206 52
111 41.29727339 002.06393537 52
115 41.29726211 002.06393110
120 Linear Feature 16
111 41.29673397 002.06319517 52
111 41.29672779 002.06320844 52
115 41.29671650 002.06320420
120 Linear Feature 16
111 41.29703404 002.06407009 52
111 41.29702785 002.06408339 52
115 41.29701657 002.06407912
120 Linear Feature 16
111 41.29649707 002.06333675 52
111 41.29649088 002.06335006 52
115 41.29647960 002.06334579
120 Linear Feature 16
111 41.29679720 002.06421309 52
111 41.29679102 002.06422639 52
115 41.29677973 002.06422212
120 Linear Feature 16
111 41.29627258 002.06346674 52
111 41.29626640 002.06348002 52
115 41.29625511 002.06347577
120 Linear Feature 16
111 41.29657465 002.06434974 52
111 41.29656847 002.06436303 52
115 41.29655718 002.06435877
120 Linear Feature 16
111 41.29621214 002.06353447 51
111 41.29620596 002.06354777 51
115 41.29619467 002.06354350
120 Linear Feature 16
111 41.29823339 002.06440718 52
111 41.29823941 002.06439374 52
115 41.29825074 002.06439778
120 Linear Feature 16
111 41.29779543 002.06467220 52
111 41.29780146 002.06465874 52
115 41.29781279 002.06466280
120 Linear Feature 16
111 41.29730644 002.06496855 52
111 41.29731247 002.06495509 52
115 41.29732380 002.06495914
120 Linear Feature 16
111 41.29681974 002.06526490 52
111 41.29682576 002.06525146 52
115 41.29683710 002.06525550
120 Linear Feature 16
111 41.29811951 002.06447973 51
111 41.29812552 002.06446629 51
115 41.29813687 002.06447033
120 Linear Feature 16
111 41.29604484 002.06324793 51
111 41.29604990 002.06323385 51
115 41.29606147 002.06323643
120 Linear Feature 16
111 41.29572711 002.06232232 51
111 41.29573215 002.06230824 51
115 41.29574374 002.06231082
120 Linear Feature 16
111 41.29647779 002.06298014 51
111 41.29648283 002.06296607 51
115 41.29649442 002.06296864
120 Linear Feature 16
111 41.29616178 002.06205751 51
111 41.29616681 002.06204344 51
115 41.29617840 002.06204601
120 Linear Feature 16
111 41.29687173 002.06274167 51
111 41.29687676 002.06272759 51
115 41.29688836 002.06273017
120 Linear Feature 16
111 41.29504158 002.06062035 51
111 41.29504661 002.06060622 51
115 41.29505820 002.06060885
120 Linear Feature 16
111 41.29539881 002.06039856 51
111 41.29540385 002.06038442 51
115 41.29541544 002.06038706
120 Linear Feature 16
111 41.29575834 002.06017824 51
111 41.29576339 002.06016413 51
115 41.29577497 002.06016674
120 Linear Feature 16
111 41.29611833 002.05996251 51
111 41.29612338 002.05994840 51
115 41.29613496 002.05995101
120 Linear Feature 16
111 41.29647868 002.05974639 51
111 41.29648372 002.05973228 51
115 41.29649530 002.05973490
120 Linear Feature 16
111 41.29655609 002.06182007 51
111 41.29656113 002.06180599 51
115 41.29657272 002.06180857
120 Linear Feature 16
111 41.29724906 002.06251717 51
111 41.29725396 002.06250300 51
115 41.29726557 002.06250537
120 Linear Feature 16
111 41.29693321 002.06159497 51
111 41.29693809 002.06158080 51
115 41.29694971 002.06158317
120 Linear Feature 16
111 41.29762453 002.06229023 51
111 41.29762965 002.06227619 51
115 41.29764123 002.06227890
120 Linear Feature 16
111 41.29526620 002.06083473 51
111 41.29526040 002.06084833 51
115 41.29524898 002.06084459
120 Linear Feature 16
111 41.29556875 002.06170912 51
111 41.29556293 002.06172271 51
115 41.29555153 002.06171897
120 Linear Feature 16
111 41.29563040 002.06062267 51
111 41.29562461 002.06063625 51
115 41.29561319 002.06063252
120 Linear Feature 16
111 41.29592808 002.06149181 51
111 41.29592227 002.06150540 51
115 41.29591087 002.06150166
120 Linear Feature 16
111 41.29598993 002.06040780 51
111 41.29598413 002.06042138 51
115 41.29597272 002.06041766
120 Linear Feature 16
111 41.29628857 002.06127566 51
111 41.29628276 002.06128926 51
115 41.29627136 002.06128552
120 Linear Feature 16
111 41.29632639 002.06020587 51
111 41.29632058 002.06021947 51
115 41.29630917 002.06021572
120 Linear Feature 16
111 41.29662360 002.06107187 51
111 41.29661780 002.06108546 51
115 41.29660638 002.06108172
120 Linear Feature 16
111 41.29666095 002.06000183 51
111 41.29665516 002.06001542 51
115 41.29664373 002.06001168
120 Linear Feature 16
111 41.29696044 002.06086950 51
111 41.29695465 002.06088308 51
115 41.29694322 002.06087935
120 Linear Feature 16
111 41.29730846 002.06136570 51
111 41.29731357 002.06135164 51
115 41.29732515 002.06135437
120 Linear Feature 16
111 41.29752618 002.06484828 51
111 41.29753219 002.06483485 51
115 41.29754353 002.06483887
120 Linear Feature 16
111 41.29689877 002.06521086 51
111 41.29690480 002.06519744 51
115 41.29691613 002.06520145
120 Linear Feature 16
111 41.29650238 002.06439381 51
111 41.29649621 002.06440711 51
115 41.29648492 002.06440284
120 Linear Feature 16
111 41.29728860 002.06866879 51
111 41.29727833 002.06866124 51
115 41.29728095 002.06864602
120 Linear Feature 16
111 41.29751024 002.06930791 51
111 41.29750000 002.06930037 51
115 41.29750258 002.06928514
120 Linear Feature 16
111 41.29724070 002.06852462 52
111 41.29723044 002.06851707 52
115 41.29723303 002.06850185
120 Linear Feature 16
111 41.29739362 002.06897397 52
111 41.29738337 002.06896642 52
115 41.29738596 002.06895120
120 Linear Feature 16
111 41.29754612 002.06941805 52
111 41.29753588 002.06941052 52
115 41.29753846 002.06939528
120 Linear Feature 16
111 41.29777601 002.07008088 51
111 41.29776577 002.07007336 51
115 41.29776835 002.07005811
120 Linear Feature 16
111 41.29800484 002.07074318 51
111 41.29799462 002.07073566 51
115 41.29799718 002.07072041
120 Linear Feature 16
111 41.30775069 002.08983913 51
111 41.30774391 002.08985177 51
115 41.30773282 002.08984666
120 Linear Feature 16
111 41.30791731 002.08974151 51
111 41.30791054 002.08975414 51
115 41.30789944 002.08974904
120 Linear Feature 16
111 41.30808106 002.08964294 51
111 41.30807428 002.08965555 51
115 41.30806319 002.08965047
120 Linear Feature 16
111 41.30824452 002.08954577 51
111 41.30823774 002.08955839 51
115 41.30822665 002.08955330
120 Linear Feature 16
111 41.30840947 002.08944859 51
111 41.30840270 002.08946121 51
115 41.30839160 002.08945612
120 Linear Feature 16
111 41.30857272 002.08934978 51
111 41.30856595 002.08936240 51
115 41.30855484 002.08935731
120 Linear Feature 16
111 41.30844829 002.08909316 51
111 41.30845455 002.08908008 51
115 41.30846584 002.08908438
120 Linear Feature 16
111 41.30815141 002.08816151 51
111 41.30814625 002.08817539 51
115 41.30813468 002.08817278
120 Linear Feature 16
111 41.30805764 002.08821926 51
111 41.30805248 002.08823313 51
115 41.30804091 002.08823052
120 Linear Feature 16
111 41.30795578 002.08825638 51
111 41.30795061 002.08827027 51
115 41.30793904 002.08826765
120 Linear Feature 16
111 41.30776741 002.08837166 52
111 41.30776225 002.08838556 52
115 41.30775068 002.08838292
120 Linear Feature 16
111 41.30768027 002.08844901 51
111 41.30767511 002.08846291 51
115 41.30766353 002.08846027
120 Linear Feature 16
111 41.30757815 002.08848317 52
111 41.30757300 002.08849707 52
115 41.30756142 002.08849443
120 Linear Feature 16
111 41.30738990 002.08859790 52
111 41.30738474 002.08861180 52
115 41.30737317 002.08860916
120 Linear Feature 16
111 41.30730391 002.08867505 51
111 41.30729876 002.08868895 51
115 41.30728717 002.08868631
120 Linear Feature 16
111 41.30720150 002.08871169 52
111 41.30719635 002.08872560 52
115 41.30718476 002.08872296
120 Linear Feature 16
111 41.30704190 002.08891318 51
111 41.30703675 002.08892706 51
115 41.30702517 002.08892444
120 Linear Feature 16
111 41.30685332 002.08902449 51
111 41.30684816 002.08903837 51
115 41.30683658 002.08903575
120 Linear Feature 16
111 41.30668138 002.08912712 51
111 41.30667622 002.08914096 51
115 41.30666464 002.08913838
120 Linear Feature 16
111 41.30652454 002.08921619 51
111 41.30651938 002.08923003 51
115 41.30650781 002.08922746
120 Linear Feature 16
111 41.30656087 002.08886937 51
111 41.30656632 002.08885575 51
115 41.30657783 002.08885872
120 Linear Feature 16
111 41.30684341 002.08869326 51
111 41.30684885 002.08867966 51
115 41.30686036 002.08868261
120 Linear Feature 16
111 41.30707046 002.08845583 51
111 41.30707591 002.08844223 51
115 41.30708742 002.08844518
120 Linear Feature 16
111 41.30730386 002.08831140 51
111 41.30730930 002.08829779 51
115 41.30732082 002.08830075
120 Linear Feature 16
111 41.30753661 002.08817342 51
111 41.30754206 002.08815979 51
115 41.30755357 002.08816276
120 Linear Feature 16
111 41.30777070 002.08802996 51
111 41.30777615 002.08801636 51
115 41.30778766 002.08801931
120 Linear Feature 16
111 41.30800584 002.08789029 51
111 41.30801128 002.08787668 51
115 41.30802280 002.08787964
120 Linear Feature 16
111 41.30709564 002.08771277 51
111 41.30710106 002.08769915 51
115 41.30711260 002.08770212
120 Linear Feature 16
111 41.30694042 002.08748004 51
111 41.30694584 002.08746643 51
115 41.30695738 002.08746939
120 Linear Feature 16
111 41.30671365 002.08681713 51
111 41.30671907 002.08680353 51
115 41.30673061 002.08680648
120 Linear Feature 16
111 41.30393379 002.08422180 51
111 41.30393921 002.08420819 51
115 41.30395076 002.08421114
120 Linear Feature 16
111 41.30356608 002.08444553 51
111 41.30357149 002.08443192 51
115 41.30358304 002.08443488
120 Linear Feature 16
111 41.30319584 002.08466486 51
111 41.30320126 002.08465125 51
115 41.30321280 002.08465420
120 Linear Feature 16
111 41.30429514 002.08527612 51
111 41.30430056 002.08526251 51
115 41.30431210 002.08526547
120 Linear Feature 16
111 41.30392742 002.08549985 51
111 41.30393284 002.08548624 51
115 41.30394438 002.08548920
120 Linear Feature 16
111 41.30355719 002.08571917 51
111 41.30356261 002.08570556 51
115 41.30357414 002.08570852
120 Linear Feature 16
111 41.30429095 002.08730352 51
111 41.30428534 002.08731699 51
115 41.30427385 002.08731376
120 Linear Feature 16
111 41.30503875 002.08685196 51
111 41.30503314 002.08686543 51
115 41.30502165 002.08686220
120 Linear Feature 16
111 41.30610936 002.08511967 51
111 41.30610375 002.08513318 51
115 41.30609225 002.08512990
120 Linear Feature 14
111 41.30433325 002.08412491 51
115 41.30428397 002.08415420
120 Linear Feature 14
111 41.30399360 002.08443508 51
115 41.30394432 002.08446437
120 Linear Feature 14
111 41.30362589 002.08465882 51
115 41.30357661 002.08468810
120 Linear Feature 14
111 41.30325565 002.08487814 51
115 41.30320637 002.08490742
120 Linear Feature 14
111 41.30400594 002.08676244 51
115 41.30395666 002.08679172
120 Linear Feature 14
111 41.30426550 002.08701803 51
115 41.30421643 002.08704796
120 Linear Feature 14
111 41.30434997 002.08655472 51
115 41.30430070 002.08658401
120 Linear Feature 14
111 41.30469114 002.08635122 51
115 41.30464186 002.08638050
120 Linear Feature 14
111 41.30501188 002.08656927 51
115 41.30496260 002.08659856
120 Linear Feature 14
111 41.30503977 002.08614124 51
115 41.30499050 002.08617052
120 Linear Feature 14
111 41.30632080 002.08583231 51
115 41.30627156 002.08586157
120 Linear Feature 14
111 41.30597633 002.08604032 51
115 41.30592708 002.08606958
120 Linear Feature 14
111 41.30609790 002.08487771 51
115 41.30604865 002.08490697
120 Linear Feature 6
111 41.30352487 002.08588303 51
112 41.30376098 002.08589508 41.30386019 002.08598826
111 41.30376098 002.08589508
112 41.30376098 002.08589508 41.30377205 002.08590370
112 41.30379298 002.08592822 41.30380325 002.08594067
111 41.30379298 002.08592822
112 41.30379298 002.08592822 41.30381154 002.08595071 51
112 41.30384127 002.08601655 41.30385526 002.08605422
111 41.30384127 002.08601655 51
111 41.30427928 002.08729924 51
111 41.30428534 002.08731699 51
111 41.30449569 002.08793007
112 41.30449569 002.08793007 41.30452169 002.08800821 51
112 41.30451034 002.08812817 41.30450045 002.08818184
111 41.30451034 002.08812817
112 41.30451034 002.08812817 41.30449981 002.08818531 51
112 41.30446824 002.08825620 41.30445945 002.08827830
111 41.30446824 002.08825620
112 41.30446824 002.08825620 41.30445831 002.08828118 51
115 41.30441586 002.08840796
120 Linear Feature 6
111 41.30429453 002.08542069 51
112 41.30450362 002.08543954 41.30459787 002.08551302
111 41.30450362 002.08543954
112 41.30450362 002.08543954 41.30451468 002.08544816
112 41.30453574 002.08547101 41.30454601 002.08548346
111 41.30453574 002.08547101
112 41.30453574 002.08547101 41.30455430 002.08549350 51
112 41.30458522 002.08556039 41.30459921 002.08559807
111 41.30458522 002.08556039 51
111 41.30502708 002.08684768 51
111 41.30503314 002.08686543 51
111 41.30524319 002.08748215
112 41.30524319 002.08748215 41.30526578 002.08756103 51
112 41.30523559 002.08766878 41.30521713 002.08772493
111 41.30523559 002.08766878
112 41.30523559 002.08766878 41.30522393 002.08770426 51
112 41.30516695 002.08779004 41.30514147 002.08782468
111 41.30516695 002.08779004
112 41.30516695 002.08779004 41.30515210 002.08781023 51
116 41.30513363 002.08782745 41.30512798 002.08783007
120 Linear Feature 6
111 41.30341652 002.08594812 52
112 41.30360734 002.08598085 41.30369249 002.08603695
111 41.30360734 002.08598085
112 41.30360734 002.08598085 41.30362138 002.08599010
112 41.30364789 002.08601675 41.30366071 002.08603163
111 41.30364789 002.08601675
112 41.30364789 002.08601675 41.30366558 002.08603728 52
112 41.30369473 002.08609759 41.30370783 002.08613146
111 41.30369473 002.08609759 52
111 41.30414189 002.08740098 52
111 41.30441786 002.08820916
112 41.30441786 002.08820916 41.30442780 002.08823830 52
112 41.30443050 002.08832946 41.30442538 002.08837735
111 41.30443050 002.08832946
112 41.30443050 002.08832946 41.30442769 002.08835572 52
116 41.30441586 002.08840796 41.30441128 002.08841730
120 Linear Feature 6
111 41.30410869 002.08553233 52
112 41.30429503 002.08555936 41.30438017 002.08561546
111 41.30429503 002.08555936
112 41.30429503 002.08555936 41.30430907 002.08556862
112 41.30433558 002.08559527 41.30434840 002.08561014
111 41.30433558 002.08559527
112 41.30433558 002.08559527 41.30435327 002.08561580 52
112 41.30438242 002.08567610 41.30439552 002.08570997
111 41.30438242 002.08567610 52
111 41.30483102 002.08698651 52
111 41.30504080 002.08760309
112 41.30504080 002.08760309 41.30508348 002.08773999 52
112 41.30496658 002.08789476 41.30494067 002.08792867
111 41.30496658 002.08789476
112 41.30496658 002.08789476 41.30495237 002.08791336 52
116 41.30493125 002.08793300 41.30492335 002.08793672
120 Linear Feature 6
111 41.30375983 002.08574189 52
112 41.30394991 002.08576584 41.30403506 002.08582194
111 41.30394991 002.08576584
112 41.30394991 002.08576584 41.30396396 002.08577509
112 41.30399046 002.08580174 41.30400328 002.08581662
111 41.30399046 002.08580174
112 41.30399046 002.08580174 41.30400816 002.08582227 52
112 41.30403731 002.08588258 41.30405040 002.08591645
111 41.30403731 002.08588258 52
111 41.30448590 002.08719298 52
111 41.30469387 002.08780058
112 41.30469387 002.08780058 41.30473253 002.08791675 52
112 41.30464773 002.08808756 41.30462182 002.08812146
111 41.30464773 002.08808756
112 41.30464773 002.08808756 41.30463351 002.08810615 52
116 41.30461502 002.08812476 41.30460712 002.08812848
120 Linear Feature 6
111 41.30445406 002.08532487 52
112 41.30463760 002.08534435 41.30472275 002.08540045
111 41.30463760 002.08534435
112 41.30463760 002.08534435 41.30465164 002.08535360
112 41.30467815 002.08538025 41.30469097 002.08539513
111 41.30467815 002.08538025
112 41.30467815 002.08538025 41.30469584 002.08540078 52
112 41.30472500 002.08546109 41.30473809 002.08549496
111 41.30472500 002.08546109 52
111 41.30517359 002.08677151 52
111 41.30539576 002.08742202
112 41.30539576 002.08742202 41.30540899 002.08746333 52
112 41.30539003 002.08759943 41.30537157 002.08765559
111 41.30539003 002.08759943
112 41.30539003 002.08759943 41.30537811 002.08763570 52
112 41.30532199 002.08771990 41.30529608 002.08775380
111 41.30532199 002.08771990
112 41.30532199 002.08771990 41.30530778 002.08773849 52
116 41.30528696 002.08775588 41.30527906 002.08775960
120 Linear Feature 6
111 41.30562555 002.08419651 51
112 41.30583386 002.08434674 41.30588692 002.08450844
111 41.30583386 002.08434674 51
115 41.30610375 002.08513318
120 Linear Feature
111 41.30703305 002.08719945 20
115 41.30704868 002.08724507
120 Linear Feature
111 41.30629687 002.08709975 80
115 41.30643530 002.08750419
120 Linear Feature
111 41.30633134 002.08707901 80
115 41.30646975 002.08748337
120 Linear Feature
111 41.30657360 002.08693326 80
115 41.30671182 002.08733708
120 Linear Feature
111 41.30661103 002.08691075 80
115 41.30674922 002.08731448
120 Linear Feature
112 41.30627358 002.08727243 41.30628724 002.08731263 72
112 41.30624364 002.08737815 41.30621344 002.08739634
111 41.30624364 002.08737815
112 41.30624364 002.08737815 41.30621344 002.08739634 72
112 41.30616422 002.08733830 41.30615056 002.08729810 72
112 41.30619416 002.08723257 41.30622436 002.08721438
111 41.30619416 002.08723257
114 41.30619416 002.08723257 41.30622436 002.08721438 72
120 Linear Feature
112 41.30654966 002.08709969 41.30656332 002.08713989 72
112 41.30651972 002.08720542 41.30648952 002.08722361
111 41.30651972 002.08720542
112 41.30651972 002.08720542 41.30648952 002.08722361 72
112 41.30644030 002.08716556 41.30642664 002.08712536 72
112 41.30647024 002.08705984 41.30650043 002.08704165
111 41.30647024 002.08705984
114 41.30647024 002.08705984 41.30650043 002.08704165 72
120 Linear Feature
112 41.30683038 002.08693515 41.30684404 002.08697535 72
112 41.30680044 002.08704088 41.30677024 002.08705907
111 41.30680044 002.08704088
112 41.30680044 002.08704088 41.30677024 002.08705907 72
112 41.30672102 002.08700103 41.30670736 002.08696083 72
112 41.30675096 002.08689530 41.30678116 002.08687711
111 41.30675096 002.08689530
114 41.30675096 002.08689530 41.30678116 002.08687711 72
120 Linear Feature
112 41.30657315 002.08708299 41.30659301 002.08714143 52
112 41.30652962 002.08723670 41.30648572 002.08726314
111 41.30652962 002.08723670
112 41.30652962 002.08723670 41.30648572 002.08726314 52
112 41.30641416 002.08717876 41.30639430 002.08712031
111 41.30641416 002.08717876
112 41.30641416 002.08717876 41.30641034 002.08716752 52
112 41.30640696 002.08714428 41.30640595 002.08713265
111 41.30640696 002.08714428
112 41.30640696 002.08714428 41.30640611 002.08713451
112 41.30640719 002.08711517 41.30640818 002.08710561
111 41.30640719 002.08711517
112 41.30640719 002.08711517 41.30641114 002.08707692 52
112 41.30645769 002.08702505 41.30648606 002.08700796
111 41.30645769 002.08702505
114 41.30645769 002.08702505 41.30650159 002.08699861 52
120 Linear Feature
112 41.30685387 002.08691845 41.30687373 002.08697690 52
112 41.30681035 002.08707216 41.30676645 002.08709860
111 41.30681035 002.08707216
112 41.30681035 002.08707216 41.30676645 002.08709860 52
112 41.30669488 002.08701422 41.30667502 002.08695577
111 41.30669488 002.08701422
112 41.30669488 002.08701422 41.30669097 002.08700271 52
112 41.30668761 002.08697889 41.30668664 002.08696698
111 41.30668761 002.08697889
112 41.30668761 002.08697889 41.30668682 002.08696917
112 41.30668799 002.08694995 41.30668901 002.08694044
111 41.30668799 002.08694995
112 41.30668799 002.08694995 41.30669208 002.08691197 52
112 41.30673841 002.08686051 41.30676661 002.08684353
111 41.30673841 002.08686051
114 41.30673841 002.08686051 41.30678231 002.08683407 52
120 Linear Feature
112 41.30629707 002.08725573 41.30631693 002.08731417 52
112 41.30625355 002.08740943 41.30620964 002.08743588
111 41.30625355 002.08740943
112 41.30625355 002.08740943 41.30620964 002.08743588 52
112 41.30613809 002.08735149 41.30611822 002.08729305
111 41.30613809 002.08735149
112 41.30613809 002.08735149 41.30613411 002.08733980 52
112 41.30613077 002.08731560 41.30612982 002.08730350
111 41.30613077 002.08731560
112 41.30613077 002.08731560 41.30613001 002.08730585
112 41.30613126 002.08728660 41.30613232 002.08727709
111 41.30613126 002.08728660
112 41.30613126 002.08728660 41.30613548 002.08724887 52
112 41.30618161 002.08719779 41.30620966 002.08718089
111 41.30618161 002.08719779
114 41.30618161 002.08719779 41.30622551 002.08717134 52
120 Linear Feature
111 41.29404322 002.05798588 20
111 41.29396526 002.05808120 20
115 41.29390631 002.05811697
120 Linear Feature
111 41.29402240 002.05795749 20
111 41.29394580 002.05804907 20
115 41.29389384 002.05807890
120 Linear Feature
111 41.29387716 002.05802794 20
111 41.29390631 002.05811697 20
111 41.29386071 002.05814343 20
113 41.29383155 002.05805439 20
120 Linear Feature
111 41.29381805 002.05764301 20
111 41.29380432 002.05780035 20
115 41.29381805 002.05786023
120 Linear Feature
111 41.29396107 002.05783909 20
115 41.29391414 002.05792011
120 Linear Feature
111 41.29383893 002.05795799 22
111 41.29379853 002.05798597 22
115 41.29374098 002.05804408
120 Linear Feature
111 41.29394159 002.05780328 20
115 41.29389465 002.05788430
120 Linear Feature
111 41.29392521 002.05776160 20
115 41.29387827 002.05784262
120 Linear Feature
111 41.29390705 002.05772403 20
115 41.29386012 002.05780504
120 Linear Feature 10
111 41.29453600 002.08327831 51
112 41.29438528 002.08322152 41.29431305 002.08316635
111 41.29438528 002.08322152
112 41.29438528 002.08322152 41.29437302 002.08321215
112 41.29434944 002.08318853 41.29433795 002.08317581
111 41.29434944 002.08318853
112 41.29434944 002.08318853 41.29432605 002.08316265 51
112 41.29429016 002.08308640 41.29427520 002.08304348
111 41.29429016 002.08308640
112 41.29429016 002.08308640 41.29431426 002.08316630 51
112 41.29430139 002.08331045 41.29429121 002.08337437
111 41.29430139 002.08331045
112 41.29430139 002.08331045 41.29429805 002.08333141
112 41.29428964 002.08336748 41.29428538 002.08338434
111 41.29428964 002.08336748
112 41.29428964 002.08336748 41.29427816 002.08341287 51
115 41.29426578 002.08344129
120 Linear Feature 9
111 41.29393683 002.08204488 51
115 41.29429016 002.08308640
120 Linear Feature 8
111 41.29394012 002.08229110 51
115 41.29399087 002.08226019
120 Linear Feature 8
111 41.29375495 002.08123595 51
115 41.29380032 002.08120869
120 Linear Feature 8
111 41.29420407 002.08096615 51
115 41.29424943 002.08093890
120 Linear Feature 8
111 41.29357778 002.07941702 51
115 41.29362315 002.07938977
120 Linear Feature 8
111 41.29289213 002.07870817 51
115 41.29293750 002.07868091
120 Linear Feature 8
111 41.29333895 002.07843824 51
115 41.29338432 002.07841099
120 Linear Feature 8
111 41.29368025 002.07828184 51
115 41.29372562 002.07825459
120 Linear Feature 8
111 41.29389176 002.07917811 51
115 41.29393713 002.07915085
120 Linear Feature 8
111 41.29454853 002.08081623 51
115 41.29459390 002.08078898
120 Linear Feature 8
111 41.29234910 002.07758424 51
115 41.29230214 002.07757191
120 Linear Feature 8
111 41.29237275 002.07744417 51
115 41.29232580 002.07743183
120 Linear Feature 8
111 41.29290843 002.07682739 51
115 41.29293571 002.07677505
120 Linear Feature 8
111 41.29281904 002.07674309 51
115 41.29284632 002.07669075
120 Linear Feature 8
111 41.29478872 002.08160984 51
115 41.29483489 002.08162664
120 Linear Feature 7
111 41.29471306 002.08229172 51
112 41.29462071 002.08240760 41.29456266 002.08244714 51
112 41.29448222 002.08272747 41.29446400 002.08289099 51
112 41.29457097 002.08308654 41.29459960 002.08312397
111 41.29457097 002.08308654
111 41.29460522 002.08312910
112 41.29460522 002.08312910 41.29465929 002.08320232 51
115 41.29474144 002.08315440
120 Linear Feature 6
111 41.29489838 002.08146107 51
111 41.29471306 002.08229172 51
111 41.29460330 002.08278369
112 41.29460330 002.08278369 41.29459778 002.08280779 51
112 41.29461845 002.08288132 41.29463925 002.08291000 51
112 41.29467562 002.08304522 41.29467921 002.08310782
111 41.29467562 002.08304522
111 41.29468006 002.08310746
112 41.29468006 002.08310746 41.29468623 002.08318432 51
115 41.29464388 002.08321324
120 Linear Feature 17
111 41.29222719 002.07629207 52
112 41.29232076 002.07611478 41.29234779 002.07600152
111 41.29232076 002.07611478
112 41.29232076 002.07611478 41.29233857 002.07604016 52
112 41.29233706 002.07583653 41.29232463 002.07573139
111 41.29233706 002.07583653
112 41.29233706 002.07583653 41.29232660 002.07574804 52
112 41.29226319 002.07556719 41.29222890 002.07547954
111 41.29226319 002.07556719
112 41.29226319 002.07556719 41.29212632 002.07521733 52
115 41.29186854 002.07510446
120 Linear Feature 13
111 41.29563851 002.06203677 51
115 41.29563222 002.06201853
120 Linear Feature 12
111 41.29565181 002.06198362 51
115 41.29565831 002.06200270
120 Linear Feature 11
111 41.29601245 002.06176529 51
115 41.29601894 002.06178398
120 Linear Feature 10
111 41.29607392 002.06177012 51
115 41.29606840 002.06175399
120 Linear Feature 9
111 41.29637286 002.06155206 51
115 41.29637779 002.06156635
120 Linear Feature 8
111 41.29646696 002.06152821 51
115 41.29646249 002.06151497
120 v
111 41.29670645 002.06134924 51
115 41.29671141 002.06136400
120 Linear Feature 6
111 41.29684416 002.06130420 51
115 41.29683834 002.06128702
120 Linear Feature 5
111 41.29704328 002.06113997 51
115 41.29704976 002.06115880
120 Linear Feature 4
111 41.29721599 002.06105798 51
115 41.29722264 002.06107799
120 Linear Feature 1
111 41.29212903 002.08310054 51
115 41.29210913 002.08316564
120 Linear Feature 1
111 41.29860657 002.06432415 20
116 41.29845375 002.06436046 41.29840046 002.06439267
120 Linear Feature 23
111 41.30023815 002.06899053 20
112 41.30047981 002.06939095 41.30054172 002.06957583
111 41.30047981 002.06939095
112 41.30047981 002.06939095 41.30053467 002.06955475 20
112 41.30064368 002.06971377 41.30069784 002.06976687
111 41.30064368 002.06971377
112 41.30064368 002.06971377 41.30070416 002.06977308 20
112 41.30097284 002.07006985 41.30108465 002.07022454
111 41.30097284 002.07006985
112 41.30097284 002.07006985 41.30107575 002.07020333 20
112 41.30121856 002.07064481 41.30126829 002.07080088
111 41.30121856 002.07064481
112 41.30121856 002.07064481 41.30124967 002.07074163 20
112 41.30125739 002.07104284 41.30124392 002.07119206
111 41.30125739 002.07104284
112 41.30125739 002.07104284 41.30124374 002.07119406 20
116 41.30116047 002.07135273 41.30113721 002.07139999
120 Linear Feature 23
111 41.30021765 002.06901824 22
116 41.30045503 002.06940566 41.30051456 002.06958339
120 Linear Feature 23
112 41.30116047 002.07135273 41.30112647 002.07141868 20
115 41.30067350 002.07228331
120 Linear Feature 23
111 41.30017684 002.06907342 20
116 41.30039767 002.06943716 41.30045207 002.06959960
120 Linear Feature 23
111 41.30037063 002.06945926 20
112 41.30043947 002.06963927 41.30048246 002.06972106 20
111 41.30057353 002.06981348 20
112 41.30090415 002.07015653 41.30095858 002.07024527
111 41.30090415 002.07015653
112 41.30090415 002.07015653 41.30094872 002.07022919 20
112 41.30101210 002.07035498 41.30104644 002.07043402
111 41.30101210 002.07035498
112 41.30101210 002.07035498 41.30106209 002.07047006 20
111 41.30113562 002.07069181
112 41.30113562 002.07069181 41.30116209 002.07077417 20
112 41.30116944 002.07103048 41.30115787 002.07115860
111 41.30116944 002.07103048
112 41.30116944 002.07103048 41.30115803 002.07115683 20
112 41.30110400 002.07131456 41.30106333 002.07141257
111 41.30110400 002.07131456
112 41.30110400 002.07131456 41.30107051 002.07137953 20
112 41.30065541 002.07217283 41.30063477 002.07221268
111 41.30065541 002.07217283
112 41.30065541 002.07217283 41.30062074 002.07223978 20
115 41.30064167 002.07231679
120 Linear Feature 23
111 41.30019731 002.06904573 22
112 41.30042851 002.06942140 41.30048548 002.06959149 22
112 41.30060311 002.06976002 41.30066486 002.06982056 22
112 41.30093901 002.07011457 41.30104703 002.07026402
111 41.30093901 002.07011457
112 41.30093901 002.07011457 41.30103503 002.07023912 22
112 41.30117838 002.07066856 41.30122785 002.07082383
111 41.30117838 002.07066856
112 41.30117838 002.07066856 41.30120703 002.07075772 22
112 41.30121365 002.07103600 41.30120118 002.07117405 22
112 41.30113635 002.07133120 41.30111510 002.07137437
111 41.30113635 002.07133120
112 41.30113635 002.07133120 41.30110254 002.07139679 22
112 41.30068430 002.07220590 41.30066365 002.07224578 22
115 41.30067350 002.07228331
120 Linear Feature 22
112 41.29875793 002.06443150 41.29874725 002.06443262 20
111 41.29871515 002.06442971
112 41.29871515 002.06442971 41.29874386 002.06452748 20
115 41.29876083 002.06468074
120 Linear Feature 15
111 41.30641835 002.08473074 20
111 41.30644556 002.08481503 20
111 41.30638122 002.08485182 20
113 41.30635402 002.08476754 20
120 Linear Feature 13
111 41.30662383 002.08510276 20
115 41.30648564 002.08518295
120 Linear Feature 13
111 41.30660504 002.08504775 20
115 41.30646685 002.08512794
120 Linear Feature 13
111 41.30658684 002.08499443 20
115 41.30644865 002.08507461
120 Linear Feature 13
111 41.30656786 002.08493885 20
115 41.30642967 002.08501903
120 Linear Feature 13
111 41.30654929 002.08488447 20
115 41.30641110 002.08496466
120 Linear Feature 12
111 41.30639398 002.08491451 20
111 41.30653120 002.08483148 20
111 41.30664174 002.08515521 20
113 41.30650452 002.08523825 20
120 Linear Feature 10
111 41.30645049 002.08459615 20
115 41.30631282 002.08467639
120 Linear Feature 10
111 41.30616577 002.08415712 20
115 41.30612969 002.08417880
120 Linear Feature 10
111 41.30638947 002.08442114 20
115 41.30625181 002.08450137
120 Linear Feature 9
111 41.30633087 002.08472987 20
111 41.30632862 002.08472319
111 41.30631508 002.08468308 20
111 41.30631282 002.08467639 20
111 41.30631057 002.08466970
111 41.30629703 002.08462959 20
111 41.30629478 002.08462290 20
111 41.30643194 002.08454257 20
111 41.30645049 002.08459615 20
113 41.30646898 002.08464954 20
120 Linear Feature 9
111 41.30614086 002.08421258 20
111 41.30613946 002.08420836
111 41.30613109 002.08418303 20
111 41.30612969 002.08417880 20
111 41.30612830 002.08417458
111 41.30611992 002.08414925 20
111 41.30611853 002.08414503 20
111 41.30615428 002.08412328 20
111 41.30616577 002.08415712 20
113 41.30617721 002.08419084 20
120 Linear Feature 9
111 41.30626985 002.08455486 20
111 41.30626760 002.08454817
111 41.30625406 002.08450806 20
111 41.30625181 002.08450137 20
111 41.30624955 002.08449469
111 41.30623601 002.08445458 20
111 41.30623376 002.08444789 20
111 41.30637092 002.08436756 20
111 41.30638947 002.08442114 20
113 41.30640796 002.08447453 20
120 Linear Feature 13
111 41.29177948 002.08201334 20
115 41.29182928 002.08200362
120 Linear Feature 13
111 41.29177645 002.08198948 20
115 41.29182625 002.08197976
120 Linear Feature 13
111 41.29178251 002.08203720 20
115 41.29183231 002.08202748
120 Linear Feature 13
111 41.29178554 002.08206106 20
115 41.29183534 002.08205134
120 Linear Feature 13
111 41.29178857 002.08208492 20
115 41.29183837 002.08207520
120 Linear Feature 13
111 41.29179166 002.08210919 20
115 41.29184145 002.08209948
120 Linear Feature 13
111 41.29179464 002.08213264 20
115 41.29184443 002.08212292
120 Linear Feature 13
111 41.29179767 002.08215649 20
115 41.29184746 002.08214678
120 Linear Feature 13
111 41.29180070 002.08218036 20
115 41.29185049 002.08217064
120 Linear Feature 13
111 41.29180373 002.08220421 20
115 41.29185352 002.08219450
120 Linear Feature 13
111 41.29180676 002.08222807 20
115 41.29185655 002.08221836
120 Linear Feature 13
111 41.29180979 002.08225193 20
115 41.29185958 002.08224222
120 Linear Feature 13
111 41.29181282 002.08227579 20
115 41.29186261 002.08226608
120 Linear Feature 13
111 41.29181585 002.08229965 20
115 41.29186565 002.08228994
120 Linear Feature 13
111 41.29181888 002.08232351 20
115 41.29186868 002.08231380
120 Linear Feature 12
111 41.29187171 002.08233766 20
111 41.29182191 002.08234737 20
111 41.29181888 002.08232351 20
111 41.29181585 002.08229965 20
111 41.29181282 002.08227579 20
111 41.29180979 002.08225193 20
111 41.29180676 002.08222807 20
111 41.29180373 002.08220421 20
111 41.29180070 002.08218036 20
111 41.29179767 002.08215649 20
111 41.29179464 002.08213264 20
111 41.29179161 002.08210878 20
111 41.29178857 002.08208492 20
111 41.29178554 002.08206106 20
111 41.29178251 002.08203720 20
111 41.29177948 002.08201334 20
111 41.29177645 002.08198948 20
111 41.29177342 002.08196562 20
111 41.29182322 002.08195590 20
111 41.29182625 002.08197976 20
111 41.29182928 002.08200362 20
111 41.29183231 002.08202748 20
111 41.29183534 002.08205134 20
111 41.29183837 002.08207520 20
111 41.29184140 002.08209906 20
111 41.29184443 002.08212292 20
111 41.29184746 002.08214678 20
111 41.29185049 002.08217064 20
111 41.29185352 002.08219450 20
111 41.29185655 002.08221836 20
111 41.29185958 002.08224222 20
111 41.29186261 002.08226608 20
111 41.29186565 002.08228994 20
113 41.29186868 002.08231380 20
120 Linear Feature 13
111 41.29160721 002.08232822 20
115 41.29156668 002.08236793
120 Linear Feature 13
111 41.29161830 002.08234739 20
115 41.29157778 002.08238710
120 Linear Feature 13
111 41.29159611 002.08230905 20
115 41.29155558 002.08234876
120 Linear Feature 13
111 41.29158501 002.08228988 20
115 41.29154448 002.08232959
120 Linear Feature 13
111 41.29157391 002.08227072 20
115 41.29153339 002.08231043
120 Linear Feature 13
111 41.29156262 002.08225122 20
115 41.29152209 002.08229093
120 Linear Feature 13
111 41.29155172 002.08223238 20
115 41.29151119 002.08227209
120 Linear Feature 13
111 41.29154062 002.08221321 20
115 41.29150009 002.08225292
120 Linear Feature 13
111 41.29152952 002.08219405 20
115 41.29148900 002.08223376
120 Linear Feature 13
111 41.29151843 002.08217488 20
115 41.29147790 002.08221459
120 Linear Feature 13
111 41.29150733 002.08215571 20
115 41.29146680 002.08219542
120 Linear Feature 13
111 41.29149623 002.08213654 20
115 41.29145570 002.08217625
120 Linear Feature 13
111 41.29148514 002.08211738 20
115 41.29144461 002.08215708
120 Linear Feature 13
111 41.29147404 002.08209821 20
115 41.29143351 002.08213792
120 Linear Feature 13
111 41.29146294 002.08207904 20
115 41.29142241 002.08211875
120 Linear Feature 12
111 41.29141131 002.08209958 20
111 41.29145184 002.08205987 20
111 41.29146294 002.08207904 20
111 41.29147404 002.08209821 20
111 41.29148514 002.08211738 20
111 41.29149623 002.08213654 20
111 41.29150733 002.08215571 20
111 41.29151843 002.08217488 20
111 41.29152952 002.08219405 20
111 41.29154062 002.08221321 20
111 41.29155172 002.08223238 20
111 41.29156282 002.08225155 20
111 41.29157391 002.08227072 20
111 41.29158501 002.08228988 20
111 41.29159611 002.08230905 20
111 41.29160721 002.08232822 20
111 41.29161830 002.08234739 20
111 41.29162940 002.08236655 20
111 41.29158887 002.08240626 20
111 41.29157778 002.08238710 20
111 41.29156668 002.08236793 20
111 41.29155558 002.08234876 20
111 41.29154448 002.08232959 20
111 41.29153339 002.08231043 20
111 41.29152229 002.08229126 20
111 41.29151119 002.08227209 20
111 41.29150009 002.08225292 20
111 41.29148900 002.08223376 20
111 41.29147790 002.08221459 20
111 41.29146680 002.08219542 20
111 41.29145570 002.08217625 20
111 41.29144461 002.08215708 20
111 41.29143351 002.08213792 20
113 41.29142241 002.08211875 20
120 Linear Feature 13
111 41.29105117 002.08094147 20
115 41.29100502 002.08096819
120 Linear Feature 13
111 41.29105879 002.08096344 20
115 41.29101264 002.08099016
120 Linear Feature 13
111 41.29104355 002.08091950 20
115 41.29099740 002.08094622
120 Linear Feature 13
111 41.29103593 002.08089753 20
115 41.29098979 002.08092425
120 Linear Feature 13
111 41.29102832 002.08087555 20
115 41.29098217 002.08090228
120 Linear Feature 13
111 41.29102057 002.08085320 20
115 41.29097442 002.08087992
120 Linear Feature 13
111 41.29101308 002.08083161 20
115 41.29096694 002.08085833
120 Linear Feature 13
111 41.29100546 002.08080964 20
115 41.29095932 002.08083636
120 Linear Feature 13
111 41.29099785 002.08078767 20
115 41.29095170 002.08081439
120 Linear Feature 13
111 41.29099023 002.08076570 20
115 41.29094408 002.08079242
120 Linear Feature 13
111 41.29098261 002.08074372 20
115 41.29093647 002.08077045
120 Linear Feature 13
111 41.29097500 002.08072175 20
115 41.29092885 002.08074848
120 Linear Feature 13
111 41.29096738 002.08069978 20
115 41.29092123 002.08072650
120 Linear Feature 13
111 41.29095976 002.08067781 20
115 41.29091361 002.08070453
120 Linear Feature 13
111 41.29095214 002.08065584 20
115 41.29090600 002.08068256
120 Linear Feature 12
111 41.29089838 002.08066059 20
111 41.29094453 002.08063387 20
111 41.29095214 002.08065584 20
111 41.29095976 002.08067781 20
111 41.29096738 002.08069978 20
111 41.29097500 002.08072175 20
111 41.29098261 002.08074372 20
111 41.29099023 002.08076570 20
111 41.29099785 002.08078767 20
111 41.29100546 002.08080964 20
111 41.29101308 002.08083161 20
111 41.29102070 002.08085358 20
111 41.29102832 002.08087555 20
111 41.29103593 002.08089753 20
111 41.29104355 002.08091950 20
111 41.29105117 002.08094147 20
111 41.29105879 002.08096344 20
111 41.29106641 002.08098541 20
111 41.29102026 002.08101213 20
111 41.29101264 002.08099016 20
111 41.29100502 002.08096819 20
111 41.29099740 002.08094622 20
111 41.29098979 002.08092425 20
111 41.29098217 002.08090228 20
111 41.29097455 002.08088030 20
111 41.29096694 002.08085833 20
111 41.29095932 002.08083636 20
111 41.29095170 002.08081439 20
111 41.29094408 002.08079242 20
111 41.29093647 002.08077045 20
111 41.29092885 002.08074848 20
111 41.29092123 002.08072650 20
111 41.29091361 002.08070453 20
113 41.29090600 002.08068256 20
120 Linear Feature 13
111 41.29045639 002.07801468 20
115 41.29050259 002.07798812
120 Linear Feature 13
111 41.29044882 002.07799269 20
115 41.29049502 002.07796613
120 Linear Feature 13
111 41.29046397 002.07803668 20
115 41.29051017 002.07801012
120 Linear Feature 13
111 41.29047154 002.07805868 20
115 41.29051774 002.07803212
120 Linear Feature 13
111 41.29047911 002.07808068 20
115 41.29052531 002.07805412
120 Linear Feature 13
111 41.29048682 002.07810306 20
115 41.29053302 002.07807650
120 Linear Feature 13
111 41.29049426 002.07812468 20
115 41.29054046 002.07809811
120 Linear Feature 13
111 41.29050183 002.07814667 20
115 41.29054804 002.07812011
120 Linear Feature 13
111 41.29050941 002.07816867 20
115 41.29055561 002.07814211
120 Linear Feature 13
111 41.29051698 002.07819067 20
115 41.29056318 002.07816411
120 Linear Feature 13
111 41.29052455 002.07821267 20
115 41.29057076 002.07818611
120 Linear Feature 13
111 41.29053213 002.07823467 20
115 41.29057833 002.07820811
120 Linear Feature 13
111 41.29053970 002.07825667 20
115 41.29058590 002.07823010
120 Linear Feature 13
111 41.29054728 002.07827866 20
115 41.29059348 002.07825210
120 Linear Feature 13
111 41.29055485 002.07830066 20
115 41.29060105 002.07827410
120 Linear Feature 12
111 41.29060862 002.07829610 20
111 41.29056242 002.07832266 20
111 41.29055485 002.07830066 20
111 41.29054728 002.07827866 20
111 41.29053970 002.07825667 20
111 41.29053213 002.07823467 20
111 41.29052455 002.07821267 20
111 41.29051698 002.07819067 20
111 41.29050941 002.07816867 20
111 41.29050183 002.07814667 20
111 41.29049426 002.07812468 20
111 41.29048669 002.07810268 20
111 41.29047911 002.07808068 20
111 41.29047154 002.07805868 20
111 41.29046397 002.07803668 20
111 41.29045639 002.07801468 20
111 41.29044882 002.07799269 20
111 41.29044124 002.07797069 20
111 41.29048744 002.07794413 20
111 41.29049502 002.07796613 20
111 41.29050259 002.07798812 20
111 41.29051017 002.07801012 20
111 41.29051774 002.07803212 20
111 41.29052531 002.07805412 20
111 41.29053289 002.07807612 20
111 41.29054046 002.07809811 20
111 41.29054804 002.07812011 20
111 41.29055561 002.07814211 20
111 41.29056318 002.07816411 20
111 41.29057076 002.07818611 20
111 41.29057833 002.07820811 20
111 41.29058590 002.07823010 20
111 41.29059348 002.07825210 20
113 41.29060105 002.07827410 20
120 Linear Feature 13
111 41.29125304 002.08035400 20
115 41.29129925 002.08032747
120 Linear Feature 13
111 41.29124547 002.08033199 20
115 41.29129169 002.08030547
120 Linear Feature 13
111 41.29126060 002.08037600 20
115 41.29130681 002.08034948
120 Linear Feature 13
111 41.29126817 002.08039801 20
115 41.29131438 002.08037148
120 Linear Feature 13
111 41.29127573 002.08042001 20
115 41.29132194 002.08039349
120 Linear Feature 13
111 41.29128342 002.08044240 20
115 41.29132964 002.08041587
120 Linear Feature 13
111 41.29129086 002.08046402 20
115 41.29133707 002.08043750
120 Linear Feature 13
111 41.29129842 002.08048602 20
115 41.29134463 002.08045950
120 Linear Feature 13
111 41.29130598 002.08050803 20
115 41.29135220 002.08048150
120 Linear Feature 13
111 41.29131355 002.08053003 20
115 41.29135976 002.08050351
120 Linear Feature 13
111 41.29132111 002.08055204 20
115 41.29136733 002.08052551
120 Linear Feature 13
111 41.29132868 002.08057404 20
115 41.29137489 002.08054752
120 Linear Feature 13
111 41.29133624 002.08059605 20
115 41.29138245 002.08056952
120 Linear Feature 13
111 41.29134380 002.08061805 20
115 41.29139002 002.08059153
120 Linear Feature 13
111 41.29135137 002.08064006 20
115 41.29139758 002.08061353
120 Linear Feature 12
111 41.29140514 002.08063554 20
111 41.29135893 002.08066206 20
111 41.29135137 002.08064006 20
111 41.29134380 002.08061805 20
111 41.29133624 002.08059605 20
111 41.29132868 002.08057404 20
111 41.29132111 002.08055204 20
111 41.29131355 002.08053003 20
111 41.29130598 002.08050803 20
111 41.29129842 002.08048602 20
111 41.29129086 002.08046402 20
111 41.29128329 002.08044202 20
111 41.29127573 002.08042001 20
111 41.29126817 002.08039801 20
111 41.29126060 002.08037600 20
111 41.29125304 002.08035400 20
111 41.29124547 002.08033199 20
111 41.29123791 002.08030999 20
111 41.29128412 002.08028346 20
111 41.29129169 002.08030547 20
111 41.29129925 002.08032747 20
111 41.29130681 002.08034948 20
111 41.29131438 002.08037148 20
111 41.29132194 002.08039349 20
111 41.29132951 002.08041549 20
111 41.29133707 002.08043750 20
111 41.29134463 002.08045950 20
111 41.29135220 002.08048150 20
111 41.29135976 002.08050351 20
111 41.29136733 002.08052551 20
111 41.29137489 002.08054752 20
111 41.29138245 002.08056952 20
111 41.29139002 002.08059153 20
113 41.29139758 002.08061353 20
120 Linear Feature 13
111 41.29084298 002.07914618 20
115 41.29088910 002.07911937
120 Linear Feature 13
111 41.29083534 002.07912422 20
115 41.29088146 002.07909742
120 Linear Feature 13
111 41.29085062 002.07916814 20
115 41.29089674 002.07914133
120 Linear Feature 13
111 41.29085826 002.07919009 20
115 41.29090438 002.07916329
120 Linear Feature 13
111 41.29086590 002.07921205 20
115 41.29091202 002.07918525
120 Linear Feature 13
111 41.29087367 002.07923439 20
115 41.29091979 002.07920759
120 Linear Feature 13
111 41.29088117 002.07925597 20
115 41.29092730 002.07922917
120 Linear Feature 13
111 41.29088881 002.07927793 20
115 41.29093494 002.07925112
120 Linear Feature 13
111 41.29089645 002.07929989 20
115 41.29094257 002.07927308
120 Linear Feature 13
111 41.29090409 002.07932184 20
115 41.29095021 002.07929504
120 Linear Feature 13
111 41.29091173 002.07934380 20
115 41.29095785 002.07931700
120 Linear Feature 13
111 41.29091937 002.07936576 20
115 41.29096549 002.07933896
120 Linear Feature 13
111 41.29092701 002.07938772 20
115 41.29097313 002.07936091
120 Linear Feature 13
111 41.29093465 002.07940968 20
115 41.29098077 002.07938287
120 Linear Feature 13
111 41.29094229 002.07943164 20
115 41.29098841 002.07940483
120 Linear Feature 12
111 41.29099605 002.07942679 20
111 41.29094993 002.07945359 20
111 41.29094229 002.07943164 20
111 41.29093465 002.07940968 20
111 41.29092701 002.07938772 20
111 41.29091937 002.07936576 20
111 41.29091173 002.07934380 20
111 41.29090409 002.07932184 20
111 41.29089645 002.07929989 20
111 41.29088881 002.07927793 20
111 41.29088117 002.07925597 20
111 41.29087353 002.07923401 20
111 41.29086590 002.07921205 20
111 41.29085826 002.07919009 20
111 41.29085062 002.07916814 20
111 41.29084298 002.07914618 20
111 41.29083534 002.07912422 20
111 41.29082770 002.07910226 20
111 41.29087382 002.07907546 20
111 41.29088146 002.07909742 20
111 41.29088910 002.07911937 20
111 41.29089674 002.07914133 20
111 41.29090438 002.07916329 20
111 41.29091202 002.07918525 20
111 41.29091966 002.07920721 20
111 41.29092730 002.07922917 20
111 41.29093494 002.07925112 20
111 41.29094257 002.07927308 20
111 41.29095021 002.07929504 20
111 41.29095785 002.07931700 20
111 41.29096549 002.07933896 20
111 41.29097313 002.07936091 20
111 41.29098077 002.07938287 20
113 41.29098841 002.07940483 20
120 Linear Feature 13
111 41.29048850 002.07930271 20
115 41.29044235 002.07932943
120 Linear Feature 13
111 41.29049611 002.07932468 20
115 41.29044997 002.07935140
120 Linear Feature 13
111 41.29048088 002.07928074 20
115 41.29043473 002.07930746
120 Linear Feature 13
111 41.29047326 002.07925877 20
115 41.29042711 002.07928549
120 Linear Feature 13
111 41.29046564 002.07923679 20
115 41.29041950 002.07926352
120 Linear Feature 13
111 41.29045790 002.07921444 20
115 41.29041175 002.07924117
120 Linear Feature 13
111 41.29045041 002.07919285 20
115 41.29040426 002.07921958
120 Linear Feature 13
111 41.29044279 002.07917088 20
115 41.29039664 002.07919760
120 Linear Feature 13
111 41.29043517 002.07914891 20
115 41.29038903 002.07917563
120 Linear Feature 13
111 41.29042756 002.07912694 20
115 41.29038141 002.07915366
120 Linear Feature 13
111 41.29041994 002.07910497 20
115 41.29037379 002.07913169
120 Linear Feature 13
111 41.29041232 002.07908299 20
115 41.29036617 002.07910972
120 Linear Feature 13
111 41.29040471 002.07906102 20
115 41.29035856 002.07908775
120 Linear Feature 13
111 41.29039709 002.07903905 20
115 41.29035094 002.07906578
120 Linear Feature 13
111 41.29038947 002.07901708 20
115 41.29034332 002.07904380
120 Linear Feature 12
111 41.29033570 002.07902183 20
111 41.29038185 002.07899511 20
111 41.29038947 002.07901708 20
111 41.29039709 002.07903905 20
111 41.29040471 002.07906102 20
111 41.29041232 002.07908299 20
111 41.29041994 002.07910497 20
111 41.29042756 002.07912694 20
111 41.29043517 002.07914891 20
111 41.29044279 002.07917088 20
111 41.29045041 002.07919285 20
111 41.29045803 002.07921482 20
111 41.29046564 002.07923679 20
111 41.29047326 002.07925877 20
111 41.29048088 002.07928074 20
111 41.29048850 002.07930271 20
111 41.29049611 002.07932468 20
111 41.29050373 002.07934665 20
111 41.29045758 002.07937337 20
111 41.29044997 002.07935140 20
111 41.29044235 002.07932943 20
111 41.29043473 002.07930746 20
111 41.29042711 002.07928549 20
111 41.29041950 002.07926352 20
111 41.29041188 002.07924155 20
111 41.29040426 002.07921958 20
111 41.29039664 002.07919760 20
111 41.29038903 002.07917563 20
111 41.29038141 002.07915366 20
111 41.29037379 002.07913169 20
111 41.29036617 002.07910972 20
111 41.29035856 002.07908775 20
111 41.29035094 002.07906578 20
113 41.29034332 002.07904380 20
120 Linear Feature 13
111 41.28995026 002.07773572 20
115 41.28990412 002.07776245
120 Linear Feature 13
111 41.28995788 002.07775769 20
115 41.28991173 002.07778442
120 Linear Feature 13
111 41.28994265 002.07771375 20
115 41.28989650 002.07774048
120 Linear Feature 13
111 41.28993503 002.07769178 20
115 41.28988888 002.07771850
120 Linear Feature 13
111 41.28992741 002.07766981 20
115 41.28988126 002.07769653
120 Linear Feature 13
111 41.28991966 002.07764746 20
115 41.28987351 002.07767418
120 Linear Feature 13
111 41.28991218 002.07762587 20
115 41.28986603 002.07765259
120 Linear Feature 13
111 41.28990456 002.07760390 20
115 41.28985841 002.07763062
120 Linear Feature 13
111 41.28989694 002.07758193 20
115 41.28985079 002.07760865
120 Linear Feature 13
111 41.28988932 002.07755995 20
115 41.28984318 002.07758668
120 Linear Feature 13
111 41.28988171 002.07753798 20
115 41.28983556 002.07756470
120 Linear Feature 13
111 41.28987409 002.07751601 20
115 41.28982794 002.07754273
120 Linear Feature 13
111 41.28986647 002.07749404 20
115 41.28982032 002.07752076
120 Linear Feature 13
111 41.28985885 002.07747207 20
115 41.28981271 002.07749879
120 Linear Feature 13
111 41.28985124 002.07745010 20
115 41.28980509 002.07747682
120 Linear Feature 12
111 41.28979747 002.07745485 20
111 41.28984362 002.07742813 20
111 41.28985124 002.07745010 20
111 41.28985885 002.07747207 20
111 41.28986647 002.07749404 20
111 41.28987409 002.07751601 20
111 41.28988171 002.07753798 20
111 41.28988932 002.07755995 20
111 41.28989694 002.07758193 20
111 41.28990456 002.07760390 20
111 41.28991218 002.07762587 20
111 41.28991979 002.07764784 20
111 41.28992741 002.07766981 20
111 41.28993503 002.07769178 20
111 41.28994265 002.07771375 20
111 41.28995026 002.07773572 20
111 41.28995788 002.07775769 20
111 41.28996550 002.07777967 20
111 41.28991935 002.07780639 20
111 41.28991173 002.07778442 20
111 41.28990412 002.07776245 20
111 41.28989650 002.07774048 20
111 41.28988888 002.07771850 20
111 41.28988126 002.07769653 20
111 41.28987365 002.07767456 20
111 41.28986603 002.07765259 20
111 41.28985841 002.07763062 20
111 41.28985079 002.07760865 20
111 41.28984318 002.07758668 20
111 41.28983556 002.07756470 20
111 41.28982794 002.07754273 20
111 41.28982032 002.07752076 20
111 41.28981271 002.07749879 20
113 41.28980509 002.07747682 20
120 82_red_line_wide_b.lin
111 41.28975086 002.06599441 80
111 41.29016228 002.06719854 80
111 41.28981253 002.06741076 80
111 41.28997728 002.06789031 80
111 41.29004625 002.06784833 80
111 41.29023036 002.06773628 80
111 41.29032791 002.06767691 80
111 41.29041810 002.06793708 80
111 41.29053318 002.06826902 80
111 41.29016417 002.06849295 80
111 41.29012402 002.06851731 80
111 41.29241211 002.07519027
112 41.29241211 002.07519027 41.29242912 002.07524020 80
112 41.29240615 002.07547228 41.29237164 002.07556963 80
112 41.29227366 002.07563917 41.29225568 002.07564980
111 41.29227366 002.07563917 80
111 41.29108354 002.07635695
112 41.29108354 002.07635695 41.29106751 002.07636657 80
112 41.29100367 002.07645335 41.29098515 002.07650382 80
112 41.29100023 002.07658849 41.29100703 002.07660853
111 41.29100023 002.07658849 80
115 41.29323506 002.08309488
120 dark_5m.lin
111 41.31190854 002.09997921 72
111 41.31130043 002.09819922
112 41.31130043 002.09819922 41.31117924 002.09789947 72
112 41.31149294 002.09767769 41.31172859 002.09757494
111 41.31149294 002.09767769
112 41.31149294 002.09767769 41.31171769 002.09757969 72
112 41.31192029 002.09711940 41.31196279 002.09695029
111 41.31192029 002.09711940 72
111 41.31239624 002.09525781
112 41.31239624 002.09525781 41.31244194 002.09508320 72
112 41.31241002 002.09455053 41.31234855 002.09428829
111 41.31241002 002.09455053
112 41.31241002 002.09455053 41.31233345 002.09422389 72
112 41.31197429 002.09386192 41.31180332 002.09380274
111 41.31197429 002.09386192 72
115 41.31110751 002.09343684
120 dark_5m.lin
111 41.31194357 002.09995800 70
111 41.31133493 002.09817645
112 41.31133493 002.09817645 41.31122577 002.09790643 70
112 41.31150492 002.09772638 41.31173051 002.09762802
111 41.31150492 002.09772638
112 41.31150492 002.09772638 41.31174143 002.09762326 70
112 41.31195675 002.09713578 41.31200113 002.09695923
111 41.31195675 002.09713578 70
111 41.31243263 002.09527449
112 41.31243263 002.09527449 41.31247949 002.09509543 70
112 41.31244676 002.09453527 41.31238268 002.09426191
111 41.31244676 002.09453527
112 41.31244676 002.09453527 41.31236793 002.09419899 70
112 41.31198581 002.09381297 41.31180464 002.09375025
111 41.31198581 002.09381297 70
115 41.31112082 002.09338876
120 dark_5m.lin
111 41.31187184 002.10000143 70
111 41.31126429 002.09822308
112 41.31126429 002.09822308 41.31113051 002.09789218 70
112 41.31148039 002.09762668 41.31172658 002.09751934
111 41.31148039 002.09762668
112 41.31148039 002.09762668 41.31169282 002.09753406 70
112 41.31188209 002.09710223 41.31192264 002.09694092
111 41.31188209 002.09710223 70
111 41.31235813 002.09524033
112 41.31235813 002.09524033 41.31240260 002.09507039 70
112 41.31237153 002.09456652 41.31231279 002.09431592
111 41.31237153 002.09456652
112 41.31237153 002.09456652 41.31229733 002.09424996 70
112 41.31196222 002.09391320 41.31180194 002.09385771
111 41.31196222 002.09391320 70
115 41.31109358 002.09348720
120 81_red_line_dash_b.lin
111 41.29882085 002.06641022 81
115 41.29873949 002.06657944
120 81_red_line_dash_b.lin
111 41.29558785 002.06255231 81
112 41.29551998 002.06263431 41.29550787 002.06267765 81
115 41.29551581 002.06275153
120 80_red_line_b.lin
111 41.29606252 002.05913613 80
115 41.29626054 002.05972360
120 80_red_line_b.lin
111 41.29570197 002.05935326 80
115 41.29590319 002.05993847
120 80_red_line_b.lin
111 41.29534303 002.05956950 80
115 41.29554437 002.06015422
120 80_red_line_b.lin
111 41.29498184 002.05978856 80
115 41.29518376 002.06037104
120 80_red_line_b.lin
111 41.29376686 002.08064665 80
111 41.29387890 002.08097485 80
115 41.29399200 002.08130609
120 80_red_line_b.lin
111 41.29290109 002.07811545 80
111 41.29301301 002.07844324 80
115 41.29312653 002.07877571
120 80_red_line_b.lin
111 41.29383949 002.08060305 80
111 41.29395213 002.08093305 80
115 41.29406460 002.08126251
120 80_red_line_b.lin
111 41.29297359 002.07807140 80
111 41.29308624 002.07840144 80
115 41.29319896 002.07873169
120 80_red_line_b.lin
111 41.29433267 002.08076675 80
111 41.29439373 002.08094297 80
111 41.29435534 002.08096654 80
115 41.29429557 002.08079406
120 80_red_line_b.lin
111 41.29346538 002.07823239 80
111 41.29352644 002.07840861 80
111 41.29348805 002.07843218 80
115 41.29342828 002.07825969
120 80_red_line_b.lin
111 41.29284801 002.07894497 80
111 41.29278421 002.07874256 80
115 41.29253624 002.07862190
120 80_red_line_b.lin
111 41.29387890 002.08097485 80
111 41.29381391 002.08117391 80
115 41.29388303 002.08137149
120 80_red_line_b.lin
111 41.29301301 002.07844324 80
111 41.29294802 002.07864230 80
115 41.29301784 002.07884176
120 80_red_line_b.lin
111 41.29395213 002.08093305 80
111 41.29409711 002.08100541 80
115 41.29416131 002.08120446
120 80_red_line_b.lin
111 41.29308624 002.07840144 80
111 41.29323121 002.07847380 80
115 41.29329548 002.07867303
120 80_red_line_b.lin
111 41.29416233 002.08040928 80
111 41.29429557 002.08079406 80
111 41.29426216 002.08090727 80
115 41.29432988 002.08110329
120 80_red_line_b.lin
111 41.29329530 002.07787589 80
111 41.29342828 002.07825969 80
111 41.29339487 002.07837290 80
115 41.29346321 002.07857110
120 80_red_line_b.lin
111 41.29449390 002.08100484 80
111 41.29442949 002.08081464 80
111 41.29433267 002.08076675 80
115 41.29420080 002.08038619
120 80_red_line_b.lin
111 41.29362696 002.07847159 80
111 41.29356219 002.07828028 80
111 41.29346538 002.07823239 80
115 41.29333375 002.07785252
120 80_red_line_b.lin
111 41.29377639 002.07798873 80
111 41.29372300 002.07817902 80
115 41.29379096 002.07837192
120 80_red_line_b.lin
111 41.29366136 002.07765343 80
111 41.29377639 002.07798873 80
111 41.29388768 002.07831314 80
111 41.29379096 002.07837192 80
111 41.29362696 002.07847159 80
111 41.29346321 002.07857110 80
111 41.29329548 002.07867303 80
111 41.29319896 002.07873169 80
111 41.29312653 002.07877571 80
111 41.29301784 002.07884176 80
111 41.29284801 002.07894497 80
111 41.29268174 002.07904601 80
111 41.29253624 002.07862190 80
111 41.29245542 002.07838630 80
111 41.29290109 002.07811545 80
111 41.29297359 002.07807140 80
111 41.29329530 002.07787589 80
113 41.29333375 002.07785252 80
120 80_red_line_b.lin
111 41.29381651 002.07939123 80
111 41.29372718 002.07934700 80
115 41.29366431 002.07915625
120 80_red_line_b.lin
111 41.29382554 002.07905927 80
111 41.29389277 002.07924822 80
115 41.29385637 002.07937277
120 80_red_line_b.lin
111 41.29379569 002.07919590 80
111 41.29385637 002.07937277 80
111 41.29398872 002.07975857 80
111 41.29395043 002.07978162 80
111 41.29381651 002.07939123 80
113 41.29375747 002.07921912 80
120 80_red_line_b.lin
111 41.29350040 002.07925483 80
111 41.29356414 002.07944794 80
111 41.29350299 002.07961384 80
115 41.29362716 002.07997624
120 80_red_line_b.lin
111 41.29399042 002.07896010 80
111 41.29405611 002.07915283 80
115 41.29419994 002.07922590
120 80_red_line_b.lin
111 41.29408813 002.07890133 80
111 41.29419994 002.07922590 80
111 41.29431564 002.07956175 80
111 41.29398872 002.07975857 80
111 41.29395043 002.07978162 80
111 41.29362716 002.07997624 80
111 41.29310863 002.08028842 80
111 41.29288151 002.07962707 80
111 41.29350040 002.07925483 80
111 41.29366431 002.07915625 80
111 41.29382554 002.07905927 80
113 41.29399042 002.07896010 80
120 80_red_line_b.lin
111 41.29465770 002.08090652 80
111 41.29459236 002.08071528 80
115 41.29464205 002.08053777
120 80_red_line_b.lin
111 41.29452337 002.08019258 80
111 41.29464205 002.08053777 80
111 41.29474981 002.08085124 80
111 41.29465770 002.08090652 80
111 41.29449390 002.08100484 80
111 41.29432988 002.08110329 80
111 41.29416131 002.08120446 80
111 41.29406460 002.08126251 80
111 41.29399200 002.08130609 80
111 41.29388303 002.08137149 80
111 41.29372301 002.08146753 80
111 41.29354901 002.08157659 80
111 41.29332183 002.08091375 80
111 41.29376686 002.08064665 80
111 41.29383949 002.08060305 80
111 41.29416233 002.08040928 80
113 41.29420080 002.08038619 80
120 81_red_line_dash_b.lin
111 41.29023036 002.06773628 81
111 41.29027134 002.06786206 81
115 41.29041810 002.06793708
120 81_red_line_dash_b.lin
111 41.29016417 002.06849295 81
111 41.29004744 002.06815552 81
111 41.29009437 002.06799062 81
115 41.29004625 002.06784833
120 80_red_line_b.lin
111 41.28947015 002.08182082 80
111 41.28923732 002.08196141 80
111 41.28938452 002.08239384 80
115 41.28962010 002.08225011
120 80_red_line_b.lin
111 41.28890069 002.08193083 80
111 41.28892906 002.08201321 80
111 41.28885225 002.08221726 80
115 41.28893481 002.08245890
120 80_red_line_b.lin
111 41.28917257 002.08176807 80
111 41.28923732 002.08196141 80
111 41.28924357 002.08198003 80
111 41.28909510 002.08191972 80
115 41.28906556 002.08183213
120 80_red_line_b.lin
111 41.28962010 002.08225011 80
111 41.28947015 002.08182082 80
111 41.28940345 002.08162986 80
111 41.28917257 002.08176807 80
111 41.28906556 002.08183213 80
111 41.28890069 002.08193083 80
115 41.28865349 002.08207881
120 80_red_line_b.lin
111 41.28962010 002.08225011 80
112 41.28959637 002.08256034 41.28950788 002.08269373 80
111 41.28937502 002.08266080 80
111 41.28893481 002.08245890 80
111 41.28841894 002.08222230 80
115 41.28865349 002.08207881
120 80_red_line_b.lin
111 41.28897708 002.08037823 80
111 41.28905835 002.08061505 80
111 41.28920571 002.08104446 80
111 41.28900291 002.08116773 80
111 41.28826257 002.08161772 80
111 41.28809726 002.08171820 80
111 41.28800191 002.08177605 80
111 41.28788890 002.08144916 80
111 41.28777186 002.08111061 80
111 41.28811898 002.08089979 80
111 41.28812912 002.08089363 80
111 41.28848182 002.08067926 80
111 41.28854274 002.08064223 80
113 41.28890349 002.08042296 80
120 80_red_line_b.lin
111 41.28876830 002.07977164 80
111 41.28851998 002.07905261 80
111 41.28809033 002.07931541 80
111 41.28807194 002.07932666 80
111 41.28794971 002.07940143 80
111 41.28787846 002.07944501 80
111 41.28769875 002.07955493 80
111 41.28732407 002.07978411 80
111 41.28757238 002.08050315 80
111 41.28793384 002.08028205 80
111 41.28839201 002.08000180 80
113 41.28874561 002.07978552 80
120 80_red_line_b.lin
111 41.28854274 002.08064223 80
111 41.28865670 002.08097498 80
111 41.28873489 002.08120330 80
111 41.28867393 002.08123987 80
111 41.28859765 002.08101727 80
113 41.28848182 002.08067926 80
120 80_red_line_b.lin
111 41.28859765 002.08101727 80
111 41.28854313 002.08120467 80
115 41.28857604 002.08129860
120 80_red_line_b.lin
111 41.28883365 002.08114405 80
111 41.28880095 002.08104879 80
115 41.28865670 002.08097498
120 80_red_line_b.lin
111 41.28890349 002.08042296 80
111 41.28902010 002.08076121 80
111 41.28896450 002.08095107 80
115 41.28899825 002.08104529
120 80_red_line_b.lin
111 41.28812912 002.08089363 80
111 41.28824717 002.08123449 80
111 41.28832218 002.08145091 80
111 41.28831202 002.08145701 80
111 41.28823801 002.08124339 80
113 41.28811898 002.08089979 80
120 80_red_line_b.lin
111 41.28841216 002.08139692 80
111 41.28838024 002.08130178 80
115 41.28824717 002.08123449
120 80_red_line_b.lin
111 41.28826257 002.08161772 80
111 41.28819109 002.08141360 80
115 41.28823801 002.08124339
120 80_red_line_b.lin
111 41.28769875 002.07955493 80
111 41.28797904 002.07973490 80
111 41.28801747 002.07975956 80
111 41.28803518 002.07965159 80
115 41.28809033 002.07931541
120 80_red_line_b.lin
111 41.28874561 002.07978552 80
111 41.28875883 002.07975891 80
111 41.28808693 002.07933613 80
115 41.28807194 002.07932666
120 81_red_line_dash_b.lin
111 41.28839201 002.08000180 81
111 41.28801696 002.07976037 81
115 41.28793384 002.08028205
120 80_red_line_b.lin
111 41.29470403 002.06066066 80
111 41.29482379 002.06058749 80
111 41.29470784 002.06025058 80
111 41.29475738 002.06007742 80
111 41.29474105 002.06002960 80
111 41.29475147 002.06002330 80
111 41.29472200 002.05994338 80
111 41.29488119 002.05984745 80
111 41.29491960 002.05996077 80
111 41.29506929 002.06003467 80
111 41.29511720 002.05986586 80
111 41.29509952 002.05981293 80
111 41.29511063 002.05980621 80
111 41.29508246 002.05972616 80
111 41.29524067 002.05963082 80
111 41.29528050 002.05974776 80
111 41.29542966 002.05982166 80
111 41.29547715 002.05965006 80
111 41.29545868 002.05959583 80
111 41.29547128 002.05958822 80
111 41.29544267 002.05950909 80
111 41.29559920 002.05941477 80
111 41.29563901 002.05953166 80
111 41.29578818 002.05960470 80
111 41.29583694 002.05943027 80
111 41.29581868 002.05937824 80
111 41.29583079 002.05937092 80
111 41.29580334 002.05929175 80
111 41.29596011 002.05919728 80
111 41.29599950 002.05931475 80
111 41.29614822 002.05938646 80
111 41.29619611 002.05920884 80
111 41.29617941 002.05916019 80
111 41.29619116 002.05915310 80
111 41.29616314 002.05907493 80
111 41.29632130 002.05897962 80
111 41.29635962 002.05909211 80
111 41.29650936 002.05916389 80
111 41.29662865 002.05950227 80
111 41.29626054 002.05972360 80
111 41.29590319 002.05993847 80
111 41.29554437 002.06015422 80
111 41.29518376 002.06037104 80
115 41.29482379 002.06058749
120 81_red_line_dash_b.lin
111 41.29533131 002.06168638 81
112 41.29522636 002.06173133 41.29517554 002.06172999 81
115 41.29513446 002.06164324
120 80_red_line_b.lin
111 41.29533131 002.06168638 80
115 41.29524349 002.06142924
120 80_red_line_b.lin
111 41.29560407 002.06121324 80
115 41.29569343 002.06146823
120 80_red_line_b.lin
111 41.29596251 002.06099221 80
115 41.29605298 002.06125240
120 80_red_line_b.lin
111 41.29633456 002.06080663 80
111 41.29641309 002.06103315 80
111 41.29638549 002.06104850 80
115 41.29630929 002.06082166
120 80_red_line_b.lin
111 41.29667194 002.06060466 80
111 41.29675050 002.06083177 80
111 41.29672464 002.06084712 80
115 41.29664569 002.06062104
120 80_red_line_b.lin
111 41.29531370 002.06182696 80
111 41.29521759 002.06188522 80
111 41.29513446 002.06164324 80
111 41.29497715 002.06118531 80
111 41.29512801 002.06109439 80
111 41.29548980 002.06087636 80
111 41.29584954 002.06065955 80
111 41.29618545 002.06045711 80
111 41.29620955 002.06044259 80
111 41.29652123 002.06025474 80
111 41.29654595 002.06023985 80
111 41.29707800 002.05991920 80
111 41.29688176 002.05934991 80
115 41.29662865 002.05950227
120 80_red_line_b.lin
111 41.29699587 002.06036942 80
111 41.29694849 002.06053874 80
111 41.29696527 002.06058477 80
111 41.29695011 002.06059634 80
111 41.29698240 002.06069178 80
111 41.29682599 002.06078387 80
111 41.29678290 002.06066038 80
111 41.29667194 002.06060466 80
115 41.29654595 002.06023985
120 80_red_line_b.lin
111 41.29560407 002.06121324 80
111 41.29555761 002.06137862 80
111 41.29557396 002.06142654 80
111 41.29555795 002.06143551 80
111 41.29559065 002.06153091 80
111 41.29543481 002.06162532 80
111 41.29539218 002.06149975 80
111 41.29524349 002.06142924 80
115 41.29512801 002.06109439
120 80_red_line_b.lin
111 41.29596251 002.06099221 80
111 41.29591819 002.06116263 80
111 41.29593455 002.06121054 80
111 41.29591854 002.06121952 80
111 41.29595124 002.06131491 80
111 41.29579539 002.06140933 80
111 41.29575276 002.06128375 80
111 41.29560407 002.06121324 80
115 41.29548980 002.06087636
120 80_red_line_b.lin
111 41.29618545 002.06045711 80
111 41.29630929 002.06082166 80
111 41.29627662 002.06094160 80
111 41.29629298 002.06098951 80
111 41.29627697 002.06099848 80
111 41.29630967 002.06109388 80
111 41.29615383 002.06118830 80
111 41.29611120 002.06106272 80
111 41.29596251 002.06099221 80
115 41.29584954 002.06065955
120 80_red_line_b.lin
111 41.29652123 002.06025474 80
111 41.29664569 002.06062104 80
111 41.29661303 002.06074097 80
111 41.29662939 002.06078889 80
111 41.29661338 002.06079786 80
111 41.29664607 002.06089326 80
111 41.29649023 002.06098767 80
111 41.29644760 002.06086210 80
111 41.29633456 002.06080663 80
115 41.29620955 002.06044259
120 80_red_line_b.lin
111 41.29769088 002.06169916 80
111 41.29778651 002.06198006 80
111 41.29741515 002.06220481 80
111 41.29735746 002.06223973 80
111 41.29703788 002.06243315 80
111 41.29698017 002.06246808 80
111 41.29665575 002.06266442 80
111 41.29659803 002.06269936 80
111 41.29622284 002.06292644 80
111 41.29619712 002.06294200 80
111 41.29568649 002.06325104 80
111 41.29551581 002.06275153 80
111 41.29544010 002.06252997 80
115 41.29548334 002.06250572
120 80_red_line_b.lin
111 41.29567405 002.06294593 80
111 41.29574745 002.06268012 80
111 41.29571623 002.06259486 80
111 41.29573238 002.06258483 80
111 41.29570062 002.06249134 80
111 41.29585653 002.06239558 80
111 41.29591241 002.06256021 80
115 41.29609576 002.06264851
120 80_red_line_b.lin
111 41.29612233 002.06263380 80
111 41.29618180 002.06241619 80
111 41.29615058 002.06233094 80
111 41.29616673 002.06232091 80
111 41.29613497 002.06222741 80
111 41.29629088 002.06213166 80
111 41.29634677 002.06229628 80
115 41.29648374 002.06236297
120 80_red_line_b.lin
111 41.29653707 002.06231946 80
111 41.29657516 002.06217929 80
111 41.29654394 002.06209404 80
111 41.29656009 002.06208401 80
111 41.29652833 002.06199051 80
111 41.29668424 002.06189475 80
111 41.29674012 002.06205938 80
115 41.29686095 002.06211717
120 80_red_line_b.lin
111 41.29691709 002.06208203 80
111 41.29695238 002.06195069 80
111 41.29692116 002.06186543 80
111 41.29693731 002.06185540 80
111 41.29690555 002.06176191 80
111 41.29706146 002.06166615 80
111 41.29711734 002.06183078 80
115 41.29723794 002.06188791
120 80_red_line_b.lin
111 41.29729401 002.06185261 80
111 41.29732925 002.06172309 80
111 41.29729803 002.06163784 80
111 41.29731417 002.06162781 80
111 41.29728242 002.06153431 80
111 41.29743833 002.06143856 80
111 41.29749421 002.06160318 80
115 41.29769088 002.06169916
120 80_red_line_b.lin
111 41.29622284 002.06292644 80
111 41.29612233 002.06263380 80
111 41.29600839 002.06230206 80
111 41.29598170 002.06231823 80
111 41.29609576 002.06264851 80
115 41.29619712 002.06294200
120 80_red_line_b.lin
111 41.29665575 002.06266442 80
111 41.29653707 002.06231946 80
111 41.29644105 002.06204035 80
111 41.29638554 002.06207394 80
111 41.29648374 002.06236297 80
115 41.29659803 002.06269936
120 80_red_line_b.lin
111 41.29703788 002.06243315 80
111 41.29691709 002.06208203 80
111 41.29682319 002.06180907 80
111 41.29676768 002.06184266 80
111 41.29686095 002.06211717 80
115 41.29698017 002.06246808
120 80_red_line_b.lin
111 41.29741515 002.06220481 80
111 41.29729401 002.06185261 80
111 41.29720055 002.06158086 80
111 41.29714504 002.06161445 80
111 41.29723794 002.06188791 80
115 41.29735746 002.06223973
120 80_red_line_b.lin
111 41.29679478 002.06337266 80
111 41.29690916 002.06370568 80
115 41.29699881 002.06396541
120 80_red_line_b.lin
111 41.29645228 002.06357945 80
111 41.29665700 002.06417045 80
111 41.29662693 002.06418845 80
115 41.29642313 002.06359705
120 80_red_line_b.lin
111 41.29715454 002.06315545 80
111 41.29735916 002.06374697 80
111 41.29731614 002.06377321 80
111 41.29722658 002.06351214 80
111 41.29723475 002.06350709 80
111 41.29722141 002.06346883 80
111 41.29721341 002.06347377 80
115 41.29711268 002.06318072
120 80_red_line_b.lin
111 41.29754161 002.06292175 80
111 41.29774555 002.06351412 80
111 41.29768139 002.06355278 80
115 41.29747942 002.06295930
120 81_red_line_dash_b.lin
111 41.29623458 002.06442568 81
112 41.29613748 002.06444420 41.29609230 002.06442495 81
115 41.29606728 002.06436040
120 80_red_line_b.lin
111 41.29800842 002.06298504 80
111 41.29791100 002.06269872 80
111 41.29754161 002.06292175 80
111 41.29747942 002.06295930 80
111 41.29715454 002.06315545 80
111 41.29711268 002.06318072 80
111 41.29679478 002.06337266 80
111 41.29645228 002.06357945 80
111 41.29642313 002.06359705 80
111 41.29591175 002.06390580 80
111 41.29606728 002.06436040 80
111 41.29613268 002.06455155 80
115 41.29626121 002.06450389
120 80_red_line_b.lin
111 41.29654198 002.06394193 80
111 41.29650120 002.06408990 80
111 41.29652717 002.06416820 80
111 41.29651032 002.06417864 80
111 41.29653298 002.06424321 80
111 41.29637790 002.06433818 80
111 41.29633474 002.06421444 80
111 41.29618798 002.06414119 80
115 41.29607310 002.06380935
120 80_red_line_b.lin
111 41.29690916 002.06370568 80
111 41.29686032 002.06386960 80
111 41.29688838 002.06395235 80
111 41.29687153 002.06396263 80
111 41.29689419 002.06402736 80
111 41.29673850 002.06412152 80
111 41.29669333 002.06399627 80
115 41.29657523 002.06393439
120 80_red_line_b.lin
111 41.29724565 002.06356794 80
111 41.29722087 002.06365130 80
111 41.29724903 002.06373444 80
111 41.29723209 002.06374449 80
111 41.29725475 002.06380907 80
111 41.29709906 002.06390322 80
111 41.29705389 002.06377797 80
115 41.29690916 002.06370568
120 80_red_line_b.lin
111 41.29760874 002.06333930 80
111 41.29758272 002.06343443 80
111 41.29761087 002.06351736 80
111 41.29759393 002.06352762 80
111 41.29761659 002.06359219 80
111 41.29746090 002.06368635 80
111 41.29741573 002.06356110 80
115 41.29726962 002.06348814
120 80_red_line_b.lin
111 41.29800842 002.06298504 80
111 41.29794322 002.06321598 80
111 41.29797185 002.06329793 80
111 41.29795402 002.06330898 80
111 41.29797710 002.06337374 80
111 41.29782141 002.06346790 80
111 41.29777833 002.06334497 80
115 41.29766838 002.06328996
120 80_red_line_b.lin
111 41.29738401 002.06521592 80
111 41.29734049 002.06508798 80
111 41.29724026 002.06514905 80
115 41.29735751 002.06548736
120 80_red_line_b.lin
111 41.29724052 002.06548012 80
111 41.29714536 002.06520524 80
111 41.29707946 002.06524435 80
115 41.29715241 002.06545222
120 81_red_line_dash_b.lin
111 41.29731244 002.06578040 81
115 41.29729899 002.06578529
120 81_red_line_dash_b.lin
111 41.29780357 002.06547320 81
115 41.29777706 002.06549343
120 81_red_line_dash_b.lin
111 41.29831130 002.06517953 81
115 41.29827854 002.06520579
120 81_red_line_dash_b.lin
111 41.29739448 002.06618424 81
111 41.29728748 002.06584819 81
111 41.29729899 002.06578529 81
111 41.29705456 002.06559950 81
111 41.29699349 002.06541949 81
111 41.29691199 002.06546799 81
111 41.29689097 002.06548050 81
111 41.29681200 002.06552749 81
111 41.29687220 002.06570286 81
111 41.29680676 002.06615927 81
115 41.29691309 002.06647457
120 81_red_line_dash_b.lin
111 41.29787949 002.06589174 81
111 41.29777403 002.06555392 81
111 41.29777706 002.06549343 81
111 41.29754639 002.06531664 81
111 41.29748881 002.06515173 81
111 41.29738401 002.06521592 81
111 41.29730849 002.06526218 81
111 41.29736656 002.06542852 81
111 41.29735751 002.06548736 81
111 41.29731244 002.06578040 81
111 41.29735250 002.06581311 81
115 41.29746555 002.06614138
120 81_red_line_dash_b.lin
111 41.29837610 002.06559224 81
111 41.29827097 002.06525822 81
111 41.29827854 002.06520579 81
111 41.29803479 002.06502259 81
111 41.29797721 002.06485651 81
111 41.29795292 002.06487081 81
111 41.29788410 002.06491133 81
111 41.29779572 002.06496336 81
111 41.29785244 002.06512943 81
111 41.29780357 002.06547320 81
111 41.29784720 002.06554289 81
115 41.29795056 002.06584888
120 81_red_line_dash_b.lin
111 41.29871511 002.06503279 81
111 41.29850581 002.06490018 81
111 41.29845897 002.06477194 81
111 41.29830581 002.06486603 81
111 41.29834872 002.06499373 81
111 41.29831130 002.06517953 81
115 41.29844032 002.06555351
120 80_red_line_b.lin
111 41.29881757 002.06532599 80
111 41.29844032 002.06555351 80
111 41.29837610 002.06559224 80
111 41.29822366 002.06568417 80
111 41.29812562 002.06574330 80
111 41.29795056 002.06584888 80
111 41.29787949 002.06589174 80
111 41.29766202 002.06602289 80
111 41.29754699 002.06609226 80
111 41.29746555 002.06614138 80
111 41.29739448 002.06618424 80
111 41.29691309 002.06647457 80
111 41.29695904 002.06666746 80
115 41.29688279 002.06671652
120 80_red_line_b.lin
111 41.29812562 002.06574330 80
111 41.29800766 002.06527506 80
111 41.29802861 002.06521520 80
111 41.29814382 002.06488592 80
111 41.29806386 002.06465310 80
111 41.29825659 002.06453581 80
111 41.29833151 002.06475241 80
115 41.29865922 002.06486715
120 80_red_line_b.lin
111 41.29754699 002.06609226 80
111 41.29740686 002.06563409 80
111 41.29743959 002.06554315 80
111 41.29755569 002.06522056 80
111 41.29748239 002.06500455 80
111 41.29766264 002.06489501 80
111 41.29773671 002.06510656 80
111 41.29802861 002.06521520 80
111 41.29806611 002.06522915 80
115 41.29822366 002.06568417
120 80_red_line_b.lin
111 41.29688933 002.06658155 80
111 41.29670348 002.06604383 80
111 41.29672616 002.06603222 80
111 41.29686505 002.06567620 80
111 41.29687844 002.06564186 80
111 41.29691463 002.06554910 80
111 41.29685879 002.06538070 80
111 41.29703903 002.06527116 80
111 41.29709357 002.06543359 80
111 41.29715241 002.06545222 80
111 41.29724052 002.06548012 80
111 41.29740929 002.06553356
111 41.29743959 002.06554315 80
111 41.29750196 002.06556290 80
115 41.29766202 002.06602289
120 80_red_line_b.lin
111 41.29795292 002.06487081 80
111 41.29790976 002.06474541 80
111 41.29783996 002.06478809 80
115 41.29788410 002.06491133
120 80_red_line_b.lin
111 41.29768221 002.06903360 80
115 41.29768805 002.06905049
120 80_red_line_b.lin
111 41.29817787 002.06853217 80
111 41.29762531 002.06886606 80
115 41.29761210 002.06882782
120 81_red_line_dash_b.lin
111 41.29809714 002.06829449 81
115 41.29764737 002.06856120
120 80_red_line_b.lin
111 41.29765625 002.06789489 80
115 41.29767860 002.06795994
120 80_red_line_b.lin
111 41.29865219 002.06992878 80
111 41.29810242 002.07025896 80
111 41.29810884 002.07027766 80
115 41.29865858 002.06994759
120 80_red_line_b.lin
111 41.29787464 002.06959569 80
111 41.29818823 002.06940842 80
115 41.29842703 002.06926581
120 80_red_line_b.lin
111 41.29839777 002.06917966 80
111 41.29815201 002.06932668 80
111 41.29814723 002.06932954 80
115 41.29784513 002.06951026
120 81_red_line_dash_b.lin
111 41.29769323 002.06906546 81
115 41.29824633 002.06873374
120 81_red_line_dash_b.lin
111 41.29823481 002.06869982 81
115 41.29768221 002.06903360
120 81_red_line_dash_b.lin
111 41.29808123 002.06824765 81
115 41.29763230 002.06851740
120 81_red_line_dash_b.lin
111 41.29793239 002.06780939 81
111 41.29767860 002.06795994 81
111 41.29762134 002.06815892 81
111 41.29752829 002.06821515 81
111 41.29763230 002.06851740 81
111 41.29764737 002.06856120 81
111 41.29790543 002.06931109 81
111 41.29799987 002.06925568 81
115 41.29814723 002.06932954
120 80_red_line_b.lin
111 41.29818823 002.06940842 80
111 41.29809278 002.06973700 80
111 41.29795321 002.06982201 80
111 41.29803260 002.07005001 80
111 41.29817412 002.06996386 80
115 41.29840172 002.07007921
120 80_red_line_b.lin
111 41.29789518 002.06870299 80
111 41.29781787 002.06897200 80
111 41.29768805 002.06905049 80
111 41.29769323 002.06906546 80
111 41.29776690 002.06927847 80
111 41.29789850 002.06920043 80
115 41.29815201 002.06932668
120 80_red_line_b.lin
111 41.29794552 002.06784805 80
111 41.29769413 002.06800005 80
111 41.29759978 002.06832864 80
111 41.29746940 002.06840944 80
111 41.29754707 002.06863581 80
111 41.29767795 002.06855732 80
115 41.29788476 002.06866260
120 80_red_line_b.lin
111 41.29791024 002.06774417 80
111 41.29765625 002.06789489 80
111 41.29735135 002.06807582 80
111 41.29729046 002.06818581 80
111 41.29831971 002.07118720 80
111 41.29894885 002.07080225 80
111 41.29888430 002.07061218 80
111 41.29865858 002.06994759 80
111 41.29865219 002.06992878 80
111 41.29842703 002.06926581 80
111 41.29839777 002.06917966 80
111 41.29824633 002.06873374 80
111 41.29823481 002.06869982 80
111 41.29817787 002.06853217 80
111 41.29816458 002.06849304 80
111 41.29809714 002.06829449 80
111 41.29808123 002.06824765 80
111 41.29794552 002.06784805 80
113 41.29793239 002.06780939 80
120 80_red_line_b.lin
111 41.29840909 002.07009739 80
111 41.29832129 002.07040224 80
111 41.29818084 002.07048576 80
111 41.29825926 002.07071347 80
111 41.29840158 002.07062805 80
111 41.29865049 002.07075347 80
115 41.29888430 002.07061218
120 line
111 41.30073611 002.07350848 20
111 41.30085487 002.07343653 20
111 41.30087681 002.07350243 20
115 41.30075839 002.07357304
120 line
111 41.30099492 002.07395342 20
111 41.30108850 002.07377286 20
115 41.30082131 002.07300008
120 safety_area_white.pol
112 41.30790963 002.08703866 41.30788263 002.08708157
111 41.30790963 002.08703866
112 41.30790963 002.08703866 41.30788263 002.08708157 20
112 41.30791911 002.08718144 41.30795134 002.08721738
111 41.30791911 002.08718144
112 41.30791911 002.08718144 41.30795134 002.08721738 20
112 41.30802636 002.08716882 41.30805336 002.08712591
111 41.30802636 002.08716882
112 41.30802636 002.08716882 41.30805336 002.08712591 20
112 41.30801688 002.08702604 41.30798465 002.08699010
111 41.30801688 002.08702604
114 41.30801688 002.08702604 41.30798465 002.08699010 20
120 safety_area_red.pol
111 41.30731535 002.08879004 81
111 41.30745043 002.08918179
111 41.30747668 002.08916599 81
113 41.30734180 002.08877425
120 safety_area_red.pol
111 41.30769255 002.08856495 81
111 41.30782746 002.08895481
111 41.30785383 002.08893894 81
113 41.30771907 002.08854912
120 safety_area_red.pol
111 41.30807017 002.08833961 81
111 41.30820432 002.08872793
111 41.30823066 002.08871208 81
113 41.30809649 002.08832390
120 safety_area_red.pol
111 41.30788022 002.08845296 80
111 41.30801460 002.08884215
111 41.30804096 002.08882628 80
113 41.30790661 002.08843721
120 safety_area_red.pol
111 41.30716677 002.08902338 80
111 41.30726104 002.08929581
111 41.30728741 002.08927993 80
113 41.30719092 002.08900020
120 safety_area_red.pol
111 41.30663639 002.08935716 80
111 41.30672601 002.08961791
111 41.30675282 002.08960177 80
113 41.30666260 002.08934126
120 safety_area_red.pol
111 41.30679482 002.08926102 80
111 41.30688499 002.08952220
111 41.30691115 002.08950645 80
113 41.30681707 002.08923270
120 safety_area_red.pol
111 41.30697777 002.08913651 80
111 41.30707191 002.08940967
111 41.30709850 002.08939366 80
113 41.30700420 002.08912069
120 safety_area_red.pol
111 41.30750523 002.08867673 80
111 41.30763994 002.08906770
111 41.30766679 002.08905154 80
113 41.30753150 002.08866105
120 safety_area_red.pol
111 41.30824322 002.08883735 80
111 41.30833587 002.08910904
111 41.30836066 002.08909409 80
113 41.30826795 002.08882246
120 safety_area_red.pol
111 41.30805456 002.08895093 80
111 41.30814746 002.08922267
111 41.30817208 002.08920782 80
113 41.30807914 002.08893613
120 safety_area_red.pol
111 41.30786534 002.08906484 80
111 41.30795827 002.08933676
111 41.30798293 002.08932189 80
113 41.30788999 002.08905001
120 safety_area_red.pol
111 41.30767873 002.08917719 80
111 41.30777169 002.08944928
111 41.30779635 002.08943441 80
113 41.30770336 002.08916236
120 safety_area_red.pol
111 41.30748905 002.08929139 80
111 41.30758206 002.08956365
111 41.30760677 002.08954874 80
113 41.30751369 002.08927655
120 safety_area_red.pol
111 41.30729942 002.08940555 80
111 41.30739260 002.08967791
111 41.30741746 002.08966291 80
113 41.30732410 002.08939069
120 safety_area_red.pol
111 41.30711072 002.08951915 80
111 41.30720397 002.08979166
111 41.30722854 002.08977684 80
113 41.30713541 002.08950428
120 safety_area_red.pol
111 41.30848098 002.08945624 80
111 41.30857262 002.08971671
111 41.30859862 002.08970104 80
113 41.30850699 002.08944061
120 safety_area_red.pol
111 41.30831841 002.08955398 80
111 41.30841013 002.08981460
111 41.30843610 002.08979895 80
113 41.30834444 002.08953833
120 safety_area_red.pol
111 41.30815434 002.08965262 80
111 41.30824606 002.08991344
111 41.30827214 002.08989772 80
113 41.30818042 002.08963694
120 safety_area_red.pol
111 41.30798965 002.08975163 80
111 41.30808137 002.09001266
111 41.30810742 002.08999696 80
113 41.30801551 002.08973608
120 safety_area_red.pol
111 41.30782726 002.08984926 80
111 41.30791918 002.09011036
111 41.30794508 002.09009476 80
113 41.30785340 002.08983354
120 safety_area_red.pol
111 41.30814909 002.09009878 80
111 41.30823960 002.09036009
111 41.30826570 002.09034431 80
113 41.30817523 002.09008308
120 safety_area_red.pol
111 41.30830466 002.09000531 80
111 41.30839497 002.09026614
111 41.30842120 002.09025028 80
113 41.30833078 002.08998962
120 safety_area_red.pol
111 41.30845857 002.08991284 80
111 41.30854883 002.09017311
111 41.30857478 002.09015742 80
113 41.30848471 002.08989714
120 safety_area_red.pol
111 41.30861628 002.08981808 80
111 41.30870625 002.09007792
111 41.30873239 002.09006211 80
113 41.30864240 002.08980239
120 safety_area_red.pol
111 41.30848677 002.09064605 80
111 41.30859013 002.09094811
111 41.30861558 002.09093295 80
113 41.30851227 002.09063066
120 safety_area_red.pol
111 41.30865015 002.09054745 80
111 41.30875382 002.09085057
111 41.30877961 002.09083520 80
113 41.30867569 002.09053204
120 safety_area_red.pol
111 41.30881437 002.09044835 80
111 41.30891844 002.09075247
111 41.30894434 002.09073703 80
113 41.30884016 002.09043278
120 safety_area_white.pol
112 41.30782460 002.08720359 41.30782146 002.08719569
111 41.30782460 002.08720359 20
111 41.30772662 002.08722872 20
111 41.30783511 002.08722647
114 41.30783511 002.08722647 41.30783125 002.08721913 20
120 safety_area_white.pol
112 41.30812616 002.08705374 41.30813104 002.08708177
111 41.30812616 002.08705374 20
111 41.30815965 002.08700584 20
111 41.30809957 002.08697583
114 41.30809957 002.08697583 41.30811222 002.08699918 20
120 safety_area_white.pol
112 41.30799054 002.08731641 41.30797581 002.08731917
111 41.30799054 002.08731641 20
111 41.30807761 002.08747096 20
111 41.30803310 002.08730032
114 41.30803310 002.08730032 41.30801958 002.08730820 20
120 safety_area_white.pol
111 41.30785073 002.08695294
112 41.30785073 002.08695294 41.30786036 002.08693956 20
112 41.30788289 002.08691840 41.30789459 002.08690883
111 41.30788289 002.08691840 20
113 41.30782440 002.08683918 20
120 safety_area_white.pol
111 41.30778870 002.08660339 20
111 41.30786896 002.08683354
112 41.30786896 002.08683354 41.30787820 002.08686160 20
111 41.30793078 002.08689206 20
112 41.30790408 002.08682319 41.30790077 002.08680522
111 41.30790408 002.08682319 20
115 41.30787982 002.08667585
120 safety_area_red.pol
111 41.28975793 002.06929253 80
111 41.28978581 002.06937926 80
111 41.28972840 002.06940983 80
111 41.28980031 002.06962457 80
111 41.28994354 002.06956972 80
111 41.28993273 002.06934205
111 41.28992743 002.06931852
113 41.28980012 002.06926518
120 safety_area_red.pol
111 41.28997655 002.06992249 80
111 41.29000535 002.07000967 80
111 41.28994794 002.07004023 80
111 41.29001986 002.07025497 80
111 41.29015583 002.07015765 80
111 41.29015857 002.06997783
111 41.29016061 002.06995922
113 41.29001701 002.06989585
120 safety_area_red.pol
111 41.29018979 002.07056048 80
111 41.29021889 002.07064808 80
111 41.29016147 002.07067864 80
111 41.29023339 002.07089338 80
111 41.29037734 002.07082212 80
111 41.29035560 002.07060102
111 41.29035619 002.07058219
113 41.29023713 002.07053120
120 safety_area_red.pol
111 41.29041691 002.07119608 80
111 41.29044745 002.07129049 80
111 41.29039239 002.07132043 80
111 41.29045844 002.07150842 80
111 41.29059277 002.07142603 80
111 41.29057544 002.07124267
111 41.29057250 002.07121992
113 41.29045580 002.07117129
120 safety_area_red.pol
111 41.29069412 002.07203162 80
111 41.29072414 002.07212304 80
111 41.29066673 002.07215360 80
111 41.29073865 002.07236834 80
111 41.29088006 002.07228711 80
111 41.29086637 002.07207541
111 41.29086354 002.07204529
113 41.29072810 002.07201140
120 safety_area_red.pol
111 41.29090476 002.07266868 80
111 41.29093316 002.07275545 80
111 41.29087575 002.07278601 80
111 41.29094766 002.07300076 80
111 41.29110191 002.07290344 80
111 41.29107141 002.07269756
113 41.29095475 002.07263708
120 safety_area_red.pol
111 41.29112868 002.07330584 80
111 41.29115572 002.07338787 80
111 41.29109830 002.07341843 80
111 41.29117022 002.07363317 80
111 41.29132150 002.07357111 80
111 41.29129287 002.07332975
113 41.29117685 002.07327119
120 safety_area_red.pol
111 41.29135789 002.07393603 80
111 41.29138278 002.07401228 80
111 41.29132537 002.07404284 80
111 41.29139728 002.07425759 80
111 41.29153325 002.07416027 80
111 41.29151932 002.07396646
113 41.29140194 002.07391062
21 41.29129681 002.08579547 2 18.9 3.00 API PAPI-4R
21 41.29099671 002.08695666 3 18.9 3.00 API PAPI-4R
21 41.28335817 002.07906552 3 65.5 3.00 API PAPI-4R
21 41.29022264 002.09910904 2 245.5 3.00 API PAPI-4L
21 41.29593174 002.07686872 3 65.5 3.00 API PAPI-4R
21 41.29691896 002.07626572 2 65.5 3.00 API PAPI-4R
21 41.30350030 002.09891535 2 245.5 3.00 API PAPI-4L
20 41.29895099 002.07757271 156.7 0 2 {@Y,^l}T9{@L}HN{@Y}T8{^r}
20 41.30145327 002.09416651 83.7 0 2 {@Y,^u}NM{@L}R1{@Y}N4{^rd}
20 41.30213941 002.09975470 245.9 0 2 {@Y,^u}N3{@L}N2{@Y}Y4{^r}
20 41.30183711 002.09993681 66.6 0 2 {@L}M2{@Y,^lu}Y2
20 41.30272614 002.09940369 66.6 0 2 {@L}N2{@Y,^l}Y2
20 41.30989803 002.09258947 155.7 0 2 {@Y,^lu}U4{@L}R30{@Y}U2{^ru,@@,@L}R30
20 41.30972258 002.09207657 155.7 0 2 {@Y,^lu}U4{@L}R30{@Y}U2{^ru,@@,@L}R30
20 41.28551492 002.07658949 85.1 0 2 {@Y}RS{^r,@L}Q10
20 41.28863467 002.08477052 198.5 0 3 {@Y}K7{^ru}
20 41.30492894 002.09555500 158.4 0 3 {no-entry}
20 41.30462120 002.09470470 158.4 0 3 {no-entry}
20 41.30509870 002.09373265 279.7 0 3 {@L}T3{@R}02-20
20 41.30606735 002.09413295 279.7 0 3 {@L}S3{@R}02-20
20 41.30453618 002.09405373 227.6 0 3 {@R}02-20{@L}T3
20 41.30548289 002.09447095 227.6 0 3 {@R}02-20{@L}S3
20 41.29487407 002.07891167 284.2 0 3 {@Y,^l}GATE_FS{@L}M9{@Y}FS{^r}
20 41.29527496 002.07982383 155.4 0 3 {@L}GS
20 41.29500382 002.07904893 336.0 0 3 {@L}GS
20 41.29441737 002.07760556 276.4 0 3 {@Y,^l}GATE_ES{@L}M10{@Y}ES{^r}
20 41.29438655 002.07733224 155.6 0 3 {@L}ES
20 41.29409511 002.07651928 337.3 0 3 {@L}ES
20 41.29389677 002.07608111 278.0 0 3 {@Y,^l}GATE_DS{@L}M11{@Y}DS{^r}
20 41.29275262 002.07428934 279.3 0 3 {@Y,^u}L13{@L}L12{@Y}GATE_CS{^r}
20 41.29300381 002.07505398 43.6 0 3 {@Y,^l}GATE_DS{@L}L12{@Y}L11{^r}
20 41.29176137 002.07137477 270.6 0 3 {@Y}L14{^u,@L}L13{@Y}GATE_BS{^r}
20 41.29244115 002.07335741 38.8 0 3 {@Y,^l}GATE_CS{@L}L13
20 41.29288030 002.07287124 38.5 0 3 {@Y,^l}CS{@L}M13{@Y}GATE_CS{^r}
20 41.29292621 002.07286327 89.2 0 3 {@L}N13{@Y}CS{^r}
20 41.29235811 002.07120403 228.0 0 3 {@Y,^l}BS{@L}N13{@Y}N14{^u}
20 41.29142998 002.07042768 58.3 0 3 {@Y,^l}GATE_BS{@L}L14
20 41.29167509 002.06925481 220.8 0 3 {@Y,^l}AS{@L}N14{@Y}N15{^u}
20 41.29121482 002.06791412 224.9 0 3 {@L}N15{@Y}N16{^u}
20 41.29073217 002.06826319 220.2 0 3 {@L}M15{@Y}M16{^u}
20 41.29118412 002.06795996 38.0 0 3 {@Y,^l}AS{@L}M15{@Y}GATE_AS{^r}
20 41.29181631 002.06754863 66.9 0 3 {@L}N15{@Y}AS{^r}
20 41.29187090 002.06995739 42.1 0 3 {@Y,^l}BS{@L}N14{@Y}GATE_BS{^r}
20 41.29252043 002.06957313 65.4 0 3 {@L}N14{@Y}BS{^r}
20 41.29487943 002.07653855 335.5 0 3 {@Y,^l}N11{@L}ES{@Y}N10{^r}
20 41.29434918 002.07499606 335.8 0 3 {@Y,^l}N12{@L}DS{@Y}N11{^r}
20 41.29372907 002.07316196 335.6 0 3 {@Y,^l}N13{@L}CS{@Y}N12{^r}
20 41.29415084 002.07436189 65.5 0 3 {@L}N12{@Y}DS{^r}
20 41.29467663 002.07591668 64.5 0 3 {@L}N11{@Y}ES{^r}
20 41.31039978 002.09860371 272.2 0 3 {@L}U4
20 41.30274100 002.08635071 154.9 0 3 {@Y,^l}S5{^r}
20 41.30299992 002.08950918 214.9 0 3 {no-entry}
20 41.30139581 002.08528423 153.8 0 3 {no-entry}
20 41.30106404 002.08462178 335.4 0 3 {@Y,^l}T6|EN{^u}|T5{^r}
20 41.30112992 002.08452309 151.3 0 3 {no-entry}
20 41.30072965 002.08055767 230.1 0 3 {@Y,^l}GN{@L}S7{@Y}GATE_GN{^r}
20 41.29918056 002.07821815 222.3 0 3 {@Y,^u}T7{@L}T8{@Y}HN{^r}
20 41.29790960 002.07255294 121.3 0 3 {@L}KN
20 41.30149780 002.08119817 39.8 0 3 {@Y,^l}GATE_FN{@L}S7{@Y}FN{^r}
20 41.30113458 002.08003159 224.4 0 3 {@Y,^l}GN{@L}B7{@Y}B8{^u}
20 41.29911808 002.08104383 275.9 0 3 {@L}P5
20 41.29911970 002.08101646 117.9 0 3 {no-entry}
20 41.29971627 002.08112006 93.3 0 3 {no-entry}
20 41.29858805 002.07654271 223.6 0 3 {@L}T10{@Y}T11{^u}|JN{^r}
20 41.29924735 002.07625102 214.9 0 3 {@Y,^l}JN{@L}S9{@Y}GATE_JN{^r}
20 41.29808939 002.07566884 156.4 0 3 {no-entry}
20 41.29833724 002.07640873 156.4 0 3 {no-entry}
20 41.29933279 002.07482107 267.6 0 3 {@L}GATE|JN
20 41.29928392 002.07480772 308.9 0 3 {@L}GATE|JN
20 41.29924243 002.07461379 40.4 0 3 {@Y,^l}GATE_JN{@L}S10{@Y}JN{^r}
20 41.29844657 002.07224031 123.0 0 3 {@Y,^l}S10{@L}GATE|KN{@Y}S11{^r}
20 41.29848602 002.07229491 219.6 0 3 {@Y,^l}KN{@L}B10
20 41.29986594 002.07644887 300.4 0 3 {@L}GATE|HN
20 41.29879094 002.07512174 337.5 0 3 {@L}JN
20 41.29868146 002.07492945 37.5 0 3 {@Y,^l}JN{@L}T10{@Y}T9{^u}
20 41.29803947 002.07274457 219.9 0 3 {@Y,^l}KN{@L}S10{@Y}GATE_KN{^r}
20 41.29732784 002.07117354 42.0 0 3 {@Y,^l}GATE_KN{@L}T11{@Y}T10{^u}
20 41.29673811 002.06881071 227.3 0 3 {@Y,^l}LN{@L}S11{@Y}GATE_LN{^r}
20 41.30402074 002.10317746 40.0 0 3 {@Y,^l}Y1{@L}N2{@Y}N1{^u}|M1{^u}
20 41.30310518 002.10369493 38.4 0 3 {@Y,^lu}Y1{@L}M2{@Y}N1{^u}|M1{^u}
20 41.30855065 002.10293182 312.3 0 3 {@Y,^u}S2{@L}S1{@Y}U7{^ru}
20 41.30249786 002.08847916 18.3 0 3 {@Y,^l}T5{@L}P2{@Y}CN{^u}
20 41.30432880 002.08922114 67.2 0 3 {@Y,^lu}U1|S4{^u}
20 41.30565003 002.08999746 12.3 0 3 {@Y,^l}GATE_BN
20 41.30928676 002.10148607 178.4 0 3 {@R}CAT{r2}/{r3,@L}U7
20 41.30948239 002.10207266 132.6 0 3 {@L}U7{@R}CAT{r2}/{r3}
20 41.30061743 002.09528003 219.9 0 3 {@L}N3{@Y}N4{^u}|M4{^l}
20 41.30136861 002.09857860 37.4 0 3 {@L}M3{@Y,^l}Y4|M2{^u}
20 41.29973968 002.09582341 223.7 0 3 {@L}M4{@Y}M4{^u}
20 41.30179620 002.10157472 223.3 0 3 {@L}M2{@Y}M3{^u}
20 41.30506227 002.10479366 124.9 0 3 {@L}N1{@Y}N2{^l}
20 41.30514052 002.10573896 123.9 0 3 {@L}M1
20 41.29736012 002.08375446 66.6 0 3 {@L}N6{@Y}D3{^r}
20 41.29821179 002.08572622 186.1 0 3 {safety,@L}R3{@Y}N6{^u}
20 41.29819458 002.08571711 36.4 0 3 {no-entry}
20 41.29835668 002.08498860 36.4 0 3 {no-entry}
20 41.29820359 002.08462748 280.6 0 3 {no-entry}
20 41.29782876 002.08376008 293.3 0 3 {@L}D3{@R}06L-24R
20 41.29820146 002.08455867 110.2 0 3 {@L}D4{@Y}D3{^u}
20 41.29744056 002.08190192 354.4 0 3 {no-entry}
20 41.29713490 002.08246679 14.8 0 3 {no-entry}
20 41.29705213 002.08139477 173.5 0 3 {@Y,^l}N7|N6{^r}
20 41.29301802 002.06102634 305.6 0 3 {@Y,^u}RN{@L}S14{@Y}T13{^r}
20 41.29307351 002.06298257 113.0 0 3 {@R}T141
20 41.29283554 002.06226754 188.8 0 3 {@R}T141
20 41.29283073 002.06198121 126.1 0 3 {@R}S141
20 41.29262161 002.06136696 186.5 0 3 {@R}S141
20 41.29133796 002.06432728 113.4 0 3 {@Y,^lu}N15|M15{^ru}
20 41.29086612 002.06327168 113.4 0 3 {@Y,^lu}N15|M15{^ru}
20 41.29121407 002.06458988 327.8 0 3 {@R}N161
20 41.29075572 002.06435338 262.4 0 3 {@R}N161
20 41.29075090 002.06357278 322.5 0 3 {@R}M161
20 41.29026555 002.06333544 259.0 0 3 {@R}M161
20 41.29391547 002.07262095 3.5 0 3 {@R}06L-24R{@L}Y5
20 41.29363597 002.07182102 3.5 0 3 {@R}06L-24R{@L}Y6
20 41.29339483 002.07110134 3.5 0 3 {@R}06L-24R{@L}Y7
20 41.29367068 002.07193287 304.4 0 3 {@L}Y5{@R}06L-24R
20 41.29342589 002.07120102 304.4 0 3 {@L}Y6{@R}06L-24R
20 41.29315004 002.07037922 304.4 0 3 {@L}Y7{@R}06L-24R
20 41.28999400 002.08294032 81.8 0 3 {@Y,^lu}J5|J6{^r}
20 41.29001282 002.08295493 212.2 0 3 {@Y}GATE_KS
20 41.28948446 002.08157827 213.4 0 3 {@Y,^l}GATE_LS
20 41.28927628 002.08100579 99.1 0 3 {@Y}GATE_LS{^r}
20 41.29183849 002.08829146 6.3 0 3 {@R}02-20{@L}D1
20 41.29159420 002.08751263 314.8 0 3 {@L}D1{@R}02-20
20 41.28525133 002.07819367 215.2 0 3 {@Y,^u}K10{@L}K9{@Y}PS{^r}
20 41.28742514 002.07955370 336.5 0 3 {@L}Q8{@@}Q8
20 41.28775072 002.08148544 43.7 0 3 {@Y,^l}GATE_LS|K8{^r}
20 41.28504065 002.07586906 267.3 0 3 {@Y,^lu}G10{@R}CAT{r2}/{r3,@L}K10{@Y}TS{^r}
20 41.28467465 002.07474369 45.0 0 3 {@Y,^l}TS{@L}K11{@Y}K10{^u}
20 41.29296707 002.08460005 349.4 0 2 {@Y,^lu}GATE_JS{@L}E3{@Y}E4{^u}
20 41.28392005 002.07640032 263.5 0 2 {@L}G9
20 41.28530317 002.08030026 265.9 0 2 {@Y,^l}K9{@L}G8{@Y}NS{^ru}|K8{^rd}
20 41.28642349 002.08355782 270.0 0 2 {@Y,^u}K8{@L}G7{@Y}LS{^ru}|K7{^rd}
20 41.29120310 002.08483851 173.9 0 2 {@R}20-02{@L}E2
20 41.29147163 002.08558611 134.7 0 2 {@L}E2{@R}20-02
20 41.28914143 002.08708297 140.4 0 2 {@Y}{^l}K5{@L}E1{@Y}K6{^r}
20 41.28841393 002.08771623 237.7 0 2 {@Y}{^u}O2{@L}K5{@Y}K6{^u}|E1{^r}
20 41.28904692 002.08716421 345.1 0 2 {@R}02-20{@L}E1
20 41.28874110 002.08620531 332.0 0 2 {@L}E1{@R}02-20
20 41.28945599 002.08847565 58.1 0 2 {@Y}{^l}D1{@L}K5{@Y}K4{^u}
20 41.28993922 002.08953534 140.8 0 2 {@Y}{^l}K4{@L}D1{@Y}K5{^r}
20 41.28973436 002.09220576 28.1 0 2 {@L}G6
20 41.29085191 002.09547213 32.5 0 2 {@L}G5
20 41.29218144 002.09926674 27.4 0 2 {@L}G4
20 41.29271048 002.10189590 113.0 0 2 {@R}24L{@L}G2
20 41.29304292 002.10247769 152.2 0 2 {@R}24L{@L}G1
20 41.29313439 002.10218337 110.0 0 2 {@L}G2{@R}24L
20 41.29325010 002.10313184 152.2 0 2 {@L}G1{@R}24L
20 41.29276581 002.10108505 116.3 0 2 {@L}G3{@R}24L
20 41.29230460 002.10075827 126.6 0 2 {@R}24L{@L}G3
20 41.29234274 002.09924453 87.6 0 2 {@R}CAT{r2}/{r3,@L}K2{@R}24L
20 41.29291824 002.09898331 46.3 0 2 {@R}CAT{r2}/{r3,@L}K2{@R}24L
20 41.29196931 002.09629385 63.1 0 2 {@L}K2{@@}K2
20 41.29097992 002.09548093 212.3 0 2 {@L}K3
20 41.28986714 002.09223326 212.0 0 2 {@L}K4{@@}K4
20 41.29046033 002.09188168 64.2 0 2 {@L}K4{@@}K4
20 41.29083590 002.09300102 64.2 0 2 {@L}K3{@Y}{@@}{@L}K3
20 41.28759865 002.08296612 55.9 0 2 {@L}K7{@R}20-02
20 41.28861416 002.08602748 47.1 0 2 {@Y}{^l}E1{@L}K6{@Y}K5{^u}
20 41.28868093 002.08619011 266.0 0 2 {@R}02-20{@L}K6
20 41.28803698 002.08660660 239.1 0 2 {@L}K6{@R}02-20
20 41.28698876 002.08164853 42.0 0 2 {@Y}{^l}LS|{^lu}J7{@L}K8{@Y}K7{^u}
20 41.28673158 002.08034131 223.0 0 2 {@Y,^u}Q9{@L}J8{@Y}Q8{^r}
20 41.28680901 002.08051934 88.8 0 2 {@Y,^l}GATE_MS{@L}NS{@Y}J9{^u}
20 41.28716163 002.08176556 333.3 0 2 {@L}LS{@Y}{@@}{@L}LS
20 41.28659717 002.08016758 334.9 0 2 {@L}NS{@Y}{@@}{@L}NS
20 41.28628981 002.07930933 336.4 0 2 {@L}NS{@Y}{@@}{@L}NS
20 41.28571505 002.07760044 152.8 0 2 {@L}PS
20 41.28545194 002.07679599 331.7 0 2 {@L}PS
20 41.28534948 002.07670800 42.6 0 2 {@Y,^l}RS{@L}K10{@Y}K9{^u}
20 41.28524335 002.07576857 231.3 0 2 {@L}Q10{@Y,^l}TS
20 41.28481911 002.07468269 189.0 0 2 {@Y,^l}K10{@L}TS{@Y}K11{^r}
20 41.28514654 002.07561966 125.0 0 2 {@Y,^l}K10{@L}TS{@Y}K11{^r}
20 41.29061480 002.08416663 186.1 0 2 {@L}J7{@Y}GATE_KS{^r}
20 41.29126137 002.08447402 47.9 0 2 {@L}J5{@Y,^u}E3
20 41.29299815 002.08458787 132.1 0 2 {@Y,^u}E2{@L}E3{@Y}J5{^ru}
20 41.29460852 002.08367661 126.4 0 2 {@L}E3{@Y}GATE_JS{^ru}
20 41.29522242 002.08332783 350.6 0 2 {@Y,^l}M7|E5{^u}|M6{^r}
20 41.29582443 002.08169662 51.4 0 2 {@Y,^l}E5{@L}M7{@Y}M6{^u}|E4{^r}
20 41.29574630 002.08145350 264.5 0 2 {@Y,^l}GATE_HS{@L}M7{@Y}HS{^r}
20 41.29550888 002.08345874 234.5 0 2 {@Y,^l}E4{@L}M6{@Y}M7{^u}|E5{^r}
20 41.29625401 002.08285855 143.6 0 2 {@Y,^l}M6{@L}E5{@Y}E4{^u}|M7{^r}
20 41.29637220 002.08290875 237.0 0 2 {@Y}{^l}E4{@L}N6{@Y}{^u}N7
20 41.30470490 002.09208963 11.0 0 2 {@Y,^lu}UB
20 41.29714661 002.08247495 205.6 0 2 {@Y,^lu}E5|{^lu}N6{@L}R5{@Y}N8{^u}
20 41.29701382 002.08141928 324.1 0 2 {@L}E5{@R}06L-24R
20 41.29747506 002.08088981 232.3 0 2 {@L}GA
20 41.29998673 002.09144411 252.9 0 2 {@R}02-20{@L}N4
20 41.29710783 002.08812958 84.1 0 2 {@L}M5{@R}20-02
20 41.29881918 002.08039299 182.6 0 2 {@R}24R-06L{@L}E7
20 41.29900406 002.08108738 153.0 0 2 {@L}E7{@R}24R-06L
20 41.29833140 002.08861973 92.6 0 2 {@R}20-02{@L}N5
20 41.29768456 002.08781362 44.9 0 2 {@L}M5{@R}20-02
20 41.29813101 002.09110223 219.2 0 2 {@L}M4{@R}02-20
20 41.29870365 002.09078300 275.2 0 2 {@R}02-20{@L}M4
20 41.29942197 002.09182135 245.2 0 2 {@L}N4{@R}02-20
20 41.30076543 002.09367904 43.6 0 2 {@L}N4{@Y}N3{^u}|M4{^r}
20 41.29993070 002.09412078 56.1 0 2 {@L}M4{@Y}{^l}Q5
20 41.30047839 002.09518113 126.0 0 2 {@L}Q5{@Y}M4{^r}
20 41.30003885 002.09428852 290.5 0 2 {@L}Q5{@Y}N3{^ru}
20 41.30229183 002.09802144 43.8 0 2 {@Y}{^l}Y1{@L}N3{@Y}{^u}N2
20 41.30321362 002.09951283 310.2 0 2 {@L}Y2{@R}06L-24R
20 41.30350693 002.10034988 340.9 0 2 {@R}06L-24R{@L}Y2
20 41.30294565 002.09884228 344.9 0 2 {@R}06L-24R{@L}Y4
20 41.30267766 002.09800524 333.9 0 2 {@L}Y4{@R}06L-24R
20 41.30349827 002.10459186 41.4 0 2 {@Y}{^l}N1{@L}M2{@Y}{^u}M1
20 41.30437867 002.10417733 59.1 0 2 {@Y}{^l}N1{@L}N2{@Y}{^u}M1
20 41.30468322 002.10511289 302.0 0 3 {@L}M1{@R}24R
20 41.30491040 002.10585197 4.3 0 2 {@R}24R{@L}M1
20 41.30502852 002.10479067 355.9 0 2 {@R}24R{@L}N1
20 41.30478643 002.10408658 319.0 0 2 {@L}N1{@R}24R
20 41.30471992 002.10389491 346.8 0 2 {@R}24R{@L}Y1
20 41.30450422 002.10325486 331.4 0 2 {@L}Y1{@R}24R
20 41.30725255 002.10368060 319.0 0 2 {@Y,^l}T2{@L}S1{@Y,^u}S2
20 41.30721497 002.10254255 327.6 0 2 {@Y}{^l}T2{@L}T1{@Y}{^u}S2
20 41.30850799 002.10151236 55.8 0 2 {@Y,^l}U7{@L}S2{@Y}S1{^u}|T1{^r}
20 41.30788990 002.10185654 55.8 0 2 {@L}T2{@Y}S1{^u}|T1{^r}
20 41.30711058 002.10131044 67.3 0 2 {@R}CAT{r2}/{r3,@L}T2
20 41.30755645 002.10104827 59.8 0 2 {@L}T2{@R}CAT{r2}/{r3}
20 41.30779787 002.10090674 71.8 0 2 {@R}CAT{r2}/{r3,@L}S2
20 41.30818989 002.10067677 63.4 0 2 {@L}S2{@R}CAT{r2}/{r3}
20 41.30903642 002.10233044 140.3 0 2 {@Y,^l}S1{@L}U7{@Y}T1{^u}|S2{^r}
20 41.31029172 002.10080941 331.5 0 2 {@Y,^l}U5{@L}U7{@Y}U6{^r}
20 41.31045214 002.10151929 166.0 0 2 {@L}U7
20 41.31104033 002.10176178 244.1 0 2 {@Y,^l}U7{@L}U6{@Y}U5{^u}
20 41.31100086 002.09987547 47.8 0 2 {@L}U5{@Y}U6{^u}|U7{^r}
20 41.31040781 002.09787813 268.2 0 3 {@L}U41{@R}U41
20 41.31096598 002.09794875 295.9 0 3 {@R}U41{@L}U41
20 41.31086684 002.09860910 87.2 0 2 {@L}U4{@Y}U5{^u}
20 41.30888286 002.09409859 13.3 0 2 {@L}U3R
20 41.31056511 002.09420062 186.9 0 2 {@L}U4{@Y}U3L{^ru}
20 41.31076696 002.09365781 11.1 0 2 {@L}U4
20 41.30829110 002.09124254 8.6 0 2 {@Y}{^u}U3L{@L}U2{@Y}U3R{^ru}
20 41.30624866 002.09183466 160.2 0 2 {@R}20-02{@L}UB
20 41.30658374 002.09236744 113.2 0 2 {@R}20-02{@L}UB
20 41.30387704 002.08806833 42.0 0 2 {@Y,^l}GATE_CN{@L}S5{@Y}CN{^r}
20 41.30425149 002.09067466 226.6 0 2 {@L}S4{@Y,^u}S5
20 41.30335368 002.09038039 226.6 0 2 {@Y,^u}T5{@L}T4{@Y}CN{^r}
20 41.30351564 002.09109855 69.6 0 2 {@R}20-02{@L}T4
20 41.30405962 002.09073498 57.4 0 2 {@L}T4{@R}20-02
20 41.30322211 002.08817616 52.6 0 2 {@Y,^l}CN|{^lu}U1{@L}T5{@Y}T4{^u}
20 41.30290391 002.08684928 225.7 0 2 {@L}S5{@Y}GATE_DN{^r}
20 41.30241188 002.08551574 226.3 0 2 {@Y,^l}EN{@L}S5{@Y}GATE_EN{^r}
20 41.30177777 002.08581887 242.6 0 2 {@Y,^u}T6{@L}T5{@Y}EN{^r}
20 41.30169944 002.08383584 59.8 0 2 {@Y,^l}EN{@L}T6{@Y}T5{^u}
20 41.30081758 002.08321039 226.5 0 2 {@Y,^l}D5{@L}T6{@Y}FN{^r}
20 41.30094196 002.08155502 51.3 0 2 {@Y,^l}FN{@L}T7{@Y}D5{^r}
20 41.30150615 002.08282003 223.4 0 2 {@Y,^l}FN{@L}S6{@Y}GATE_FN{^r}
20 41.30137534 002.08264413 145.1 0 2 {@L}FN
20 41.30105530 002.08171667 318.8 0 2 {@L}FN
20 41.30019435 002.08222534 331.8 0 2 {@Y}{^l}T7{@L}DB{@Y}D{^u}T6{^r}
20 41.29987065 002.08345409 136.4 0 2 {@L}DB{@R}24R-06L
20 41.29964580 002.08265643 180.0 0 2 {@L}DB{@R}24R-06L
20 41.29995724 002.08069561 153.4 0 2 {@L}E7
20 41.30020960 002.08124156 237.0 0 2 {@Y,^l}E7{@L}T7{@Y}GN{^r}
20 41.30059225 002.08034537 152.8 0 2 {@L}GN
20 41.30027034 002.07941438 332.3 0 2 {@L}GN
20 41.30111168 002.08003101 143.3 0 2 {@L}GATE|GN
20 41.30074915 002.07908295 309.3 0 2 {@L}GATE|GN
20 41.30081258 002.07912389 268.8 0 2 {@L}GATE|GN
20 41.30006538 002.07904901 40.7 0 2 {@Y,^l}GN{@L}T8{@Y}E7{^r}
20 41.30070866 002.07891376 56.3 0 2 {@Y,^l}GATE_GN{@L}S8{@Y}GN{^r}
20 41.29981328 002.07786550 233.2 0 2 {@Y,^l}HN{@L}S8{@Y}GATE_HN{^r}
20 41.29344859 002.06177257 335.6 0 2 {@Y,^lu}RN{@L}T14{@Y}T13{^ru}
20 41.29801940 002.07575077 330.9 0 2 {@Y}{^l}T10{@L}GA{@Y}T9{^r}
20 41.30750769 002.10434809 146.7 0 2 {@L}S1{@R}24R
20 41.30727715 002.10370196 161.0 0 2 {@R}24R{@L}S1
20 41.30708573 002.10348513 145.5 0 2 {@L}T1{@R}24R
20 41.30689102 002.10292440 164.9 0 2 {@R}24R{@L}T1
20 41.29396180 002.08607199 154.7 0 2 {@L}D2{@R}20-02
20 41.29422963 002.08683484 154.7 0 2 {@L}D2{@R}20-02
20 41.29964956 002.07573498 218.1 0 2 {@Y,^l}JN{@L}B9{@Y}B10{^u}
20 41.29925761 002.07665629 53.5 0 2 {@Y,^l}HN{@L}T9
20 41.29911873 002.07605295 139.1 0 2 {@L}JN
20 41.29980549 002.07624657 32.2 0 2 {@Y,^l}HN{@L}S9{@Y}HN{^r}
20 41.30019709 002.07736291 130.7 0 2 {@Y,^l}S8{@L}GATE|HN{@Y}S9{^r}
20 41.29967151 002.07768001 144.7 0 2 {@L}HN
20 41.29934831 002.07676778 331.3 0 2 {@L}HN
20 41.29990469 002.07647227 271.5 0 2 {@L}GATE|HN
20 41.29594952 002.08192181 330.7 0 2 {@Y}N7{^l,@L}E5{@Y}N6{^r}
20 41.29592686 002.08167807 90.8 0 2 {@Y}E5{^r,@L}N7
20 41.29584062 002.08136244 233.5 0 2 {@L}N7{@Y,^l}HS
20 41.29568477 002.08112157 154.4 0 2 {@L}HS
20 41.29543472 002.08041111 337.4 0 2 {@L}HS
20 41.29540479 002.08010590 220.6 0 2 {@L}N8{@Y,^l}GS
20 41.29528169 002.08015904 281.7 0 2 {@Y}HS{^l}{@L}M8{@Y}GATE_HS{^r}
20 41.29526672 002.08012804 36.9 0 2 {@Y,^l}HS{@L}M8{@Y}GATE_HS{^r}
20 41.30450765 002.09149118 66.1 0 2 {@R}20-02{@L}S4
20 41.30506283 002.09115304 58.5 0 2 {@L}S4{@R}20-02
20 41.30639265 002.09014225 106.5 0 2 {@Y,^l}U2{@L}BN{@Y}U1{^r}
20 41.30602357 002.09001495 279.9 0 2 {@L}GATE|BN
20 41.30494215 002.09035990 182.9 0 2 {@Y}{^l}S4{@L}U1{@Y}T5{^u}|S5{^ru}
20 41.29116531 002.06957703 226.2 0 2 {@Y,^l}GATE_AS{@L}M14{@Y}AS{^r}
20 41.30226358 002.08526694 148.9 0 2 {@L}EN
20 41.30196925 002.08439427 329.9 0 2 {@L}EN
20 41.30344350 002.08868683 327.4 0 2 {@L}CN
20 41.29575810 002.07869416 184.3 0 2 {@Y,^l}N8|FS{^lu,@L}R6{@Y}N9{^ru}
20 41.29307691 002.07522045 329.6 0 2 {@L}GATE|DS
20 41.29398997 002.07597702 240.9 0 2 {@Y,^l}DS{@L}N11
20 41.29451028 002.07749087 231.4 0 2 {@Y,^l}ES{@L}N10
20 41.29501999 002.07897349 67.7 0 2 {@Y}GS{^r,@L}N9
20 41.29485084 002.07888102 43.5 0 2 {@Y,^l}GS{@L}M9{@Y}GATE_GS{^r}
20 41.29479351 002.07854602 149.4 0 2 {@L}FS
20 41.29454514 002.07783197 331.6 0 2 {@L}FS
20 41.29440854 002.07756294 41.8 0 2 {@Y,^l}FS{@L}M10{@Y}GATE_FS{^r}
20 41.29398738 002.07631111 45.0 0 2 {@L}M11{@Y}GATE_ES{^r}
20 41.29384022 002.07575143 139.8 0 2 {@L}DS
20 41.29358722 002.07494260 327.6 0 2 {@L}DS
20 41.29351836 002.07474211 54.7 0 2 {@Y,^l}DS{@L}M12{@Y}GATE_DS{^r}
20 41.29336993 002.07413534 236.7 0 2 {@Y,^l}CS{@L}N12{@Y}Y5{^ru}
20 41.29325445 002.07394259 149.6 0 2 {@L}CS
20 41.29297379 002.07311494 325.2 0 2 {@L}CS
20 41.29182935 002.07154500 230.3 0 2 {@Y,^l}GATE_BS{@L}M13{@Y}BS{^r}
20 41.29225059 002.07098847 146.6 0 2 {@L}BS
20 41.29196869 002.07016443 326.7 0 2 {@L}BS
20 41.29157656 002.06902908 150.2 0 2 {@L}AS
20 41.29129219 002.06821006 329.8 0 2 {@L}AS
20 41.29078597 002.06846235 335.8 0 2 {@L}GATE|AS
20 41.29107035 002.06935412 154.4 0 2 {@L}GATE|AS
20 41.29144521 002.07046260 333.4 0 2 {@L}GATE|BS
20 41.29108263 002.06939277 274.4 0 3 {@L}L14{@Y}BS{^r}
20 41.29174176 002.07132543 153.4 0 2 {@L}GATE|BS
20 41.29283875 002.07449228 233.1 0 2 {@Y,^l}GATE_CS{@L}M12{@Y}CS{^r}
20 41.29273695 002.07424389 151.9 0 2 {@L}GATE|CS
20 41.29244634 002.07339586 334.9 0 2 {@L}GATE|CS
20 41.30402522 002.08833333 302.7 0 2 {@L}GATE|CN
20 41.30354677 002.08660105 122.3 0 2 {@L}GATE|DN{@Y,^l}S{^r}
20 41.30303265 002.08542216 155.4 0 2 {@Y,^l}S{^r,@L}GATE|DN
20 41.30286296 002.08521889 245.3 0 2 {@Y,^l}GATE_EN{^r,@L}S5{@@}S5{@Y,^l}GATE_DN
20 41.30284708 002.08494828 148.0 0 2 {@L}GATE|EN
20 41.30240611 002.08386930 40.5 0 2 {@Y,^l}GATE_EN{@L}S6{@Y}EN{^r}
20 41.30245896 002.08405479 301.4 0 2 {@L}GATE|EN
20 41.30251680 002.08408885 269.4 0 2 {@L}GATE|EN
20 41.30160705 002.08140870 267.8 0 2 {@L}GATE|FN
20 41.30157303 002.08140087 312.2 0 2 {@L}GATE|FN
20 41.29591950 002.06448177 306.8 0 2 {@Y}GATE_MN
20 41.29548985 002.06325385 306.8 0 2 {@Y}GATE_PN
20 41.29499170 002.06181665 306.8 0 2 {@Y}GATE_QN
20 41.29457897 002.06059025 306.8 0 2 {@Y}GATE_RN
20 41.29355635 002.06506210 176.5 0 2 {@L}Z8{@R}06L
20 41.29352094 002.06589273 243.2 0 2 {@L}P7{@Y}PN{^r}
20 41.30931782 002.09320190 38.0 0 3 {@L}U3R{@R}20
20 41.30885121 002.09349083 90.4 0 3 {@R}20{@L}U3R
20 41.30935286 002.09317573 86.8 0 3 {@R}20{@L}U3L
20 41.30978723 002.09293743 27.8 0 3 {@L}U3L{@R}20
20 41.30935950 002.09319779 245.4 0 3 {@Y,^u}U2|R30{^r}
20 41.28324798 002.07580479 267.4 0 3 {@Y}G10{^rd}|G11{^r}|G12{^ru}
20 41.28353713 002.07567241 175.6 0 3 {@L}G10{@R}06R
20 41.28385664 002.07510325 224.3 0 3 {@R}06R{@L}G10
20 41.28348977 002.07402294 230.5 0 3 {@R}06R{@L}G11
20 41.28332493 002.07459311 185.1 0 3 {@L}G11{@R}06R
20 41.28320123 002.07382110 138.6 0 3 {@L}G12{@R}06R
20 41.28284763 002.07328306 184.8 0 3 {@R}06R{@L}G12
20 41.28905561 002.08030496 211.2 0 3 {@Y,^l}GATE_MS
20 41.28994639 002.08317104 338.3 0 3 {@Y,^l}GATE_KS{@L}J6
20 41.28817537 002.08307829 187.4 0 3 {@Y,^u}LS{@L}J6{@Y}J8{^ru}
20 41.28824070 002.08708836 154.8 0 3 {@Y,^l}K{^r}
20 41.29391059 002.08294327 65.6 0 3 {@Y,^l}E4{@L}IS{@Y}E3{^r}
20 41.29349762 002.08166495 29.6 0 3 {@Y,^l}GATE_HS{@L}L8{@Y}IS{^u}
20 41.29323396 002.08093269 282.3 0 3 {@Y,^u}L9{@L}L8{@Y}GATE_GS{^r}
20 41.29304698 002.08035441 27.1 0 3 {@Y,^l}GATE_GS{@L}L9{@Y}L8{^u}
20 41.29279813 002.07965976 298.2 0 3 {@Y,^u}L10{@L}L9{@Y}GATE_FS{^r}
20 41.29260577 002.07909759 31.1 0 3 {@Y,^l}GATE_FS{@L}L10{@Y}L9{^u}
20 41.29236322 002.07839247 294.3 0 3 {@Y,^u}L11{@L}L10{@Y}GATE_ES{^r}
20 41.29721839 002.07242438 156.2 0 3 {@Y,^l}T11{@L}KN{@Y}T10{^r}
20 41.29599087 002.07974720 67.0 0 3 {@L}N8{@Y,^u}N7|HS{^r}
20 41.29576512 002.07910684 338.2 0 3 {@Y,^l}N8|N7{^r}
20 41.29368772 002.07180407 133.6 0 3 {@Y,^l}N12{@L}Y6{@Y}N14{^r}
20 41.29576981 002.08486667 299.9 0 3 {@Y,^l}M6{@L}D2{@Y,^u}D3|M5{^r}
20 41.29615472 002.08579278 122.5 0 3 {@L}D2
20 41.29698239 002.08531670 125.5 0 3 {@Y,^l}M5{@L}D3{@Y,^u}D2|M6{^r}
20 41.29934590 002.08782334 86.0 0 3 {@L}R2{safety}
20 41.29866773 002.08745430 12.7 0 3 {no-entry}
20 41.29930192 002.08940261 274.7 0 3 {no-entry}
20 41.30284467 002.09903207 124.4 0 3 {@L}Y4{@Y,^l}N3|N2{^r}
20 41.30267276 002.09911256 348.8 0 3 {@R}CAT{r2}/{r3,@L}Y4
20 41.30283735 002.09963219 312.2 0 3 {@L}Y2{@R}CAT{r2}/{r3}
20 41.30235202 002.09825024 312.2 0 3 {@L}Y4{@R}CAT{r2}/{r3}
20 41.30526739 002.10363804 93.4 0 3 {@Y}N1{^r}
20 41.29541858 002.06270733 125.2 0 3 {@Y,^l}S14|S12{^r}
20 41.29484256 002.06143899 131.1 0 3 {@Y,^l}S13{@L}RN{@Y}S14{^u}
20 41.29413617 002.06467434 156.1 0 3 {@R}CAT{r2}/{r3,@L}Z8
20 41.29438897 002.06538106 156.1 0 3 {@L}Z8{@R}CAT{r2}/{r3}
20 41.29403177 002.06594685 80.2 0 3 {no-entry}
20 41.29436568 002.06199542 215.2 0 3 {@Y,^l}RN{@L}S13{@Y}GATE_RN{^r}
20 41.29484857 002.06384315 37.8 0 3 {@Y,^l}PN{@L}T13{@Y}Z8{^r}
20 41.29478714 002.06548074 218.1 0 3 {@Y,^l}Z8{@L}T12{@Y}PN{^r}
20 41.29394741 002.06316981 223.8 0 3 {@Y,^l}T14|{^lu}S14{@L}T13{@Y}RN{^r}
20 41.30526740 002.09919916 131.9 0 3 {@L}Z2{@R}24R-06L
20 41.29578895 002.07154053 131.9 0 3 {@L}Z5{@R}24R-06L
20 41.30504268 002.09851072 192.6 0 3 {@R}24R-06L{@L}Z2
20 41.29554509 002.07083035 192.6 0 3 {@R}24R-06L{@L}Z5
20 41.30586923 002.09884767 131.9 0 3 {@L}Z2{@R}CAT{r2}/{r3}
20 41.29633608 002.07121457 131.9 0 3 {@L}Z5{@R}CAT{r2}/{r3}
20 41.30562654 002.09810113 192.6 0 3 {@R}CAT{r2}/{r3,@L}Z2
20 41.29612348 002.07042810 192.6 0 3 {@R}CAT{r2}/{r3,@L}Z5
20 41.30499709 002.09837009 131.9 0 3 {@L}Z3{@R}24R-06L
20 41.29550497 002.07068610 131.9 0 3 {@L}Z6{@R}24R-06L
20 41.30479673 002.09779021 192.6 0 3 {@R}24R-06L{@L}Z3
20 41.29529914 002.07010630 192.6 0 3 {@R}24R-06L{@L}Z6
20 41.30558903 002.09801165 131.9 0 3 {@L}Z3{@R}CAT{r2}/{r3}
20 41.29608597 002.07035320 131.9 0 3 {@L}Z6{@R}CAT{r2}/{r3}
20 41.30537018 002.09738322 192.6 0 3 {@R}CAT{r2}/{r3,@L}Z3
20 41.29586711 002.06972485 192.6 0 3 {@R}CAT{r2}/{r3,@L}Z6
20 41.30474254 002.09763119 131.9 0 3 {@L}Z4{@R}24R-06L
20 41.29524495 002.06995095 131.9 0 3 {@L}Z7{@R}24R-06L
20 41.30448904 002.09697101 192.6 0 3 {@R}24R-06L{@L}Z4
20 41.29500786 002.06924354 192.6 0 3 {@R}24R-06L{@L}Z7
20 41.30534204 002.09728334 131.9 0 3 {@L}Z4{@R}CAT{r2}/{r3}
20 41.29583898 002.06962498 131.9 0 3 {@L}Z7{@R}CAT{r2}/{r3}
20 41.30506808 002.09654149 175.8 0 3 {@R}CAT{r2}/{r3,@L}Z4
20 41.29557323 002.06887597 192.6 0 3 {@R}CAT{r2}/{r3,@L}Z7
20 41.29616430 002.06752521 37.3 0 3 {@Y,^l}LN{@L}T11{@Y}Z7{^ru}
20 41.29544817 002.06505837 215.1 0 3 {@Y,^l}PN{@L}S12{@Y}GATE_PN{^r}
20 41.29681829 002.06703926 41.5 0 3 {@Y,^l}GATE_LN{@L}S12{@Y}LN{^r}
20 41.29643388 002.06569204 126.2 0 3 {@L}GATE|MN{@Y,^l}S12{^r}
20 41.29831523 002.07140934 315.3 0 3 {@L}GATE|KN{@Y}B10{^r}
20 41.29813902 002.07107732 35.9 0 3 {@Y,^l}GATE_KN{@L}S11{@Y}KN{^r}
20 41.30993012 002.09419603 66.1 0 3 {@Y,^lu}U4{@L}U3L{@R}20{^r}
20 41.30599621 002.09082624 109.6 0 3 {@Y,^l}U1{@L}BN{@Y}U2{^r}
20 41.30643955 002.09110401 180.0 0 3 {@Y}GATE_BN{^r}
20 41.30191792 002.08233564 217.5 0 3 {@Y,^l}FN{@L}B6{@Y}B7{^u}
20 41.30189939 002.08232700 131.0 0 3 {@L}GATE|FN
20 41.29620753 002.08042440 338.1 0 3 {@Y,^l}N8|N7{^r}
20 41.29500997 002.07688246 38.3 0 3 {no-entry}
20 41.29523521 002.07723463 216.3 0 3 {@L}N10
20 41.29204548 002.06825588 335.6 0 3 {@Y,^l}N15{@L}AS{@Y}N14{^r}
20 41.29271611 002.07022119 335.6 0 3 {@Y,^l}N14{@L}BS{@Y}N13{^r}
20 41.29491016 002.07867544 244.4 0 3 {@Y,^l}FS{@L}N9
20 41.30446838 002.09485731 332.7 0 3 {@Y,^l}T3
20 41.28429085 002.07363702 340.1 0 2 {@Y,^l}Q12{@L}VS{@Y}Q11{^r}
20 41.28419447 002.07352180 31.8 0 2 {@L}G12{@Y,^l}GATE_VS
20 41.28475212 002.07449443 122.9 0 2 {@Y,^l}K11{@L}VS{@Y}G12{^r}
20 41.28440679 002.07358071 166.6 0 2 {@Y,^l}K11{@L}VS{@Y}G12{^r}
20 41.28775609 002.08105190 345.3 0 2 {@Y}MS1{^u,@L}MS
20 41.28776216 002.08104775 155.8 0 2 {@Y,^l}J7{@L}MS{@Y}J8{^r}
20 41.28887717 002.08037239 154.8 0 2 {@L}MS1
20 41.28483404 002.07461950 236.2 0 2 {@L}Q10{@Y,^l}VS
20 41.28474004 002.07480672 311.5 0 2 {@Y,^l}Q11{@L}TS{@Y}Q10{^r}
20 41.28825716 002.08228500 142.1 0 2 {@L}LS1{@Y}LS{^u}
20 41.29885948 002.07101425 185.8 0 2 {@Y,^l}B10{@L}X11
20 41.30375807 002.08960028 208.4 0 2 {@Y,^l}CN{^r,@L}S4{@Y}S{^u}
20 41.29338886 002.08081442 139.6 0 2 {@Y,^l}L8{@L}GS1{@Y}L9{^r}
20 41.29388597 002.07834637 323.6 0 2 {@Y,^l}M10{@L}FS1{@Y}M9{^r}
20 41.29431940 002.07961224 323.6 0 2 {@Y,^l}M9{@L}GS1{@Y}M8{^r}
20 41.29475773 002.08088780 336.8 0 2 {@Y,^l}M8{@L}HS1{@Y}M7{^r}
20 41.29251746 002.07826841 125.3 0 2 {@Y,^l}L10{@L}ES{@Y}L11{^r}
20 41.29725087 002.06815495 125.5 0 2 {@Y,^l}S11{@L}LN{@Y}S12{^r}
20 41.29783379 002.06762334 155.5 0 2 {@L}LN
20 41.29661937 002.06876757 287.9 0 2 {@Y}LN{^r,@L}T11
20 41.28668829 002.08038463 221.6 0 2 {@Y,^l}GATE_PS
20 41.28638686 002.07908485 89.1 0 2 {@Y,^l}Q8|{^u}J8{@L}Q9
20 41.28633740 002.07909251 87.1 0 2 {@Y,^u}GATE_NS|GATE_PS{^r}
20 41.28600093 002.08069151 245.8 0 2 {@Y,^u}K9{@L}K8{@Y}GATE_PS{^r}
20 41.28620727 002.07923546 40.7 0 2 {@L}K9{@Y,^l}PS
20 41.28597742 002.07782745 225.5 0 2 {@L}Q11{@Y,^l}RS
14 41.29564423 002.09511082 233 0 Barcelona - El Prat
1300 41.29685631 002.06059816 65.6 tie_down jets Ramp 175
1301 C cargo
1300 41.29785985 002.06330209 65.3 tie_down jets Ramp 157A
1301 C cargo
1300 41.29583127 002.06259698 -114.6 tie_down jets Ramp 161
1301 C cargo
1300 41.29484566 002.06002363 -114.6 tie_down jets Ramp 181
1301 C cargo
1300 41.29651999 002.06080047 65.7 tie_down jets Ramp 174
1301 C cargo
1300 41.29749810 002.06352068 65.3 tie_down jets Ramp 156A
1301 C cargo
1300 41.29626590 002.06233275 -114.5 tie_down jets Ramp 162
1301 C cargo
1300 41.29520555 002.05980638 -114.5 tie_down jets Ramp 182
1301 C cargo
1300 41.29618410 002.06100254 65.5 tie_down jets Ramp 173
1301 C cargo
1300 41.29713806 002.06373815 65.3 tie_down jets Ramp 155A
1301 C cargo
1300 41.29666024 002.06209538 -114.7 tie_down jets Ramp 163
1301 C cargo
1300 41.29556556 002.05958909 -114.7 tie_down jets Ramp 183
1301 C cargo
1300 41.29582422 002.06121908 65.6 tie_down jets Ramp 172
1301 C cargo
1300 41.29677695 002.06395631 65.3 tie_down jets Ramp 154A
1301 C cargo
1300 41.29703698 002.06186949 -114.6 tie_down jets Ramp 164
1301 C cargo
1300 41.29592520 002.05937201 -114.6 tie_down jets Ramp 184
1301 C cargo
1300 41.29546372 002.06143596 65.6 tie_down jets Ramp 171
1301 C cargo
1300 41.29641733 002.06417356 65.3 tie_down jets Ramp 153A
1301 C cargo
1300 41.29741299 002.06164244 -114.6 tie_down jets Ramp 165
1301 C cargo
1300 41.29628588 002.05915433 -114.6 tie_down jets Ramp 185
1301 C cargo
1300 41.29041772 002.07693556 155.5 gate heavy Gate 224
1301 D airline
1300 41.29065494 002.07751553 155.0 gate heavy Gate 226
1301 D airline
1300 41.29090050 002.07803294 155.1 gate jets Gate 228
1301 C none
1300 41.29106584 002.07852465 155.7 gate jets Gate 230
1301 C airline
1300 41.29124345 002.07903138 155.1 gate jets Gate 232
1301 C airline
1300 41.29141045 002.07952690 155.2 gate jets Gate 234
1301 C airline
1300 41.29164698 002.08020954 155.1 gate jets Gate 236
1301 C airline
1300 41.29181828 002.08072117 155.4 gate jets Gate 238
1301 C airline
1300 41.29198880 002.08122641 155.8 gate jets Gate 240
1301 C airline
1300 41.29237051 002.08243321 -134.3 gate jets Gate 246
1301 C none
1300 41.29216304 002.08158119 -177.1 gate jets Gate 242
1301 C airline
1300 41.29230000 002.08208056 -177.1 gate jets Gate 244
1301 D none
1300 41.29041155 002.08044695 335.5 gate jets Gate 258
1301 C airline
1300 41.28906338 002.07650376 -74.7 gate heavy Gate 270
1301 E airline
1300 41.28810729 002.07685841 243.0 gate heavy Gate 273
1301 E none
1300 41.28767519 002.07735137 -59.8 gate heavy Gate 277
1301 E airline
1300 41.29288100 002.07667323 -144.8 tie_down heavy|jets|turboprops|props Ramp 300
1301 D airline
1300 41.29373409 002.08121670 65.3 tie_down jets|turboprops|props Ramp 334
1301 C airline
1300 41.29286670 002.07867347 65.6 tie_down jets|turboprops|props Ramp 314
1301 C airline
1300 41.29227588 002.07751063 103.1 tie_down heavy|jets|turboprops|props Ramp 302
1301 D airline
1300 41.29418330 002.08094990 65.4 tie_down jets|turboprops|props Ramp 332
1301 C airline
1300 41.29330717 002.07841255 65.8 tie_down jets|turboprops|props Ramp 312
1301 C airline
1300 41.29396404 002.07916747 -114.4 tie_down jets|turboprops|props Ramp 320
1301 C airline
1300 41.29452314 002.08080599 65.4 tie_down jets|turboprops|props Ramp 330
1301 C airline
1300 41.29364383 002.07824005 65.5 tie_down jets|turboprops|props Ramp 310
1301 C airline
1300 41.29365555 002.07941082 -114.3 tie_down jets|turboprops|props Ramp 322
1301 C airline
1300 41.29485966 002.08163458 -73.5 tie_down heavy|jets|turboprops|props|helos Ramp 340
1301 E airline
1300 41.29400659 002.08225050 -114.3 tie_down jets|turboprops|props|helos Ramp 342
1301 C airline
1300 41.30877731 002.08996475 66.0 tie_down turboprops|props Ramp 15
1301 A general_aviation
1300 41.30899338 002.09064141 66.0 tie_down jets|turboprops|props Ramp 04
1301 A general_aviation
1300 41.30846600 002.09015228 66.0 tie_down turboprops|props Ramp 13
1301 A general_aviation
1300 41.30866630 002.09083803 66.0 tie_down jets|turboprops|props Ramp 02
1301 A general_aviation
1300 41.30862170 002.09005850 66.2 tie_down turboprops|props Ramp 14
1301 A general_aviation
1300 41.30883039 002.09073939 66.2 tie_down jets|turboprops|props Ramp 03
1301 A general_aviation
1300 41.30815381 002.09034031 65.2 tie_down turboprops|props Ramp 11
1301 A general_aviation
1300 41.30830947 002.09024656 65.2 tie_down turboprops|props Ramp 12
1301 A general_aviation
1300 41.30850204 002.09093679 65.2 tie_down jets|turboprops|props Ramp 01
1301 A general_aviation
1300 41.28662598 002.07523552 -24.2 gate heavy Ramp 287
1301 E airline
1300 41.28622782 002.07409356 -24.4 gate heavy Ramp 291
1301 E airline
1300 41.28586592 002.07305651 -24.2 gate heavy Ramp 295
1301 E airline
1300 41.28629348 002.07423857 -38.5 tie_down jets Ramp 290
1301 C airline
1300 41.28596418 002.07397470 -38.2 tie_down jets Ramp 292
1301 C airline
1300 41.28592459 002.07319626 -38.9 tie_down jets Ramp 294
1301 C airline
1300 41.28694119 002.07610242 -24.4 gate heavy Gate 285
1301 E airline
1300 41.28721331 002.07689379 -24.6 gate heavy Gate 281
1301 E airline
1300 41.28726627 002.07706396 -38.4 gate heavy Gate 280
1301 F airline
1300 41.28826968 002.07688947 -109.2 gate jets Gate 272
1301 C airline
1300 41.28798863 002.07722500 -107.6 gate jets Gate 274
1301 C airline
1300 41.28773915 002.07743611 -83.5 gate jets Gate 276
1301 C airline
1300 41.28747840 002.07746265 -38.3 gate jets Gate 278
1301 C airline
1300 41.28692340 002.07680797 -38.0 tie_down jets Ramp 282
1301 C airline
1300 41.28681756 002.07617625 -38.9 tie_down jets Ramp 284
1301 C airline
1300 41.28633914 002.07511717 -38.7 tie_down jets Ramp 288
1301 C airline
1300 41.28667201 002.07538249 -38.2 tie_down jets Ramp 286
1301 C airline
1300 41.28957808 002.07775824 335.1 gate jets Gate 268
1301 C airline
1300 41.29029656 002.07993957 -24.2 gate jets Gate 260
1301 C airline
1300 41.29007955 002.07947153 335.7 gate jets Gate 262
1301 C airline
1300 41.28990945 002.07896256 335.7 gate jets Gate 264
1301 C airline
1300 41.28978854 002.07836379 335.7 gate jets Gate 266
1301 C airline
1300 41.28812996 002.08153496 65.6 tie_down jets|turboprops|props Ramp 414
1301 C airline
1300 41.28846693 002.08127227 65.6 tie_down jets|turboprops|props Ramp 412
1301 C airline
1300 41.28903017 002.08201163 -114.8 tie_down jets|turboprops|props Ramp 400
1301 C airline
1300 41.28889015 002.08101906 65.6 tie_down jets|turboprops|props Ramp 410
1301 C airline
1300 41.28815569 002.07941364 -154.1 tie_down heavy|jets|turboprops|props Ramp 425
1301 D none
1300 41.28764839 002.08021063 100.1 tie_down heavy|jets|turboprops|props Ramp 425
1301 D airline
1300 41.28810361 002.07958405 -155.6 tie_down jets|turboprops|props|helos Ramp 422
1301 B airline
1300 41.28828499 002.07926693 -155.6 tie_down jets|turboprops|props|helos Ramp 420
1301 B airline
1300 41.29128592 002.08257635 -29.0 gate heavy Gate 250
1301 E airline
1300 41.29159347 002.08289581 -109.4 gate heavy Gate 248
1301 D airline
1300 41.29099385 002.08206293 -24.1 gate jets Gate 252
1301 C airline
1300 41.29081766 002.08155515 -24.1 gate jets Gate 254
1301 C airline
1300 41.29064888 002.08105559 -24.0 gate jets Gate 256
1301 C airline
1300 41.29219722 002.08209722 -156.8 gate heavy|jets Gate 245
1301 E airline
1300 41.29215090 002.08308570 -156.9 gate heavy Gate 247
1301 E airline
1300 41.29665630 002.06383305 65.3 tie_down jets|turboprops|props Ramp 152
1301 B none
1300 41.29643321 002.06396770 65.3 tie_down jets|turboprops|props Ramp 151
1301 B none
1300 41.29689302 002.06369015 65.3 tie_down jets|turboprops|props Ramp 153
1301 B none
1300 41.29713894 002.06354173 65.3 tie_down jets|turboprops|props Ramp 154
1301 B none
1300 41.29738784 002.06339153 65.3 tie_down jets|turboprops|props Ramp 155
1301 B none
1300 41.29762740 002.06324688 65.3 tie_down jets|turboprops|props Ramp 156
1301 B none
1300 41.29786294 002.06310448 65.3 tie_down jets|turboprops|props Ramp 157
1301 B none
1300 41.29700629 002.06549285 -114.4 tie_down heavy|jets Ramp 141A
1301 E cargo
1300 41.29762827 002.06511730 -114.4 tie_down heavy|jets Ramp 142A
1301 E cargo
1300 41.29822712 002.06475597 -114.4 tie_down heavy|jets Ramp 143A
1301 E cargo
1300 41.29696212 002.06564715 -114.7 tie_down heavy|jets|turboprops|props Ramp 141
1301 D none
1300 41.29744809 002.06534952 -114.7 tie_down heavy|jets|turboprops|props Ramp 142
1301 D none
1300 41.29793678 002.06505537 -114.7 tie_down heavy|jets|turboprops|props Ramp 143
1301 D none
1300 41.29843423 002.06496913 -114.7 tie_down heavy|jets|turboprops|props Ramp 144
1301 D none
1300 41.29979835 002.06879574 -24.6 tie_down heavy|jets Ramp 136
1301 E cargo
1300 41.29952838 002.06801218 -24.6 tie_down heavy|jets Ramp 137
1301 E cargo
1300 41.29913026 002.06739489 -24.6 tie_down heavy|jets|turboprops|props Ramp 138
1301 D none
1300 41.29925884 002.06722991 -24.6 tie_down heavy|jets Ramp 138A
1301 D cargo
1300 41.29892201 002.06676324 -24.6 tie_down jets|turboprops|props Ramp 139
1301 C cargo
1300 41.29832794 002.07053425 155.6 tie_down heavy|jets Ramp 131
1301 D airline
1300 41.29809356 002.06987492 155.5 tie_down heavy|jets Ramp 132
1301 D airline
1300 41.29796046 002.06915257 155.4 tie_down jets|turboprops|props Ramp 133
1301 C none
1300 41.29782280 002.06910534 155.6 tie_down heavy|jets Ramp 133A
1301 D none
1300 41.29780926 002.06870834 155.5 tie_down jets|turboprops|props Ramp 134
1301 C none
1300 41.29759800 002.06846903 155.7 tie_down heavy|jets Ramp 134A
1301 D none
1300 41.29765587 002.06826107 155.7 tie_down jets|turboprops|props Ramp 135
1301 C none
1300 41.30198463 002.07790199 -13.4 gate heavy Gate 113A
1301 E none
1300 41.30108166 002.07530020 -12.9 gate heavy Gate 119A
1301 E none
1300 41.30322249 002.08033956 -84.4 gate jets Gate 106
1301 C airline
1300 41.30287668 002.08050121 -51.2 gate jets Gate 107
1301 C airline
1300 41.30374442 002.08307678 -11.4 gate heavy Gate 101A
1301 E none
1300 41.30393271 002.08679126 65.5 tie_down jets|turboprops|props Ramp 81
1301 C airline
1300 41.30533465 002.08531579 65.6 tie_down jets|turboprops|props Ramp 85
1301 C airline
1300 41.30327866 002.08487708 -114.5 tie_down jets|turboprops|props Ramp 91
1301 C airline
1300 41.30427579 002.08657920 65.5 tie_down jets|turboprops|props Ramp 82
1301 C airline
1300 41.30781744 002.08887584 65.6 tie_down jets|turboprops|props Ramp 46A
1301 B none
1300 41.30771939 002.08892716 65.6 tie_down jets|turboprops|props Ramp 46
1301 B airline
1300 41.30717073 002.08789899 -114.4 tie_down jets|turboprops|props Ramp 54
1301 B airline
1300 41.30709688 002.08976521 65.7 tie_down jets|turboprops|props Ramp 31
1301 A airline
1300 41.30826989 002.08965245 244.9 tie_down turboprops|props Ramp 24
1301 A general_aviation
1300 41.30785260 002.08931289 65.7 tie_down jets|turboprops|props Ramp 35
1301 A airline
1300 41.30664355 002.08959539 65.7 tie_down jets|turboprops|props Ramp 40
1301 A airline
1300 41.30728725 002.08965373 65.4 tie_down jets|turboprops|props Ramp 32
1301 A airline
1300 41.30810671 002.08975087 244.7 tie_down turboprops|props Ramp 23
1301 A general_aviation
1300 41.30803961 002.08919808 65.4 tie_down jets|turboprops|props Ramp 36
1301 A airline
1300 41.30680028 002.08950293 65.4 tie_down jets|turboprops|props Ramp 41
1301 A airline
1300 41.30859759 002.08945480 244.7 tie_down turboprops|props Ramp 26
1301 A general_aviation
1300 41.30747395 002.08954043 65.5 tie_down jets|turboprops|props Ramp 33
1301 A airline
1300 41.30794325 002.08984945 244.7 tie_down turboprops|props Ramp 22
1301 A general_aviation
1300 41.30822931 002.08908495 65.5 tie_down jets|turboprops|props Ramp 37
1301 A airline
1300 41.30696595 002.08938271 65.5 tie_down jets|turboprops|props Ramp 42
1301 A airline
1300 41.30843417 002.08955337 244.7 tie_down turboprops|props Ramp 25
1301 A general_aviation
1300 41.30766234 002.08942397 65.4 tie_down jets|turboprops|props Ramp 34
1301 A airline
1300 41.30777742 002.08994945 244.7 tie_down turboprops|props Ramp 21
1301 A general_aviation
1300 41.30841763 002.08897135 65.4 tie_down jets|turboprops|props Ramp 38
1301 A airline
1300 41.30715399 002.08926895 65.4 tie_down jets|turboprops|props Ramp 43
1301 A airline
1300 41.30787394 002.08747817 -114.6 tie_down jets|turboprops|props Ramp 57
1301 B airline
1300 41.30675933 002.08692122 -114.5 tie_down jets|turboprops|props|helos Ramp 63
1301 B airline
1300 41.30634507 002.08583698 -114.5 tie_down jets|turboprops|props Ramp 71
1301 C airline
1300 41.30567946 002.08510845 65.6 tie_down jets|turboprops|props Ramp 86
1301 C airline
1300 41.30364768 002.08465417 -114.5 tie_down jets|turboprops|props Ramp 92
1301 C airline
1300 41.30461966 002.08636846 65.4 tie_down jets|turboprops|props Ramp 83
1301 C airline
1300 41.30790966 002.08881447 65.5 tie_down jets|turboprops|props Ramp 47
1301 B airline
1300 41.30693741 002.08804015 -114.6 tie_down jets|turboprops|props Ramp 53
1301 B airline
1300 41.30744231 002.08910680 65.4 tie_down jets|turboprops|props Ramp 44A
1301 B none
1300 41.30734429 002.08915646 65.4 tie_down jets|turboprops|props Ramp 44
1301 B airline
1300 41.30763803 002.08761774 -114.8 tie_down jets|turboprops|props Ramp 56
1301 B airline
1300 41.30647874 002.08708675 -114.6 tie_down jets|turboprops|props|helos Ramp 62
1301 B airline
1300 41.30600290 002.08604900 -114.5 tie_down jets|turboprops|props Ramp 72
1301 C airline
1300 41.30602380 002.08490026 65.5 tie_down jets|turboprops|props Ramp 87
1301 C airline
1300 41.30401640 002.08443334 -114.5 tie_down jets|turboprops|props Ramp 93
1301 C airline
1300 41.30522062 002.08347118 -114.5 tie_down jets|turboprops|props Gate 96
1301 C airline
1300 41.30485386 002.08369240 -114.7 tie_down jets|turboprops|props Gate 95
1301 C airline
1300 41.30419169 002.08704278 65.5 tie_down heavy|jets Ramp 81A
1301 E none
1300 41.30493776 002.08658747 65.5 tie_down heavy|jets Ramp 83A
1301 E none
1300 41.30496341 002.08615726 65.5 tie_down jets|turboprops|props Ramp 84
1301 C airline
1300 41.30828729 002.08858959 65.6 tie_down jets|turboprops|props Ramp 49
1301 B airline
1300 41.30640644 002.08839345 -114.6 tie_down jets|turboprops|props Ramp 51
1301 B airline
1300 41.30819394 002.08864790 65.8 tie_down jets|turboprops|props Ramp 48A
1301 B none
1300 41.30809620 002.08870082 65.8 tie_down jets|turboprops|props Ramp 48
1301 B airline
1300 41.30668849 002.08822145 -114.7 tie_down jets|turboprops|props Ramp 52
1301 B airline
1300 41.30753147 002.08904067 65.5 tie_down jets|turboprops|props Ramp 45
1301 B airline
1300 41.30740514 002.08775798 -114.3 tie_down jets|turboprops|props Ramp 55
1301 B airline
1300 41.30620224 002.08725839 -114.5 tie_down jets|turboprops|props|helos Ramp 61
1301 B airline
1300 41.30435653 002.08412466 -114.4 tie_down jets|turboprops|props Ramp 94
1301 C airline
1300 41.30408977 002.08299419 -84.1 gate jets Gate 100
1301 C airline
1300 41.30372145 002.08309501 -54.3 gate jets Gate 101
1301 C airline
1300 41.30342865 002.08295745 -5.4 gate jets Gate 102
1301 C airline
1300 41.30255376 002.08039680 5.0 gate jets Gate 108
1301 C airline
1300 41.30322003 002.08244622 13.7 gate jets Gate 103
1301 C airline
1300 41.30232869 002.07984315 15.8 gate jets Gate 109
1301 C airline
1300 41.30333879 002.08194181 25.4 gate jets Gate 104
1301 C airline
1300 41.30245744 002.07933126 25.1 gate jets Gate 110
1301 C airline
1300 41.30354666 002.08153765 41.7 gate jets Gate 105
1301 C airline
1300 41.30268748 002.07892424 38.4 gate jets Gate 111
1301 C airline
1300 41.30232798 002.07774074 -84.6 gate jets Gate 112
1301 C airline
1300 41.30196221 002.07788899 -57.8 gate jets Gate 113
1301 C airline
1300 41.30165462 002.07778137 -4.2 gate heavy|jets Gate 114
1301 D airline
1300 41.30147065 002.07723595 16.3 gate heavy|jets Gate 115
1301 D airline
1300 41.30157447 002.07666700 26.8 gate jets Gate 116
1301 C airline
1300 41.30174386 002.07632002 43.0 gate jets Gate 117
1301 C airline
1300 41.30142590 002.07514753 -81.3 gate jets Gate 118
1301 C airline
1300 41.30108745 002.07524527 -55.0 gate jets Gate 119
1301 C airline
1300 41.30075113 002.07507128 -24.3 gate heavy|jets Gate 120
1301 D airline
1300 41.30049985 002.07451033 15.4 gate heavy|jets Gate 121
1301 D airline
1300 41.30066094 002.07403745 26.4 gate jets Gate 122
1301 C airline
1300 41.30041610 002.07293713 -14.6 gate jets Gate 124
1301 C airline
1300 41.30028177 002.07263770 28.8 gate heavy|jets Gate 125
1301 D airline
1300 41.30037979 002.07206506 30.3 gate jets Gate 126
1301 C airline
1300 41.30033435 002.07162073 53.6 gate jets Gate 127
1301 C airline
1300 41.30061472 002.07134938 54.1 gate jets Gate 128
1301 C airline
1300 41.30068161 002.07415837 2.7 gate heavy Gate 121A
1301 E none
1300 41.30035926 002.07291752 32.7 gate heavy Gate 124A
1301 E none
1300 41.30039446 002.07195262 44.2 gate heavy Gate 126A
1301 E none
1300 41.30069017 002.07127000 67.4 gate heavy Gate 128A
1301 E none
1300 41.30074829 002.07095060 80.7 gate jets Gate 129
1301 C airline
1300 41.29155759 002.07461819 -130.8 gate heavy Gate 217
1301 E airline
1300 41.29158056 002.07508055 -114.3 gate jets Gate 218
1301 C airline
1300 41.29093055 002.07520833 -143.2 gate jets Gate 220
1301 C airline
1300 41.29087982 002.07513338 -112.2 gate jets|turboprops|props Gate 221
1301 F airline
1300 41.29017954 002.06790122 -114.3 tie_down jets|turboprops|props Ramp 200R
1301 C none
1300 41.28975038 002.06915772 155.5 gate jets Gate 200
1301 C airline
1300 41.28996576 002.06979466 155.5 gate jets Gate 202
1301 C airline
1300 41.29018168 002.07043319 155.5 gate jets Gate 204
1301 C airline
1300 41.29039613 002.07106737 155.5 gate jets Gate 206
1301 C airline
1300 41.29067867 002.07190292 155.5 gate jets Gate 208
1301 C airline
1300 41.29089477 002.07254198 155.5 gate jets Gate 210
1301 C airline
1300 41.29111031 002.07317940 155.1 gate jets Gate 212
1301 C airline
1300 41.29132537 002.07381540 155.5 gate jets Gate 214
1301 C airline
1300 41.29162500 002.07456944 -143.5 gate jets Gate 216
1301 C airline
1300 41.29078880 002.07558056 -114.2 gate jets Gate 222
1301 C airline
1300 41.31301044 002.10409739 -24.4 tie_down heavy|jets Ramp 906
1301 D airline
1300 41.31243955 002.10267798 -24.0 tie_down jets|turboprops Ramp 904
1301 C airline
1300 41.31199718 002.10138521 -24.1 tie_down jets|turboprops Ramp 902
1301 C airline
1300 41.31176111 002.10082470 -24.4 tie_down helos Ramp 901
1301 A general_aviation
1300 41.31163592 002.10043322 -24.4 tie_down helos Ramp 900
1301 A general_aviation
1300 41.31040606 002.09208837 -17.8 tie_down heavy|jets|turboprops|props|helos|fighters Ramp 30 - 2
1301 C none
1300 41.31054898 002.09280526 -114.1 tie_down heavy|jets|turboprops|props|helos|fighters Ramp 30 - 2
1301 C none
1300 41.30990194 002.09153797 65.2 tie_down heavy|jets|turboprops|props|helos|fighters Ramp 30 - 1
1301 E none
1300 41.28561035 002.07293085 -38.8 tie_down jets Ramp 296
1301 C airline
18 41.30246600 002.09705300 1 Barcelona - El Prat
19 41.28386661 002.07617476 0 07R Windsock
19 41.29210474 002.10050591 0 25L Windsock
19 41.29050832 002.08759991 0 Windsock 02
19 41.29339280 002.06398373 0 Windsock 07L displaced
19 41.29329956 002.07001115 0 Windsock 07L old
19 41.30784182 002.09561182 0 Windsock 20
19 41.30229400 002.09744358 0 Windsock 25R M-N
19 41.31115724 002.09878696 0 New Windsock 12
19 41.30454535 002.10287187 0 Windsock 25R Y1
1050 118655 ATIS ARR
1050 121980 ATIS DEP
1052 121805 CLNC DEL
1053 122230 GMC S
1053 121655 GMC C
1053 121705 GMC N
1054 118105 TWR ARR
1054 122830 TWR BCK
1054 118330 TWR DPT
1056 121155 DPT E
1056 131125 DPT E (25k)
1056 126505 DPT W
1056 127700 DPT W (25)
1055 124705 APP BCK
1055 131125 APP
1055 135280 APP
1055 119105 APP L
1055 121155 APP H
1055 125250 APP H
1055 126505 APP H
1055 127700 APP H
1000 Pref West Day ATC Flow
1001 LEBL 160 339 999
1002 LEBL 0
1003 LEBL 0.0
1004 0700 2300
1101 24R left
1110 24R 126500 arrivals heavy|jets|turboprops|props|helos|fighters 000000 000000 Arr Rwy 24R
1110 24L 126500 arrivals|departures heavy|jets|turboprops|props|helos|fighters 000000 000000 Arr,Dep Rwy 24L
1000 East Day ATC Flow
1001 LEBL 340 139 999
1002 LEBL 0
1003 LEBL 0.0
1004 0700 2300
1101 06L right
1110 06L 121150 arrivals heavy|jets|turboprops|props|helos|fighters 000000 000000 Arr Rwy 06L
1110 06R 121150 arrivals|departures heavy|jets|turboprops|props|helos|fighters 000000 000000 Arr,Dep Rwy 06R
1000 Pref North Night ATC Flow
1001 LEBL 340 110 999
1002 LEBL 0
1003 LEBL 0.0
1004 2301 0659
1101 02 right
1110 02 121150 arrivals heavy|jets|turboprops|props|helos|fighters 000000 000000 Arr Rwy 02
1110 06R 121150 departures heavy|jets|turboprops|props|helos|fighters 000000 000000 Dep Rwy 06R
1000 West Night ATC Flow
1001 LEBL 160 340 999
1002 LEBL 0
1003 LEBL 0.0
1004 2301 0659
1101 24L right
1110 24L 126500 arrivals|departures heavy|jets|turboprops|props|helos|fighters 000000 000000 Arr,Dep Rwy 24L
1000 Fallback West ATC Flow
1001 LEBL 160 339 999
1002 LEBL 0
1003 LEBL 0.0
1101 24L left
1110 24L 126500 arrivals|departures heavy|jets|turboprops|props|helos|fighters 000000 000000 Arr,Dep Rwy 24L
1000 Fallback East ATC Flow
1001 LEBL 340 159 999
1002 LEBL 0
1003 LEBL 0.0
1101 06R right
1110 06R 121150 arrivals|departures heavy|jets|turboprops|props|helos|fighters 000000 000000 Arr,Dep Rwy 06R
1200
1201 41.29192754 002.08251379 both 0 _stop
1201 41.29190409 002.08261702 both 1 _stop
1201 41.29019038 002.07688063 both 2 _start
1201 41.30586521 002.08594100 both 3 _stop
1201 41.30617664 002.08830782 both 4 _stop
1201 41.30623757 002.08767551 both 5 _stop
1201 41.30423829 002.08726237 both 6 _stop
1201 41.30509496 002.08675004 both 7 _stop
1201 41.30522190 002.08660388 both 8 _stop
1201 41.30525154 002.08641136 both 9 _stop
1201 41.30523203 002.08581445 both 10 _stop
1201 41.30527308 002.08560883 both 11 _stop
1201 41.30537266 002.08547779 both 12 _stop
1201 41.30315906 002.08477561 both 13 _stop
1201 41.30400460 002.08425684 both 14 _stop
1201 41.30347165 002.08458383 both 15 _split
1201 41.30421226 002.08403535 both 16 _stop
1201 41.30664070 002.08657181 both 17 _start
1201 41.29124896 002.08019483 both 18 _stop
1201 41.28258631 002.07424706 both 19 G10_stop
1201 41.28279706 002.07424051 both 20 G10_stop
1201 41.28293954 002.07441233 both 21 G10_stop
1201 41.28309894 002.07487562 both 22 G10_stop
1201 41.28326879 002.07514012 both 23 G10_stop
1201 41.28382718 002.07542745 both 24 G10_stop
1201 41.28252309 002.07383834 both 25 G12_stop
1201 41.28237131 002.07409312 both 26 G12_split
1201 41.28309062 002.07349786 both 27 G12_stop
1201 41.28330809 002.07337288 both 28 G12_stop
1201 41.28348919 002.07337777 both 29 G12_stop
1201 41.28378493 002.07351701 both 30 G12_stop
1201 41.28400543 002.07379627 both 31 G12_stop
1201 41.29661406 002.05840949 both 32 S_stop
1201 41.29390568 002.06002889 both 33 S_stop
1201 41.29383359 002.05996985 both 34 S_stop
1201 41.29329713 002.05838872 both 35 S_start
1201 41.30942606 002.09075825 both 36 S_stop
1201 41.30953722 002.09079860 both 37 S_stop
1201 41.30966071 002.09072729 both 38 S_stop
1201 41.30979092 002.09064578 both 39 S_start
1201 41.30905382 002.09038785 both 40 S_stop
1201 41.30911369 002.09056187 both 41 S_stop
1201 41.30919139 002.09063962 both 42 S_stop
1201 41.30858492 002.09100409 both 43 S_start
1201 41.30786606 002.09020428 both 44 S_start
1201 41.30673635 002.08967958 both 45 S_start
1201 41.30479077 002.08428943 both 46 S_stop
1201 41.29629368 002.06443569 both 47 S_start
1201 41.29646859 002.06432763 both 48 S_start
1201 41.29682762 002.06411176 both 49 S_start
1201 41.29718665 002.06389774 both 50 S_start
1201 41.29755260 002.06367633 both 51 S_start
1201 41.29791440 002.06346231 both 52 S_start
1201 41.29827084 002.06324792 both 53 S_start
1201 41.29945686 002.06958837 both 54 S_start
1201 41.30024520 002.06909630 both 55 S_start
1201 41.30325487 002.08394621 both 56 S_stop
1201 41.30323460 002.08384722 both 57 S_stop
1201 41.29911129 002.07182840 both 58 S_stop
1201 41.29959292 002.07323252 both 59 S_stop
1201 41.29979234 002.07381435 both 60 S_stop
1201 41.30117294 002.07783781 both 61 S_stop
1201 41.29903513 002.07169496 both 62 S_stop
1201 41.29893006 002.07158718 both 63 S_stop
1201 41.29871211 002.07150325 both 64 S_stop
1201 41.29854160 002.07142808 both 65 S_stop
1201 41.29843942 002.07129593 both 66 S_stop
1201 41.29837483 002.07115223 both 67 S_stop
1201 41.29651644 002.06575179 both 68 S_stop
1201 41.29647734 002.06562400 both 69 S_stop
1201 41.29651872 002.06552902 both 70 S_stop
1201 41.29663334 002.06545934 both 71 S_stop
1201 41.30461654 002.08379085 both 72 S_stop
1201 41.30066108 002.07233898 both 73 S_stop
1201 41.30086912 002.07291059 both 74 S_stop
1201 41.30118436 002.07376878 both 75 S_stop
1201 41.30107871 002.07399263 both 76 S_stop
1201 41.30091070 002.07431590 both 77 S_stop
1201 41.30080800 002.07453325 both 78 S_stop
1201 41.30088772 002.07473774 both 79 S_stop
1201 41.30104818 002.07476035 both 80 S_stop
1201 41.30135448 002.07479105 both 81 S_stop
1201 41.30155675 002.07486125 both 82 S_stop
1201 41.30207160 002.07641136 both 83 S_stop
1201 41.30197668 002.07658249 both 84 S_stop
1201 41.30181351 002.07689005 both 85 S_stop
1201 41.30170063 002.07711976 both 86 S_stop
1201 41.30178286 002.07733465 both 87 S_stop
1201 41.30194307 002.07736942 both 88 S_stop
1201 41.30226867 002.07740528 both 89 S_stop
1201 41.30245111 002.07746642 both 90 S_stop
1201 41.30297008 002.07898435 both 91 S_stop
1201 41.30287621 002.07917467 both 92 S_stop
1201 41.30271237 002.07950755 both 93 S_stop
1201 41.30260245 002.07972765 both 94 S_stop
1201 41.30267994 002.07994194 both 95 S_stop
1201 41.30285948 002.07996990 both 96 S_stop
1201 41.30319767 002.08001365 both 97 S_stop
1201 41.30334868 002.08008814 both 98 S_stop
1201 41.30386035 002.08161127 both 99 S_stop
1201 41.30376153 002.08181093 both 100 S_stop
1201 41.30359414 002.08212502 both 101 S_stop
1201 41.30349693 002.08231956 both 102 S_stop
1201 41.30358247 002.08255629 both 103 S_stop
1201 41.30376409 002.08258853 both 104 S_stop
1201 41.30422466 002.08264317 both 105 S_stop
1201 41.30064630 002.07224965 both 106 S_stop
1201 41.30066943 002.07216805 both 107 S_stop
1201 41.30111043 002.07134212 both 108 S_stop
1201 41.30115762 002.07122756 both 109 S_stop
1201 41.30119649 002.07097813 both 110 S_stop
1201 41.30115346 002.07067696 both 111 S_stop
1201 41.30103131 002.07033699 both 112 S_stop
1201 41.30086335 002.07004506 both 113 S_stop
1201 41.30066902 002.06986029 both 114 S_stop
1201 41.30052050 002.06971248 both 115 S_stop
1201 41.29389843 002.07906998 both 116 S_start
1201 41.29343312 002.07934221 both 117 S_start
1201 41.29331835 002.07941084 both 118 S_start
1201 41.29357070 002.07844324 both 119 S_start
1201 41.29322020 002.07864261 both 120 S_start
1201 41.29443998 002.08098037 both 121 S_start
1201 41.29401811 002.08123343 both 122 S_start
1201 41.29479088 002.08162351 both 123 S_stop
1201 41.29417814 002.08199534 both 124 S_stop
1201 41.29444051 002.08183582 both 125 S_stop
1201 41.29392836 002.08213371 both 126 S_stop
1201 41.29381575 002.08214557 both 127 S_stop
1201 41.29375617 002.08204905 both 128 S_stop
1201 41.29232330 002.07784332 both 129 S_stop
1201 41.29238084 002.07802300 both 130 S_stop
1201 41.29254709 002.07851418 both 131 S_stop
1201 41.29269652 002.07894836 both 132 S_stop
1201 41.29294007 002.07964166 both 133 S_stop
1201 41.29325364 002.08056503 both 134 S_stop
1201 41.29347681 002.08122336 both 135 S_stop
1201 41.29357227 002.08149747 both 136 S_stop
1201 41.29234402 002.07770199 both 137 S_stop
1201 41.29242950 002.07760201 both 138 S_stop
1201 41.29297084 002.07727797 both 139 S_start
1201 41.29061110 002.07634472 both 140 S_stop
1201 41.29069657 002.07632059 both 141 S_stop
1201 41.29078464 002.07635161 both 142 S_stop
1201 41.29061009 002.07152585 both 143 S_stop
1201 41.29067603 002.07142257 both 144 S_stop
1201 41.29074618 002.07136033 both 145 S_stop
1201 41.29098328 002.07635328 both 146 S_stop
1201 41.29227401 002.07557095 both 147 S_stop
1201 41.29233697 002.07551110 both 148 S_stop
1201 41.29238943 002.07538542 both 149 S_stop
1201 41.29238044 002.07522383 both 150 S_stop
1201 41.28930146 002.06623688 both 151 S_start
1201 41.29100520 002.07120472 both 152 S_start
1201 41.29221225 002.08375056 both 153 S_stop
1201 41.28920296 002.08181153 both 154 S_stop
1201 41.28927548 002.08175983 both 155 S_stop
1201 41.28932470 002.08163573 both 156 S_stop
1201 41.28931952 002.08150474 both 157 S_stop
1201 41.29043369 002.08077960 both 158 S_stop
1201 41.29052694 002.08068859 both 159 S_stop
1201 41.29059221 002.08059759 both 160 S_stop
1201 41.29096066 002.07657779 both 161 S_stop
1201 41.29318268 002.08307537 both 162 S_stop
1201 41.29270598 002.08169082 both 163 S_stop
1201 41.29198810 002.07958365 both 164 S_stop
1201 41.29178558 002.07899335 both 165 S_stop
1201 41.29316092 002.08322843 both 166 S_stop
1201 41.29309876 002.08332771 both 167 S_stop
1201 41.29235590 002.08378688 both 168 S_stop
1201 41.29223736 002.08383171 both 169 S_stop
1201 41.29202022 002.08380342 both 170 S_stop
1201 41.29087019 002.08325738 both 171 S_stop
1201 41.29081424 002.08315396 both 172 S_stop
1201 41.28898663 002.07780959 both 173 S_stop
1201 41.29007936 002.08099883 both 174 S_stop
1201 41.28972802 002.07997250 both 175 S_stop
1201 41.28907017 002.08037743 both 176 S_stop
1201 41.28939718 002.08017634 both 177 S_stop
1201 41.28900542 002.08048658 both 178 S_stop
1201 41.28901837 002.08063596 both 179 S_stop
1201 41.28915219 002.08101226 both 180 S_stop
1201 41.28923585 002.08125850 both 181 S_stop
1201 41.28829744 002.08152645 both 182 S_start
1201 41.28737922 002.07852660 both 183 S_stop
1201 41.28731326 002.07853259 both 184 S_stop
1201 41.28725379 002.07847482 both 185 S_stop
1201 41.28716877 002.07834010 both 186 S_stop
1201 41.28650545 002.07701092 both 187 S_stop
1201 41.28674019 002.07769805 both 188 S_stop
1201 41.28490042 002.07231759 both 189 S_split
1201 41.28582069 002.07501931 both 190 S_stop
1201 41.28602733 002.07561608 both 191 S_stop
1201 41.28873124 002.06664691 both 192 S_stop
1201 41.28959060 002.06915458 both 193 S_stop
1201 41.28967564 002.06948814 both 194 S_stop
1201 41.29132538 002.07427902 both 195 S_stop
1201 41.29119238 002.07390612 both 196 S_stop
1201 41.29097281 002.07325746 both 197 S_stop
1201 41.29075822 002.07263315 both 198 S_stop
1201 41.29053532 002.07198671 both 199 S_stop
1201 41.29041702 002.07163802 both 200 S_stop
1201 41.29025586 002.07116759 both 201 S_stop
1201 41.29003463 002.07052115 both 202 S_stop
1201 41.28981672 002.06989022 both 203 S_stop
1201 41.29133693 002.07442078 both 204 S_stop
1201 41.29063611 002.07492831 both 205 S_stop
1201 41.29078247 002.07483598 both 206 S_stop
1201 41.29128657 002.07451985 both 207 S_stop
1201 41.29028252 002.07517850 both 208 S_stop
1201 41.29005425 002.07556567 both 209 S_stop
1201 41.28997816 002.07594689 both 210 S_stop
1201 41.29003281 002.07642326 both 211 S_stop
1201 41.29176848 002.08147456 both 212 S_stop
1201 41.29150475 002.08071860 both 213 S_stop
1201 41.29137990 002.08035311 both 214 S_stop
1201 41.29130085 002.08011911 both 215 S_stop
1201 41.29115615 002.07968481 both 216 S_stop
1201 41.29097889 002.07917155 both 217 S_stop
1201 41.29080642 002.07868379 both 218 S_stop
1201 41.29062438 002.07814503 both 219 S_stop
1201 41.29042729 002.07757751 both 220 S_stop
1201 41.29022368 002.07697818 both 221 S_stop
1201 41.29011024 002.07664590 both 222 S_stop
1201 41.29186144 002.08183998 both 223 S_stop
1201 41.29192657 002.08231031 both 224 S_split
1201 41.29189604 002.08204601 both 225 S_stop
1201 41.29184880 002.08269580 both 226 S_stop
1201 41.29166554 002.08262418 both 227 S_stop
1201 41.29176041 002.08268818 both 228 S_stop
1201 41.29142969 002.08229187 both 229 S_stop
1201 41.29121894 002.08183735 both 230 S_stop
1201 41.28948160 002.07681196 both 231 S_stop
1201 41.28962726 002.07722700 both 232 S_stop
1201 41.28966139 002.07732044 both 233 S_split
1201 41.28977163 002.07762225 both 234 S_stop
1201 41.28998003 002.07822476 both 235 S_stop
1201 41.29017166 002.07877308 both 236 S_stop
1201 41.29033214 002.07925764 both 237 S_stop
1201 41.29051732 002.07979156 both 238 S_stop
1201 41.29068021 002.08026337 both 239 S_stop
1201 41.29075842 002.08049180 both 240 S_split
1201 41.29106428 002.08138605 both 241 S_stop
1201 41.28906510 002.07625078 both 242 S_stop
1201 41.28931291 002.07643501 both 243 S_stop
1201 41.28846885 002.07624320 both 244 S_stop
1201 41.28875033 002.07614133 both 245 S_stop
1201 41.28759078 002.07675681 both 246 S_stop
1201 41.28801583 002.07650333 both 247 S_stop
1201 41.28744833 002.07677059 both 248 S_stop
1201 41.28733436 002.07662927 both 249 S_stop
1201 41.28577594 002.07204472 both 250 S_start
1201 41.28662120 002.07455490 both 251 S_start
1201 41.28623235 002.07477725 both 252 S_split
1201 41.28797949 002.07961316 both 253 S_stop
1201 41.28756722 002.07841531 both 254 S_stop
1201 41.28874453 002.07769856 both 255 S_stop
1201 41.28889373 002.07766547 both 256 S_stop
1201 41.29164275 002.07979192 both 257 S_stop
1201 41.29157800 002.07983980 both 258 S_stop
1201 41.29150964 002.07993077 both 259 S_stop
1201 41.29145748 002.07999062 both 260 S_stop
1201 41.30044937 002.06947111 both 261 S_stop
1201 41.29670182 002.05867506 both 262 S_start
1201 41.29734315 002.06054388 both 263 S_start
1201 41.29759828 002.06128692 both 264 S_start
1201 41.29865696 002.06424473 both 265 S_start
1201 41.29877905 002.06484694 both 266 S_split
1201 41.29883855 002.06513912 both 267 S_split
1201 41.30002822 002.06867844 both 268 S_split
1201 41.29815594 002.06454428 both 269 S_start
1201 41.29783057 002.06473823 both 270 S_start
1201 41.29755510 002.06490296 both 271 S_start
1201 41.29693031 002.06528555 both 272 S_start
1201 41.29455935 002.05996704 both 273 S_start
1201 41.29477982 002.05982867 both 274 S_start
1201 41.29514079 002.05961169 both 275 S_start
1201 41.29549843 002.05939693 both 276 S_start
1201 41.29585939 002.05918217 both 277 S_start
1201 41.29622369 002.05896298 both 278 S_start
1201 41.29555142 002.06251815 both 279 S_start
1201 41.29575239 002.06238998 both 280 S_start
1201 41.29619314 002.06212536 both 281 S_start
1201 41.29658598 002.06188943 both 282 S_start
1201 41.29696923 002.06166626 both 283 S_start
1201 41.29733828 002.06144182 both 284 S_start
1201 41.29536245 002.06173037 both 285 S_start
1201 41.29552723 002.06163438 both 286 S_start
1201 41.29588414 002.06140483 both 287 S_start
1201 41.29624584 002.06119441 both 288 S_start
1201 41.29658598 002.06099355 both 289 S_start
1201 41.29692612 002.06079269 both 290 S_start
1201 41.31245859 002.10533344 both 291 S_stop
1201 41.31329951 002.10480870 both 292 S_stop
1201 41.31339133 002.10473163 both 293 S_stop
1201 41.31342926 002.10461736 both 294 S_stop
1201 41.31341528 002.10446854 both 295 S_stop
1201 41.31125566 002.09805461 both 296 S_stop
1201 41.31125566 002.09788559 both 297 S_stop
1201 41.31131554 002.09776760 both 298 S_stop
1201 41.31149280 002.09766556 both 299 S_stop
1201 41.31167724 002.09753162 both 300 S_stop
1201 41.31183534 002.09731796 both 301 S_stop
1201 41.31193834 002.09703096 both 302 S_stop
1201 41.31238148 002.09536313 both 303 S_stop
1201 41.31243657 002.09506018 both 304 S_stop
1201 41.31243657 002.09477955 both 305 S_stop
1201 41.31239345 002.09451487 both 306 S_stop
1201 41.31225692 002.09419597 both 307 S_stop
1201 41.31208206 002.09396956 both 308 S_stop
1201 41.31183773 002.09379417 both 309 S_stop
1201 41.31117360 002.09345386 both 310 S_stop
1201 41.31102805 002.09330438 both 311 S_stop
1201 41.31094626 002.09316967 both 312 S_stop
1201 41.31051931 002.09192400 both 313 S_stop
1201 41.31044168 002.09177082 both 314 S_stop
1201 41.31036821 002.09162319 both 315 S_stop
1201 41.30980065 002.08990485 both 316 S_stop
1201 41.30974589 002.08982787 both 317 S_stop
1201 41.30963802 002.08988094 both 318 S_stop
1201 41.30923395 002.09013074 both 319 S_stop
1201 41.30914912 002.09017060 both 320 S_stop
1201 41.30904432 002.09015953 both 321 S_stop
1201 41.30896447 002.09005766 both 322 S_stop
1201 41.30812604 002.08761405 both 323 S_stop
1201 41.30847521 002.08863474 both 324 S_stop
1201 41.30881838 002.08963251 both 325 S_stop
1201 41.30807200 002.08745598 both 326 S_stop
1201 41.30795665 002.08728892 both 327 S_stop
1201 41.30784684 002.08720364 both 328 S_stop
1201 41.30772508 002.08722756 both 329 S_stop
1201 41.30732186 002.08746140 both 330 S_stop
1201 41.30721407 002.08749328 both 331 S_stop
1201 41.30715818 002.08740559 both 332 S_stop
1201 41.30587130 002.08364237 both 333 S_stop
1201 41.30620207 002.08459308 both 334 S_stop
1201 41.30631281 002.08491873 both 335 S_split
1201 41.30638782 002.08513930 both 336 S_stop
1201 41.30652517 002.08554338 both 337 S_split
1201 41.30708067 002.08717756 both 338 S_split
1201 41.28557785 002.07191286 both 339 S_stop
1201 41.30887337 002.09445672 both 340 U3R_stop
1201 41.30921040 002.09435925 both 341 U3R_stop
1201 41.30930370 002.09414665 both 342 U3R_stop
1201 41.30929375 002.09384226 both 343 U3R_stop
1201 41.30871557 002.09216176 both 344 U3R_stop
1201 41.30911920 002.09333798 both 345 U3R_stop
1201 41.30862375 002.09188929 both 346 U3R_stop
1201 41.28476035 002.07341280 both 347 _start
1201 41.28491300 002.07385684 both 348 Q_split
1201 41.28252838 002.07409665 both 349 G11_stop
1201 41.28288420 002.07404712 both 350 G11_stop
1201 41.28416454 002.07468542 both 351 G11_stop
1201 41.28345638 002.07433043 both 352 G11_stop
1201 41.28237705 002.07451321 both 353 G10_stop
1201 41.28436307 002.07647550 both 354 G8_stop
1201 41.28422432 002.07682095 both 355 G8_stop
1201 41.28416166 002.07761312 both 356 G8_stop
1201 41.28420194 002.07924510 both 357 G8_stop
1201 41.28414649 002.07844201 both 358 G8_stop
1201 41.28580144 002.08018298 both 359 G7_stop
1201 41.28562957 002.08035452 both 360 G7_stop
1201 41.28553290 002.08062613 both 361 G7_stop
1201 41.28546307 002.08263457 both 362 G7_stop
1201 41.28671421 002.08295393 both 363 G7_stop
1201 41.28656077 002.08548623 both 364 G7_stop
1201 41.28668430 002.08669415 both 365 G7_stop
1201 41.29327716 002.10078492 both 366 G2_stop
1201 41.29270517 002.10278149 both 367 G2_stop
1201 41.29292867 002.10200028 both 368 G2_stop
1201 41.30537702 002.08771112 both 369 _stop
1201 41.30560725 002.08767521 both 370 _stop
1201 41.30716733 002.09002945 both 371 _stop
1201 41.30853301 002.08920786 both 372 _start
1201 41.30629281 002.08972290 both 373 _stop
1201 41.30808869 002.09061203 both 374 _stop
1201 41.30699345 002.09006936 both 375 _stop
1201 41.30818582 002.09061490 both 376 _stop
1201 41.30889052 002.09018521 both 377 _start
1201 41.30698518 002.08877606 both 378 _stop
1201 41.30707152 002.08868699 both 379 _stop
1201 41.30712548 002.08858642 both 380 _stop
1201 41.30810650 002.08799385 both 381 _start
1201 41.30705510 002.08755927 both 382 _start
1201 41.30696520 002.08761787 both 383 _start
1201 41.30663244 002.08781634 both 384 _start
1201 41.30629321 002.08802056 both 385 _start
1201 41.30609051 002.09055450 both 386 _start
1201 41.30625834 002.08987256 both 387 _start
1201 41.30630780 002.08955928 both 388 _start
1201 41.30624483 002.08923005 both 389 _start
1201 41.30591284 002.08825233 both 390 _start
1201 41.30576914 002.08784282 both 391 _start
1201 41.30427951 002.08864618 both 392 _stop
1201 41.30453702 002.08817234 both 393 _stop
1201 41.30504700 002.08786733 both 394 _stop
1201 41.30618173 002.08536622 both 395 _start
1201 41.30566654 002.08567099 both 396 _split
1201 41.30558194 002.08595763 both 397 _split
1201 41.30561966 002.08721335 both 398 _split
1201 41.30562528 002.08740031 both 399 _start
1201 41.30562597 002.08417919 both 400 _start
1201 41.30492473 002.08459388 both 401 _split
1201 41.30458314 002.08523685 both 402 _split
1201 41.30386007 002.08568911 both 403 _start
1201 41.30342771 002.08593629 both 404 _start
1201 41.30360411 002.08396838 both 405 _stop
1201 41.30331788 002.08413239 both 406 _stop
1201 41.30296549 002.08434666 both 407 _stop
1201 41.30393234 002.08390384 both 408 _stop
1201 41.30430159 002.08367546 both 409 _start
1201 41.30295903 002.08121482 both 410 _start
1201 41.30243798 002.08152855 both 411 _start
1201 41.30270849 002.08230951 both 412 _start
1201 41.30295135 002.08302251 both 413 _start
1201 41.30316095 002.08362258 both 414 _start
1201 41.30206208 002.07859824 both 415 _start
1201 41.30154366 002.07891788 both 416 _start
1201 41.30128003 002.07592176 both 417 _start
1201 41.30065100 002.07631321 both 418 _start
1201 41.29988061 002.07312153 both 419 _start
1201 41.29919902 002.07338684 both 420 _start
1201 41.30022068 002.07355944 both 421 _stop
1201 41.29946645 002.07416031 both 422 _stop
1201 41.29869908 002.06603655 both 423 _start
1201 41.29790570 002.06676462 both 424 _start
1201 41.29748678 002.06726374 both 425 _start
1201 41.29678128 002.05974814 both 426 _start
1201 41.30056125 002.08514127 both 427 P4_stop
1201 41.30088351 002.08514723 both 428 EN_start
1201 41.29964833 002.08038578 both 429 E7_stop
1201 41.29056526 002.06313449 both 430 S_stop
1201 41.29070125 002.06289605 both 431 S_stop
1201 41.29088903 002.06274380 both 432 S_stop
1201 41.29327290 002.06132374 both 433 S_stop
1201 41.29114285 002.06386273 both 434 T_stop
1201 41.29124728 002.06364928 both 435 T_stop
1201 41.29143228 002.06347256 both 436 T_stop
1201 41.29001363 002.06508843 both 437 M_stop
1201 41.29047053 002.06348756 both 438 M_start
1201 41.29450221 002.07092240 both 439 Z6_stop
1201 41.29351173 002.07151828 both 440 Z6_stop
1201 41.29845734 002.07165842 both 441 KN_stop
1201 41.29870032 002.07191534 both 442 KN_stop
1201 41.28731328 002.08233306 both 443 LS_stop
1201 41.31241962 002.10484187 both 444 U_stop
1201 41.31068491 002.09976857 both 445 U_stop
1201 41.31105360 002.10084510 both 446 U_stop
1201 41.31136524 002.10175935 both 447 U_stop
1201 41.31180689 002.10305163 both 448 U_stop
1201 41.31230903 002.10451838 both 449 U_stop
1201 41.30937736 002.10177644 both 450 U_stop
1201 41.30850606 002.10229451 both 451 U_stop
1201 41.30798764 002.10077559 both 452 U_stop
1201 41.30693682 002.09771862 both 453 U_stop
1201 41.30669588 002.09700783 both 454 U_stop
1201 41.30643752 002.09625607 both 455 U_stop
1201 41.30576928 002.09429734 both 456 U_stop
1201 41.31063206 002.09946556 both 457 U_stop
1201 41.31060689 002.09864438 both 458 U_stop
1201 41.31065511 002.09788076 both 459 U_stop
1201 41.31073611 002.09753397 both 460 U_stop
1201 41.31095234 002.09727751 both 461 U_stop
1201 41.31131742 002.09699572 both 462 U_stop
1201 41.31151270 002.09663629 both 463 U_stop
1201 41.31192909 002.09509018 both 464 U_stop
1201 41.31191096 002.09469923 both 465 U_stop
1201 41.31171881 002.09443377 both 466 U_stop
1201 41.30979617 002.09351526 both 467 U_stop
1201 41.30963462 002.09330857 both 468 U_stop
1201 41.30932274 002.09241129 both 469 U_stop
1201 41.30955627 002.09308149 both 470 U_stop
1201 41.30901778 002.09188969 both 471 U_stop
1201 41.30920310 002.09205957 both 472 U_stop
1201 41.30655924 002.09076793 both 473 U_start
1201 41.30834988 002.09158553 both 474 U_start
1201 41.30206386 002.08172931 both 475 B_start
1201 41.30126313 002.07938921 both 476 B_start
1201 41.30117587 002.07914872 both 477 B_start
1201 41.30076195 002.07794013 both 478 B_start
1201 41.30035553 002.07675209 both 479 B_start
1201 41.30028430 002.07653216 both 480 B_start
1201 41.29995142 002.07556227 both 481 B_start
1201 41.29978835 002.07509256 both 482 B_start
1201 41.30241602 002.08468000 both 483 B_start
1201 41.30150073 002.08201288 both 484 B_start
1201 41.30071575 002.07971981 both 485 B_start
1201 41.29980761 002.07707556 both 486 B_start
1201 41.29796068 002.07150234 both 487 S_stop
1201 41.29673774 002.06797025 both 488 S_stop
1201 41.29716748 002.06763189 both 489 S_stop
1201 41.29747845 002.06854089 both 490 S_stop
1201 41.29769469 002.06917854 both 491 S_stop
1201 41.29796417 002.06995569 both 492 S_stop
1201 41.29819207 002.07061993 both 493 S_stop
1201 41.29582707 002.06532759 both 494 S_stop
1201 41.29546895 002.06427896 both 495 S_stop
1201 41.29533079 002.06386504 both 496 S_stop
1201 41.29485664 002.06249160 both 497 S_stop
1201 41.29451224 002.06149662 both 498 S_stop
1201 41.29437573 002.06133148 both 499 S_stop
1201 41.29419690 002.06129541 both 500 S_stop
1201 41.29816009 002.07227845 both 501 S_stop
1201 41.30400234 002.08930038 both 502 S_stop
1201 41.30386646 002.08890229 both 503 S_stop
1201 41.30317513 002.08691946 both 504 S_stop
1201 41.30294429 002.08622339 both 505 S_stop
1201 41.30427363 002.08991992 both 506 S_stop
1201 41.30414239 002.08966293 both 507 S_stop
1201 41.30526786 002.09282838 both 508 S_start
1201 41.30475966 002.09134342 both 509 S_start
1201 41.30785283 002.10268522 both 510 T_start
1201 41.30733519 002.10117885 both 511 T_start
1201 41.30628414 002.09811282 both 512 T_start
1201 41.30603333 002.09739242 both 513 T_start
1201 41.30578108 002.09665469 both 514 T_start
1201 41.30500873 002.09437060 both 515 T_start
1201 41.30484484 002.09390782 both 516 T_start
1201 41.28849864 002.08691895 both 517 E_stop
1201 41.28833428 002.08644046 both 518 E_stop
1201 41.28717676 002.08307092 both 519 E_stop
1201 41.29800857 002.08118449 both 520 E_start
1201 41.29894189 002.08072861 both 521 E_start
1201 41.29712947 002.08171582 both 522 E_start
1201 41.29804726 002.08207126 both 523 E_start
1201 41.29695169 002.08182264 both 524 E_start
1201 41.29788194 002.08080379 both 525 E_start
1201 41.29737982 002.07996723 both 526 E_start
1201 41.29679797 002.07914514 both 527 E_start
1201 41.29562083 002.07801328 both 528 E_start
1201 41.29757559 002.07943286 both 529 E_start
1201 41.29750040 002.07789590 both 530 E_start
1201 41.29759171 002.07669492 both 531 E_start
1201 41.29781192 002.07628745 both 532 E_start
1201 41.29644963 002.08212419 both 533 E_start
1201 41.29606011 002.08097194 both 534 E_start
1201 41.29591334 002.08055400 both 535 E_start
1201 41.29545911 002.07923990 both 536 E_start
1201 41.29502814 002.07798102 both 537 E_start
1201 41.29474985 002.07714602 both 538 E_start
1201 41.29459430 002.07671318 both 539 E_start
1201 41.29406741 002.07516786 both 540 E_start
1201 41.29343477 002.07333072 both 541 E_start
1201 41.29318065 002.07258777 both 542 E_start
1201 41.29293610 002.07186932 both 543 E_start
1201 41.29268486 002.07113222 both 544 E_start
1201 41.29242827 002.07039334 both 545 E_start
1201 41.29175230 002.06841674 both 546 E_start
1201 41.29071299 002.06536952 both 547 E_start
1201 41.29028857 002.06412513 both 548 E_start
1201 41.29116849 002.06877793 both 549 E_start
1201 41.29285542 002.07368489 both 550 E_start
1201 41.29184546 002.07074709 both 551 E_start
1201 41.29345401 002.07554027 both 552 E_start
1201 41.29569030 002.08258186 both 553 E_start
1201 41.29480612 002.08311675 both 554 E_start
1201 41.28932576 002.08933420 both 555 D_stop
1201 41.29883663 002.08360416 both 556 D_start
1201 41.29867040 002.08370276 both 557 D_start
1201 41.29818698 002.08399476 both 558 D_start
1201 41.29796419 002.08412879 both 559 D_start
1201 41.29727864 002.08454145 both 560 D_start
1201 41.29808356 002.08293745 both 561 D_start
1201 41.29767497 002.08251968 both 562 D_start
1201 41.29902190 002.08350206 both 563 D_start
1201 41.29835917 002.08217444 both 564 D_start
1201 41.29870641 002.08293799 both 565 D_start
1201 41.29385602 002.08368809 both 566 L_stop
1201 41.29162171 002.07715715 both 567 L_stop
1201 41.29174021 002.07751741 both 568 L_stop
1201 41.29191127 002.07801866 both 569 L_stop
1201 41.29199550 002.07825094 both 570 L_stop
1201 41.29208586 002.07852011 both 571 L_stop
1201 41.29216659 002.07875359 both 572 L_stop
1201 41.29225632 002.07901284 both 573 L_stop
1201 41.29243093 002.07951985 both 574 L_stop
1201 41.29287272 002.08079556 both 575 L_stop
1201 41.29309511 002.08145579 both 576 L_stop
1201 41.29331123 002.08209553 both 577 L_stop
1201 41.29369562 002.08186771 both 578 L_stop
1201 41.29525968 002.08094124 both 579 L_stop
1201 41.29481047 002.07963005 both 580 L_stop
1201 41.29423881 002.07997642 both 581 L_stop
1201 41.29391324 002.08017273 both 582 L_stop
1201 41.29346536 002.08043846 both 583 L_stop
1201 41.29437724 002.07836554 both 584 L_stop
1201 41.29281768 002.07929246 both 585 L_stop
1201 41.29394315 002.07709847 both 586 L_stop
1201 41.29361603 002.07729239 both 587 L_stop
1201 41.29337028 002.07743632 both 588 L_stop
1201 41.29304219 002.07762880 both 589 L_stop
1201 41.29259539 002.07789597 both 590 L_stop
1201 41.29177833 002.07654015 both 591 L_stop
1201 41.29283408 002.07590884 both 592 L_stop
1201 41.29241161 002.07616168 both 593 L_stop
1201 41.29288720 002.07553129 both 594 L_stop
1201 41.29056021 002.06884090 both 595 L_stop
1201 41.29066487 002.06908952 both 596 L_stop
1201 41.29074133 002.06932360 both 597 L_stop
1201 41.29095440 002.06994667 both 598 L_stop
1201 41.29117797 002.07059171 both 599 L_stop
1201 41.29133782 002.07105521 both 600 L_stop
1201 41.29146135 002.07142257 both 601 L_stop
1201 41.29168546 002.07205755 both 602 L_stop
1201 41.29189974 002.07269021 both 603 L_stop
1201 41.29211617 002.07332479 both 604 L_stop
1201 41.29235208 002.07399259 both 605 L_stop
1201 41.29041033 002.06857485 both 606 L_stop
1201 41.29045275 002.06669681 both 607 L_start
1201 41.29001985 002.06543590 both 608 L_start
1201 41.29338399 002.07522238 both 609 M_stop
1201 41.29353452 002.07590577 both 610 M_stop
1201 41.29565444 002.08209346 both 611 M_stop
1201 41.29573275 002.08312184 both 612 M_stop
1201 41.30343934 002.10525061 both 613 M_start
1201 41.30319335 002.10491493 both 614 M_start
1201 41.30306142 002.10453710 both 615 M_start
1201 41.30179045 002.10082876 both 616 M_start
1201 41.30129370 002.09936652 both 617 M_start
1201 41.29979843 002.09499541 both 618 M_start
1201 41.29844046 002.09101134 both 619 M_start
1201 41.30579525 002.10392077 both 620 N_start
1201 41.30699254 002.10320233 both 621 N_start
1201 41.30490289 002.10445749 both 622 N_start
1201 41.30423633 002.10485856 both 623 N_start
1201 41.30393796 002.10398948 both 624 N_start
1201 41.30868025 002.09438801 both 625 _stop
1201 41.28840497 002.08512121 both 626 _start
1201 41.29015559 002.08592134 both 627 _start
1201 41.28886046 002.08670034 both 628 _start
1201 41.29290309 002.08717708 both 629 _start
1201 41.29167047 002.08792209 both 630 _start
1201 41.29790353 002.08946252 both 631 _start
1201 41.29737180 002.08790685 both 632 _start
1201 41.29639952 002.08507093 both 633 _start
1201 41.29410136 002.08645489 both 634 _start
1201 41.29916131 002.09003739 both 635 _start
1201 41.29859737 002.08839792 both 636 _start
1201 41.30054784 002.09067076 both 637 _start
1201 41.29842290 002.08788704 both 638 _start
1201 41.29715577 002.08417496 both 639 _start
1201 41.29506266 002.07258130 both 640 _stop
1201 41.30549666 002.10306066 both 641 _start
1201 41.30422689 002.09934798 both 642 _start
1201 41.30397414 002.09860492 both 643 _start
1201 41.30267017 002.10028201 both 644 _start
1201 41.30373237 002.09789876 both 645 _start
1201 41.30186058 002.09242623 both 646 _start
1201 41.30217495 002.09883613 both 647 _start
1201 41.30138899 002.09105555 both 648 _start
1201 41.30153467 002.09270684 both 649 R1_split
1201 41.30223225 002.09143618 both 650 _start
1201 41.30120600 002.09052524 both 651 _start
1201 41.30094179 002.08975312 both 652 _start
1201 41.30041057 002.08817256 both 653 _start
1201 41.29986273 002.08710882 both 654 _start
1201 41.29919967 002.08617196 both 655 _start
1201 41.29773964 002.08475521 both 656 R3_split
1201 41.30073826 002.08893647 both 657 _start
1201 41.30058609 002.08800114 both 658 _start
1201 41.30056902 002.08738672 both 659 _start
1201 41.30110736 002.08795611 both 660 _start
1201 41.30174143 002.08846252 both 661 _start
1201 41.30055028 002.08664878 both 662 _start
1201 41.30065770 002.08554664 both 663 _start
1201 41.29964246 002.08595682 both 664 _start
1201 41.29926418 002.08484165 both 665 _start
1201 41.29901481 002.08432812 both 666 _start
1201 41.29914085 002.08509639 both 667 _start
1201 41.29891919 002.08385831 both 668 _start
1201 41.30005555 002.08669507 both 669 _start
1201 41.29937123 002.08474882 both 670 _start
1201 41.29929908 002.08391403 both 671 _start
1201 41.29982536 002.08451011 both 672 _start
1201 41.29926053 002.08335097 both 673 _start
1201 41.29972609 002.08307035 both 674 _start
1201 41.29942046 002.08098970 both 675 _start
1201 41.29947417 002.08062630 both 676 _start
1201 41.30432548 002.09239767 both 677 _start
1201 41.30381125 002.09088600 both 678 _start
1201 41.30325354 002.08926180 both 679 _start
1201 41.30310925 002.08885093 both 680 _start
1201 41.30181158 002.08505313 both 681 _start
1201 41.30168020 002.08465872 both 682 _start
1201 41.30088916 002.08237204 both 683 _start
1201 41.30010928 002.08009779 both 684 _start
1201 41.29919595 002.07743667 both 685 _start
1201 41.29862588 002.07578760 both 686 _start
1201 41.29742882 002.07228405 both 687 _start
1201 41.29678733 002.07041964 both 688 _start
1201 41.29652974 002.06968927 both 689 _start
1201 41.29597010 002.07002820 both 690 _start
1201 41.29538301 002.07038575 both 691 _start
1201 41.29628353 002.06898150 both 692 _start
1201 41.29607569 002.06836326 both 693 _start
1201 41.29481494 002.06467828 both 694 _start
1201 41.29389795 002.06200269 both 695 _start
1201 41.29364626 002.06128001 both 696 _start
1201 41.29806301 002.07190061 both 697 _start
1201 41.29923931 002.07542083 both 698 _start
1201 41.29217234 002.10316725 both 699 _stop
1201 41.29253738 002.10301456 both 700 _stop
1201 41.28449286 002.08071031 both 701 _start
1201 41.28432910 002.08001441 both 702 _start
1201 41.28550113 002.08366573 both 703 _start
1201 41.28687765 002.08763763 both 704 _start
1201 41.28756773 002.08963511 both 705 _start
1201 41.28875292 002.09312206 both 706 _start
1201 41.28911904 002.09390951 both 707 _start
1201 41.29000625 002.09676673 both 708 _start
1201 41.29045647 002.09776632 both 709 _start
1201 41.29325773 002.10045743 both 710 K_start
1201 41.29291289 002.09945132 both 711 K_start
1201 41.29269604 002.09916942 both 712 K_start
1201 41.29137394 002.09533073 both 713 K_start
1201 41.29026215 002.09207727 both 714 K_start
1201 41.28696290 002.08243358 both 715 K_start
1201 41.28677885 002.08188638 both 716 K_start
1201 41.28611308 002.07995434 both 717 K_start
1201 41.28564289 002.07858249 both 718 K_start
1201 41.28524992 002.07743260 both 719 K_start
1201 41.28483308 002.07621219 both 720 K_start
1201 41.28473740 002.07593736 both 721 K_start
1201 41.28438741 002.07570625 both 722 G10_split
1201 41.28457902 002.07547999 both 723 K_start
1201 41.28438813 002.07492478 both 724 K_start
1201 41.28416784 002.07427518 both 725 G12_split
1201 41.29057125 002.08381573 both 726 Q_stop
1201 41.28953278 002.08333780 both 727 Q_stop
1201 41.28879901 002.07863824 both 728 Q_stop
1201 41.28889085 002.07890450 both 729 Q_stop
1201 41.28907618 002.07945227 both 730 Q_stop
1201 41.28921783 002.07986367 both 731 Q_stop
1201 41.28861771 002.08021921 both 732 Q_stop
1201 41.28819351 002.08047455 both 733 Q_stop
1201 41.28784279 002.08068718 both 734 Q_stop
1201 41.28933873 002.08021480 both 735 Q_stop
1201 41.28942507 002.08046616 both 736 Q_stop
1201 41.28965340 002.08112718 both 737 Q_stop
1201 41.28927024 002.08135866 both 738 Q_stop
1201 41.28868347 002.08171048 both 739 Q_stop
1201 41.28980064 002.08156350 both 740 Q_stop
1201 41.28996900 002.08206046 both 741 Q_stop
1201 41.29014815 002.08256605 both 742 Q_stop
1201 41.29036184 002.08319803 both 743 Q_stop
1201 41.28856322 002.07855417 both 744 Q_stop
1201 41.28832975 002.07859196 both 745 Q_stop
1201 41.28715461 002.07929309 both 746 Q_stop
1201 41.28774737 002.07893874 both 747 Q_stop
1201 41.28599222 002.07699923 both 748 Q_stop
1201 41.28531891 002.07503753 both 749 J_stop
1201 41.28672357 002.07913984 both 750 J_stop
1201 41.28688962 002.07989568 both 751 J_stop
1201 41.28679593 002.07950648 both 752 J_stop
1201 41.28771354 002.08229378 both 753 J_stop
1201 41.28727517 002.08103387 both 754 J_stop
1201 41.28783354 002.08247899 both 755 J_stop
1201 41.28803294 002.08265751 both 756 J_stop
1201 41.29232106 002.08461358 both 757 J_start
1201 41.29135430 002.08519859 both 758 J_start
1201 41.28697311 002.08216592 both 759 LS_stop
1201 41.30100727 002.09427846 both 760 R1_stop
1201 41.30068033 002.09447237 both 761 R1_stop
1201 41.29972540 002.09169998 both 762 R1_stop
1201 41.30128119 002.09388526 both 763 R1_stop
1201 41.29045059 002.06629464 both 764 N_stop
1201 41.29095645 002.06451117 both 765 N_start
1201 41.30250626 002.08888817 both 766 CN_start
1201 41.29912985 002.08750541 both 767 R2_stop
1201 41.29890057 002.08793067 both 768 R2_stop
1201 41.29962666 002.07229223 both 769 _start
1201 41.29879146 002.07161115 both 770 _start
1201 41.29912005 002.07126649 both 771 _stop
1201 41.30063360 002.07030738 both 772 _start
1201 41.30033974 002.07004747 both 773 _start
1201 41.30004804 002.07013855 both 774 _start
1201 41.29965395 002.07061603 both 775 _start
1201 41.29827142 002.06758142 both 776 _stop
1201 41.29940877 002.07090832 both 777 _stop
1201 41.29765620 002.06733511 both 778 _stop
1201 41.29800486 002.06735946 both 779 _stop
1201 41.29817194 002.06390076 both 780 _start
1201 41.29773027 002.06240989 both 781 _start
1201 41.29724756 002.06103297 both 782 _start
1201 41.29022635 002.09253592 both 783 G6_stop
1201 41.28997570 002.09276227 both 784 G6_stop
1201 41.28964449 002.09267887 both 785 G6_stop
1201 41.28891046 002.09196409 both 786 G6_stop
1201 41.28814958 002.09093362 both 787 G6_stop
1201 41.29133097 002.09581678 both 788 G5_stop
1201 41.29109465 002.09602407 both 789 G5_stop
1201 41.29077776 002.09593829 both 790 G5_stop
1201 41.28958004 002.09464454 both 791 G5_stop
1201 41.29011266 002.09529738 both 792 G5_stop
1201 41.29208159 002.09975173 both 793 G4_stop
1201 41.29242643 002.09981863 both 794 G4_stop
1201 41.29264444 002.09958881 both 795 G4_stop
1201 41.29116870 002.09886245 both 796 G4_stop
1201 41.30502558 002.09478831 both 797 P1_stop
1201 41.30484675 002.09506838 both 798 P1_stop
1201 41.30435495 002.09536239 both 799 P1_stop
1201 41.30413997 002.09540943 both 800 P1_stop
1201 41.30394266 002.09532319 both 801 P1_stop
1201 41.30297377 002.09435491 both 802 P1_stop
1201 41.30232883 002.09340625 both 803 P1_stop
1201 41.30954893 002.09400050 both 804 U3L_stop
1201 41.30969566 002.09371939 both 805 U3L_stop
1201 41.30679876 002.09105094 both 806 UB_stop
1201 41.30685275 002.09130902 both 807 UB_stop
1201 41.30681103 002.09156711 both 808 UB_stop
1201 41.30669814 002.09178599 both 809 UB_stop
1201 41.30608117 002.09247365 both 810 UB_stop
1201 41.30639986 002.09211826 both 811 UB_stop
1201 41.30583781 002.09271792 both 812 UB_stop
1201 41.30551833 002.09282150 both 813 UB_stop
1201 41.30370068 002.10518469 both 814 N_stop
1202 17 398 twoway taxiway_C
1202 443 753 twoway taxiway_E LS
1202 725 348 twoway taxiway_E VS
1202 19 353 twoway taxiway_E G10
1204 departure 06R,24L
1204 arrival 06R,24L
1202 20 19 twoway taxiway_E G10
1204 departure 06R,24L
1204 arrival 06R,24L
1202 21 20 twoway taxiway_E G10
1204 departure 06R,24L
1204 arrival 06R,24L
1202 22 21 twoway taxiway_E G10
1204 departure 06R,24L
1204 arrival 06R,24L
1202 23 22 twoway taxiway_E G10
1204 departure 06R,24L
1204 arrival 06R,24L
1202 24 23 twoway taxiway_E G10
1204 departure 06R,24L
1204 arrival 06R,24L
1202 721 722 twoway taxiway_E G10
1204 ils 06R,24L
1202 722 24 twoway taxiway_E G10
1204 ils 06R,24L
1202 25 26 twoway taxiway_E G12
1204 departure 06R,24L
1204 arrival 06R,24L
1202 26 353 twoway taxiway_E G12
1204 departure 06R,24L
1204 arrival 06R,24L
1202 27 25 twoway taxiway_E G12
1204 departure 06R,24L
1204 arrival 06R,24L
1202 28 27 twoway taxiway_E G12
1204 ils 06R,24L
1202 29 28 twoway taxiway_E G12
1204 ils 06R,24L
1202 30 29 twoway taxiway_E G12
1204 ils 06R,24L
1202 31 30 twoway taxiway_E G12
1204 ils 06R,24L
1202 724 725 twoway taxiway_E G12
1204 ils 06R,24L
1202 725 31 twoway taxiway_E G12
1204 ils 06R,24L
1202 528 538 oneway taxiway_E R6
1204 departure 06L,24R
1204 arrival 06L,24R
1202 340 625 twoway taxiway_E U3
1204 departure 02,20
1204 arrival 02,20
1202 341 340 twoway taxiway_E U3
1204 departure 02,20
1204 arrival 02,20
1202 342 341 twoway taxiway_E U3
1204 departure 02,20
1204 arrival 02,20
1202 343 342 twoway taxiway_E U3
1204 departure 02,20
1204 arrival 02,20
1202 344 345 twoway taxiway_E U3
1202 345 343 twoway taxiway_E U3
1204 departure 02,20
1204 arrival 02,20
1202 346 344 twoway taxiway_E U3
1202 474 346 twoway taxiway_E U3
1202 347 348 twoway taxiway_E Q
1202 348 749 twoway taxiway_E Q
1202 349 353 twoway taxiway_E G11
1204 departure 06R,24L
1204 arrival 06R,24L
1202 350 349 twoway taxiway_E G11
1204 departure 06R,24L
1204 arrival 06R,24L
1202 351 352 twoway taxiway_E G11
1204 ils 06R,24L
1202 352 350 twoway taxiway_E G11
1204 departure 06R,24L
1204 arrival 06R,24L
1202 724 351 twoway taxiway_E G11
1204 ils 06R,24L
1202 354 720 oneway taxiway_E G9
1204 departure 06R,24L
1204 arrival 06R,24L
1202 355 354 oneway taxiway_E G9
1204 departure 06R,24L
1204 arrival 06R,24L
1202 356 355 oneway taxiway_E G9
1204 departure 06R,24L
1204 arrival 06R,24L
1202 357 358 oneway taxiway_E G9
1204 departure 06R,24L
1204 arrival 06R,24L
1202 358 356 oneway taxiway_E G9
1204 departure 06R,24L
1204 arrival 06R,24L
1202 701 702 oneway taxiway_E G9
1204 departure 06R,24L
1204 arrival 06R,24L
1202 702 357 oneway taxiway_E G9
1204 departure 06R,24L
1204 arrival 06R,24L
1202 361 718 oneway taxiway_E G8
1204 departure 06R,24L
1204 arrival 06R,24L
1202 359 717 oneway taxiway_E G8
1204 departure 06R,24L
1204 arrival 06R,24L
1202 360 359 oneway taxiway_E G8
1204 departure 06R,24L
1204 arrival 06R,24L
1202 361 360 oneway taxiway_E G8
1204 arrival 06R,24L
1202 362 361 oneway taxiway_E G8
1204 departure 06R,24L
1204 arrival 06R,24L
1202 703 362 oneway taxiway_E G8
1204 departure 06R,24L
1204 arrival 06R,24L
1202 363 715 oneway taxiway_E G7
1204 departure 06R,24L
1204 arrival 06R,24L
1202 364 363 oneway taxiway_E G7
1204 departure 06R,24L
1204 arrival 06R,24L
1202 365 364 oneway taxiway_E G7
1204 departure 06R,24L
1204 arrival 06R,24L
1202 704 365 oneway taxiway_E G7
1204 departure 06R,24L
1204 arrival 06R,24L
1202 366 710 twoway taxiway_E G2
1204 ils 06R,24L
1202 367 368 twoway taxiway_E G2
1204 departure 06R,24L
1204 arrival 06R,24L
1202 368 366 twoway taxiway_E G2
1204 ils 06R,24L
1202 699 700 twoway taxiway_E G2
1204 departure 06R,24L
1204 arrival 06R,24L
1202 700 367 twoway taxiway_E G2
1204 departure 06R,24L
1204 arrival 06R,24L
1202 369 394 twoway taxiway_C
1202 370 369 twoway taxiway_C
1202 391 370 twoway taxiway_C
1202 371 375 twoway taxiway_A
1202 372 371 twoway taxiway_A
1202 374 375 twoway taxiway_A
1202 375 373 twoway taxiway_A
1202 376 374 twoway taxiway_A
1202 377 376 twoway taxiway_A
1202 378 389 twoway taxiway_B
1202 379 378 twoway taxiway_B
1202 380 379 twoway taxiway_B
1202 381 380 twoway taxiway_B
1202 382 383 twoway taxiway_C
1202 383 384 twoway taxiway_C
1202 384 385 twoway taxiway_C
1202 385 390 twoway taxiway_C
1202 386 387 twoway taxiway_C
1202 387 373 twoway taxiway_C
1202 373 388 twoway taxiway_C
1202 388 389 twoway taxiway_C
1202 389 390 twoway taxiway_C
1202 390 391 twoway taxiway_C
1202 391 399 twoway taxiway_C
1202 392 503 twoway taxiway_C
1202 393 392 twoway taxiway_C
1202 394 393 twoway taxiway_C
1202 395 396 twoway taxiway_C
1202 396 397 twoway taxiway_C
1202 397 398 twoway taxiway_C
1202 398 399 twoway taxiway_C
1202 400 401 twoway taxiway_C
1202 401 402 twoway taxiway_C
1202 402 403 twoway taxiway_C
1202 403 404 twoway taxiway_C
1202 404 505 twoway taxiway_C
1202 405 406 twoway taxiway_E
1202 406 407 twoway taxiway_E
1202 408 405 twoway taxiway_E
1202 409 408 twoway taxiway_E
1202 410 411 twoway taxiway_E
1202 411 475 twoway taxiway_E
1202 415 416 twoway taxiway_E
1202 416 477 twoway taxiway_E
1202 417 418 twoway taxiway_E
1202 418 480 twoway taxiway_E
1202 419 59 twoway taxiway_E
1202 59 420 twoway taxiway_E
1202 421 60 twoway taxiway_E
1202 60 422 twoway taxiway_E
1202 423 424 twoway taxiway_E
1202 424 425 twoway taxiway_E
1202 425 489 twoway taxiway_E
1202 426 500 twoway taxiway_E
1202 653 654 oneway taxiway_E R3
1204 departure 06L,24R
1204 arrival 06L,24R
1202 654 655 oneway taxiway_E R3
1204 departure 06L,24R
1204 arrival 06L,24R
1202 655 656 oneway taxiway_E R3
1204 departure 06L,24R
1204 arrival 06L,24R
1202 656 560 oneway taxiway_E R3
1204 departure 06L,24R
1204 arrival 06L,24R
1202 561 558 oneway taxiway_E R4
1204 departure 06L,24R
1204 arrival 06L,24R
1202 520 523 oneway taxiway_E R4
1204 departure 06L,24R
1204 arrival 06L,24R
1202 523 561 oneway taxiway_E R4
1204 departure 06L,24R
1204 arrival 06L,24R
1202 524 534 oneway taxiway_E R5
1204 departure 06L,24R
1204 arrival 06L,24R
1202 557 561 oneway taxiway_E R5
1204 departure 06L,24R
1204 arrival 06L,24R
1202 561 562 oneway taxiway_E R5
1204 departure 06L,24R
1204 arrival 06L,24R
1202 562 524 oneway taxiway_E R5
1204 departure 06L,24R
1204 arrival 06L,24R
1202 665 666 oneway taxiway_E R5
1204 departure 06L,24R
1204 arrival 06L,24R
1202 666 557 oneway taxiway_E R5
1204 departure 06L,24R
1204 arrival 06L,24R
1202 525 526 oneway taxiway_E R6
1204 departure 06L,24R
1204 arrival 06L,24R
1202 526 527 oneway taxiway_E R6
1204 departure 06L,24R
1204 arrival 06L,24R
1202 527 528 oneway taxiway_E R6
1204 departure 06L,24R
1204 arrival 06L,24R
1202 528 537 oneway taxiway_E R6
1204 departure 06L,24R
1204 arrival 06L,24R
1202 652 657 oneway taxiway_E P3
1204 departure 06L,24R
1204 arrival 06L,24R
1202 657 658 oneway taxiway_E P3
1204 departure 06L,24R
1204 arrival 06L,24R
1202 658 659 oneway taxiway_E P3
1204 departure 06L,24R
1204 arrival 06L,24R
1202 659 662 oneway taxiway_E P3
1204 departure 06L,24R
1204 arrival 06L,24R
1202 662 663 oneway taxiway_E P3
1204 departure 06L,24R
1204 arrival 06L,24R
1202 663 428 oneway taxiway_E P3
1204 departure 06L,24R
1204 arrival 06L,24R
1202 427 428 oneway taxiway_E P4
1204 departure 06L,24R
1204 arrival 06L,24R
1202 671 672 oneway taxiway_E P4
1204 departure 06L,24R
1204 arrival 06L,24R
1202 672 427 oneway taxiway_E P4
1204 departure 06L,24R
1204 arrival 06L,24R
1202 564 565 oneway taxiway_E P4
1204 departure 06L,24R
1204 arrival 06L,24R
1202 565 563 oneway taxiway_E P4
1204 departure 06L,24R
1204 arrival 06L,24R
1202 563 671 oneway taxiway_E P4
1204 departure 06L,24R
1204 arrival 06L,24R
1202 428 682 oneway taxiway_E EN
1204 departure 06L,24R
1204 arrival 06L,24R
1202 664 670 oneway taxiway_E P5
1204 departure 06L,24R
1204 arrival 06L,24R
1202 670 671 oneway taxiway_E P5
1204 departure 06L,24R
1204 arrival 06L,24R
1202 671 673 oneway taxiway_E P5
1204 departure 06L,24R
1204 arrival 06L,24R
1202 673 675 oneway taxiway_E P5
1204 departure 06L,24R
1204 arrival 06L,24R
1202 675 676 oneway taxiway_E P5
1204 departure 06L,24R
1204 arrival 06L,24R
1202 676 429 oneway taxiway_E P5
1204 departure 06L,24R
1204 arrival 06L,24R
1202 556 563 twoway taxiway_E D5
1204 departure 06L,24R
1204 arrival 06L,24R
1202 563 673 twoway taxiway_E D5
1204 departure 06L,24R
1204 arrival 06L,24R
1202 673 674 twoway taxiway_E D5
1204 departure 06L,24R
1204 arrival 06L,24R
1202 674 683 twoway taxiway_E D5
1202 429 684 twoway taxiway_E E7
1202 520 521 twoway taxiway_E E7
1204 departure 06L,24R
1204 arrival 06L,24R
1202 521 429 twoway taxiway_E E7
1202 525 529 oneway taxiway_E P6
1204 departure 06L,24R
1204 arrival 06L,24R
1202 529 530 oneway taxiway_E P6
1204 departure 06L,24R
1204 arrival 06L,24R
1202 530 531 oneway taxiway_E P6
1204 departure 06L,24R
1204 arrival 06L,24R
1202 531 532 oneway taxiway_E P6
1204 departure 06L,24R
1204 arrival 06L,24R
1202 532 686 oneway taxiway_E P6
1204 departure 06L,24R
1204 arrival 06L,24R
1202 439 440 twoway taxiway_E Y6
1204 departure 06L,24R
1204 arrival 06L,24R
1202 440 543 twoway taxiway_E Y6
1202 430 438 twoway taxiway_E S
1202 431 430 twoway taxiway_E S
1202 432 431 twoway taxiway_E S
1202 433 432 twoway taxiway_E S
1202 696 433 twoway taxiway_E S
1202 434 765 twoway taxiway_E T
1202 435 434 twoway taxiway_E T
1202 436 435 twoway taxiway_E T
1202 695 436 twoway taxiway_E T
1202 437 608 twoway taxiway_E M
1202 438 548 twoway taxiway_E M
1202 548 437 twoway taxiway_E M
1202 694 495 twoway taxiway_E PN
1202 488 693 twoway taxiway_E LN
1202 439 640 twoway taxiway_E Z6
1204 departure 06L,24R
1204 arrival 06L,24R
1202 689 690 twoway taxiway_E Z6
1202 690 691 twoway taxiway_E Z6
1204 ils 06L,24R
1202 691 439 twoway taxiway_E Z6
1204 departure 06L,24R
1204 arrival 06L,24R
1202 446 450 twoway taxiway_E U
1202 450 451 twoway taxiway_E U
1204 ils 06L,24R
1202 451 510 twoway taxiway_E U
1204 ils 06L,24R
1202 441 442 twoway taxiway_E KN
1202 687 697 twoway taxiway_E KN
1202 697 441 twoway taxiway_E KN
1202 686 698 twoway taxiway_E JN
1202 698 482 twoway taxiway_E JN
1202 685 486 twoway taxiway_E HN
1202 486 479 twoway taxiway_E HN
1202 684 485 twoway taxiway_E GN
1202 485 476 twoway taxiway_E GN
1202 475 484 twoway taxiway_E FN
1202 484 683 twoway taxiway_E FN
1202 407 483 twoway taxiway_E EN
1202 483 681 twoway taxiway_E EN
1202 507 386 twoway taxiway_E U
1202 386 473 twoway taxiway_E U
1202 503 679 twoway taxiway_E CN
1202 624 615 twoway taxiway_E Y1
1202 546 549 twoway taxiway_E AS
1202 549 596 twoway taxiway_E AS
1202 545 551 twoway taxiway_E BS
1202 551 600 twoway taxiway_E BS
1202 541 550 twoway taxiway_E CS
1202 550 605 twoway taxiway_E CS
1202 540 552 twoway taxiway_E DS
1202 552 592 twoway taxiway_E DS
1202 539 586 twoway taxiway_E ES
1202 586 587 twoway taxiway_E ES
1202 587 588 twoway taxiway_E ES
1202 588 589 twoway taxiway_E ES
1202 589 590 twoway taxiway_E ES
1202 590 130 twoway taxiway_E ES
1202 130 570 twoway taxiway_E ES
1202 537 584 twoway taxiway_E FS
1202 584 585 twoway taxiway_E FS
1202 585 574 twoway taxiway_E FS
1202 536 580 twoway taxiway_E GS
1202 580 581 twoway taxiway_E GS
1202 581 582 twoway taxiway_E GS
1202 582 583 twoway taxiway_E GS
1202 583 134 twoway taxiway_E GS
1202 134 575 twoway taxiway_E GS
1202 577 578 twoway taxiway_E HS
1202 578 579 twoway taxiway_E HS
1202 579 535 twoway taxiway_E HS
1202 731 732 twoway taxiway_E MS1
1202 732 733 twoway taxiway_E MS1
1202 733 734 twoway taxiway_E MS1
1202 734 754 twoway taxiway_E MS1
1202 443 756 twoway taxiway_E LS
1202 715 443 twoway taxiway_E LS
1202 717 752 twoway taxiway_E PS
1202 752 746 twoway taxiway_E NS
1202 748 719 twoway taxiway_E RS
1202 445 446 twoway taxiway_E U
1202 446 447 twoway taxiway_E U
1202 447 448 twoway taxiway_E U
1202 448 449 twoway taxiway_E U
1202 449 444 twoway taxiway_E U
1202 457 445 twoway taxiway_E U
1202 458 457 twoway taxiway_E U
1202 459 458 twoway taxiway_E U
1202 460 459 twoway taxiway_E U
1202 461 460 twoway taxiway_E U
1202 462 461 twoway taxiway_E U
1202 463 462 twoway taxiway_E U
1202 464 463 twoway taxiway_E U
1202 465 464 twoway taxiway_E U
1202 466 465 twoway taxiway_E U
1202 467 466 twoway taxiway_E U
1202 468 467 twoway taxiway_E U
1202 469 470 twoway taxiway_E U3
1202 470 468 twoway taxiway_E U3
1204 departure 02,20
1204 arrival 02,20
1202 471 472 twoway taxiway_E U3
1202 472 469 twoway taxiway_E U3
1202 473 474 twoway taxiway_E U
1202 474 471 twoway taxiway_E U3
1202 407 475 twoway taxiway_E B
1202 475 476 twoway taxiway_E B
1202 476 477 twoway taxiway_E B
1202 477 478 twoway taxiway_E B
1202 478 479 twoway taxiway_E B
1202 479 480 twoway taxiway_E B
1202 480 481 twoway taxiway_E B
1202 481 482 twoway taxiway_E B
1202 482 422 twoway taxiway_E B
1202 422 420 twoway taxiway_E B
1202 420 442 twoway taxiway_E B
1202 487 488 twoway taxiway_E S
1202 488 494 twoway taxiway_E S
1202 494 495 twoway taxiway_E S
1202 495 496 twoway taxiway_E S
1202 496 497 twoway taxiway_E S
1202 497 498 twoway taxiway_E S
1202 501 697 twoway taxiway_E S
1202 697 487 twoway taxiway_E S
1202 502 503 twoway taxiway_E S
1202 503 504 twoway taxiway_E S
1202 504 505 twoway taxiway_E S
1202 505 483 twoway taxiway_E S
1202 483 484 twoway taxiway_E S
1202 484 485 twoway taxiway_E S
1202 485 486 twoway taxiway_E S
1202 486 698 twoway taxiway_E S
1202 698 501 twoway taxiway_E S
1202 506 507 twoway taxiway_E S
1202 507 502 twoway taxiway_E S
1202 451 452 twoway taxiway_E S
1204 ils 06L,24R
1202 452 453 twoway taxiway_E S
1202 453 454 twoway taxiway_E S
1202 454 455 twoway taxiway_E S
1202 455 456 twoway taxiway_E S
1202 456 508 twoway taxiway_E S
1204 departure 02,20
1204 arrival 02,20
1202 508 509 twoway taxiway_E S
1204 departure 02,20
1204 arrival 02,20
1202 509 506 twoway taxiway_E S
1202 620 621 twoway taxiway_E T
1204 departure 06L,24R
1204 arrival 06L,24R
1202 621 510 twoway taxiway_E T
1204 ils 06L,24R
1202 510 511 twoway taxiway_E T
1204 ils 06L,24R
1202 511 512 twoway taxiway_E T
1202 512 513 twoway taxiway_E T
1202 513 514 twoway taxiway_E T
1202 514 515 twoway taxiway_E T
1202 515 516 twoway taxiway_E T
1202 516 677 twoway taxiway_E T
1204 departure 02,20
1204 arrival 02,20
1202 677 678 twoway taxiway_E T
1204 departure 02,20
1204 arrival 02,20
1202 678 679 twoway taxiway_E T
1202 679 680 twoway taxiway_E T
1202 680 681 twoway taxiway_E T
1202 681 682 twoway taxiway_E T
1202 682 683 twoway taxiway_E T
1202 683 684 twoway taxiway_E T
1202 684 685 twoway taxiway_E T
1202 685 686 twoway taxiway_E T
1202 686 687 twoway taxiway_E T
1202 687 688 twoway taxiway_E T
1202 688 689 twoway taxiway_E T
1202 689 692 twoway taxiway_E T
1202 692 693 twoway taxiway_E T
1202 693 694 twoway taxiway_E T
1202 694 695 twoway taxiway_E T
1202 695 696 twoway taxiway_E T
1202 520 522 twoway taxiway_E E
1204 departure 06L,24R
1204 arrival 06L,24R
1202 522 524 twoway taxiway_E E
1202 524 533 twoway taxiway_E E
1202 533 553 twoway taxiway_E E
1202 553 554 twoway taxiway_E E
1202 554 566 twoway taxiway_E E
1202 566 757 twoway taxiway_E E
1202 757 758 twoway taxiway_E E
1202 758 627 twoway taxiway_E E
1204 departure 02,20
1204 arrival 02,20
1202 627 628 twoway taxiway_E E
1204 departure 02,20
1204 arrival 02,20
1202 628 517 twoway taxiway_E E
1202 556 557 twoway taxiway_E D
1204 departure 06L,24R
1204 arrival 06L,24R
1202 557 558 twoway taxiway_E D
1204 departure 06L,24R
1204 arrival 06L,24R
1202 558 559 twoway taxiway_E D
1204 departure 06L,24R
1204 arrival 06L,24R
1202 559 560 twoway taxiway_E D
1202 560 633 twoway taxiway_E D
1202 633 634 twoway taxiway_E D
1202 634 629 twoway taxiway_E D
1204 departure 02,20
1204 arrival 02,20
1202 629 630 twoway taxiway_E D
1204 departure 02,20
1204 arrival 02,20
1202 630 555 twoway taxiway_E D
1202 567 568 twoway taxiway_E L
1202 568 569 twoway taxiway_E L
1202 569 570 twoway taxiway_E L
1202 570 571 twoway taxiway_E L
1202 571 572 twoway taxiway_E L
1202 572 573 twoway taxiway_E L
1202 573 574 twoway taxiway_E L
1202 574 575 twoway taxiway_E L
1202 575 576 twoway taxiway_E L
1202 576 577 twoway taxiway_E L
1202 577 566 twoway taxiway_E L
1202 591 567 twoway taxiway_E L
1202 592 593 twoway taxiway_E L
1202 593 591 twoway taxiway_E L
1202 594 592 twoway taxiway_E L
1202 595 596 twoway taxiway_E L
1202 596 597 twoway taxiway_E L
1202 597 598 twoway taxiway_E L
1202 598 599 twoway taxiway_E L
1202 599 600 twoway taxiway_E L
1202 600 601 twoway taxiway_E L
1202 601 602 twoway taxiway_E L
1202 602 603 twoway taxiway_E L
1202 603 604 twoway taxiway_E L
1202 604 605 twoway taxiway_E L
1202 605 594 twoway taxiway_E L
1202 606 595 twoway taxiway_E L
1202 609 550 twoway taxiway_E M
1202 550 551 twoway taxiway_E M
1202 551 549 twoway taxiway_E M
1202 549 607 twoway taxiway_E M
1202 607 608 twoway taxiway_E M
1202 610 552 twoway taxiway_E M
1202 552 609 twoway taxiway_E M
1202 611 579 twoway taxiway_E M
1202 579 580 twoway taxiway_E M
1202 580 584 twoway taxiway_E M
1202 584 586 twoway taxiway_E M
1202 586 610 twoway taxiway_E M
1202 612 553 twoway taxiway_E M
1202 553 611 twoway taxiway_E M
1202 641 620 twoway taxiway_E M
1204 departure 06L,24R
1204 arrival 06L,24R
1202 613 614 twoway taxiway_E M
1202 614 615 twoway taxiway_E M
1202 615 616 twoway taxiway_E M
1202 616 617 twoway taxiway_E M
1202 617 618 twoway taxiway_E M
1202 618 619 twoway taxiway_E M
1202 619 631 twoway taxiway_E M
1204 departure 02,20
1204 arrival 02,20
1202 631 632 twoway taxiway_E M
1204 departure 02,20
1204 arrival 02,20
1202 632 633 twoway taxiway_E M
1202 633 612 twoway taxiway_E M
1202 620 622 twoway taxiway_E N
1204 departure 06L,24R
1204 arrival 06L,24R
1202 622 623 twoway taxiway_E N
1202 623 624 twoway taxiway_E N
1202 624 644 twoway taxiway_E N
1202 644 647 twoway taxiway_E N
1202 647 761 twoway taxiway_E N
1202 761 762 twoway taxiway_E N
1202 762 635 twoway taxiway_E N
1204 departure 02,20
1204 arrival 02,20
1202 635 636 twoway taxiway_E N
1204 departure 02,20
1204 arrival 02,20
1202 636 638 twoway taxiway_E N
1202 638 560 twoway taxiway_E N
1202 560 639 twoway taxiway_E N
1202 639 533 twoway taxiway_E N
1202 533 534 twoway taxiway_E N
1202 534 535 twoway taxiway_E N
1202 535 536 twoway taxiway_E N
1202 536 537 twoway taxiway_E N
1202 537 538 twoway taxiway_E N
1202 538 539 twoway taxiway_E N
1202 539 540 twoway taxiway_E N
1202 540 541 twoway taxiway_E N
1202 541 542 twoway taxiway_E N
1202 542 543 twoway taxiway_E N
1202 543 544 twoway taxiway_E N
1202 544 545 twoway taxiway_E N
1202 545 546 twoway taxiway_E N
1202 546 547 twoway taxiway_E N
1202 547 548 twoway taxiway_E N
1202 626 627 twoway runway 02/20
1204 departure 02,20
1204 arrival 02,20
1204 ils 02,20
1202 627 629 twoway runway 02/20
1204 departure 02,20
1204 arrival 02,20
1204 ils 02,20
1202 629 631 twoway runway 02/20
1204 departure 02,20
1204 arrival 02,20
1204 ils 02,20
1202 631 635 twoway runway 02/20
1204 departure 02,20
1204 arrival 02,20
1204 ils 02,20
1202 635 637 twoway runway 02/20
1204 departure 02,20
1204 arrival 02,20
1204 ils 02,20
1202 637 648 twoway runway 02/20
1204 departure 02,06L,20,24R
1204 arrival 02,06L,20,24R
1204 ils 02,20
1202 648 650 twoway runway 02/20
1204 departure 02,06L,20,24R
1204 arrival 02,06L,20,24R
1204 ils 02,20
1202 650 677 twoway runway 02/20
1204 departure 02,20
1204 arrival 02,20
1204 ils 02,20
1202 677 508 twoway runway 02/20
1204 departure 02,20
1204 arrival 02,20
1204 ils 02,20
1202 508 625 twoway runway 02/20
1204 departure 02,20
1204 arrival 02,20
1204 ils 02,20
1202 641 642 twoway runway 06L/24R
1204 departure 06L,24R
1204 arrival 06L,24R
1204 ils 06L,24R
1202 642 643 twoway runway 06L/24R
1204 departure 06L,24R
1204 arrival 06L,24R
1204 ils 06L,24R
1202 643 645 twoway runway 06L/24R
1204 departure 06L,24R
1204 arrival 06L,24R
1204 ils 06L,24R
1202 645 646 twoway runway 06L/24R
1204 departure 06L,24R
1204 arrival 06L,24R
1204 ils 06L,24R
1202 646 648 twoway runway 06L/24R
1204 departure 02,06L,20,24R
1204 arrival 02,06L,20,24R
1204 ils 06L,24R
1202 648 651 twoway runway 06L/24R
1204 departure 02,06L,20,24R
1204 arrival 02,06L,20,24R
1204 ils 06L,24R
1202 651 652 twoway runway 06L/24R
1204 departure 02,06L,20,24R
1204 arrival 02,06L,20,24R
1204 ils 06L,24R
1202 652 653 twoway runway 06L/24R
1204 departure 06L,24R
1204 arrival 06L,24R
1204 ils 06L,24R
1202 653 664 twoway runway 06L/24R
1204 departure 06L,24R
1204 arrival 06L,24R
1204 ils 06L,24R
1202 664 665 twoway runway 06L/24R
1204 departure 06L,24R
1204 arrival 06L,24R
1204 ils 06L,24R
1202 665 668 twoway runway 06L/24R
1204 departure 06L,24R
1204 arrival 06L,24R
1204 ils 06L,24R
1202 668 556 twoway runway 06L/24R
1204 departure 06L,24R
1204 arrival 06L,24R
1204 ils 06L,24R
1202 556 564 twoway runway 06L/24R
1204 departure 06L,24R
1204 arrival 06L,24R
1204 ils 06L,24R
1202 564 520 twoway runway 06L/24R
1204 departure 06L,24R
1204 arrival 06L,24R
1204 ils 06L,24R
1202 520 525 twoway runway 06L/24R
1204 departure 06L,24R
1204 arrival 06L,24R
1204 ils 06L,24R
1202 525 640 twoway runway 06L/24R
1204 departure 06L,24R
1204 arrival 06L,24R
1204 ils 06L,24R
1202 353 701 twoway runway 06R/24L
1204 departure 06R,24L
1204 arrival 06R,24L
1204 ils 06R,24L
1202 701 703 twoway runway 06R/24L
1204 departure 06R,24L
1204 arrival 06R,24L
1204 ils 06R,24L
1202 703 704 twoway runway 06R/24L
1204 departure 06R,24L
1204 arrival 06R,24L
1204 ils 06R,24L
1202 704 705 twoway runway 06R/24L
1204 departure 06R,24L
1204 arrival 06R,24L
1204 ils 06R,24L
1202 705 706 twoway runway 06R/24L
1204 departure 06R,24L
1204 arrival 06R,24L
1204 ils 06R,24L
1202 706 708 twoway runway 06R/24L
1204 departure 06R,24L
1204 arrival 06R,24L
1204 ils 06R,24L
1202 708 699 twoway runway 06R/24L
1204 departure 06R,24L
1204 arrival 06R,24L
1204 ils 06R,24L
1202 710 711 twoway taxiway_E K
1204 ils 06R,24L
1202 711 712 twoway taxiway_E K
1204 ils 06R,24L
1202 712 713 twoway taxiway_E K
1202 713 714 twoway taxiway_E K
1202 714 555 twoway taxiway_E K
1202 555 517 twoway taxiway_E K
1202 517 518 twoway taxiway_E K
1202 518 519 twoway taxiway_E K
1204 departure 02,20
1204 arrival 02,20
1202 519 715 twoway taxiway_E K
1202 715 716 twoway taxiway_E K
1202 716 717 twoway taxiway_E K
1202 717 718 twoway taxiway_E K
1202 718 719 twoway taxiway_E K
1202 719 720 twoway taxiway_E K
1202 720 721 twoway taxiway_E K
1202 721 723 twoway taxiway_E K
1204 ils 06R,24L
1202 723 724 twoway taxiway_E K
1204 ils 06R,24L
1202 728 729 twoway taxiway_E Q
1202 729 730 twoway taxiway_E Q
1202 730 731 twoway taxiway_E Q
1202 731 735 twoway taxiway_E Q
1202 735 736 twoway taxiway_E Q
1202 736 737 twoway taxiway_E Q
1202 737 740 twoway taxiway_E Q
1202 740 741 twoway taxiway_E Q
1202 741 742 twoway taxiway_E Q
1202 742 743 twoway taxiway_E Q
1202 743 726 twoway taxiway_E Q
1202 744 728 twoway taxiway_E Q
1202 745 744 twoway taxiway_E Q
1202 746 747 twoway taxiway_E Q
1202 747 745 twoway taxiway_E Q
1202 750 748 twoway taxiway_E Q
1202 748 749 twoway taxiway_E Q
1202 751 752 twoway taxiway_E J
1202 752 750 twoway taxiway_E Q
1202 753 754 twoway taxiway_E J
1202 754 751 twoway taxiway_E J
1202 755 753 twoway taxiway_E J
1202 756 755 twoway taxiway_E J
1202 757 726 twoway taxiway_E J
1202 726 727 twoway taxiway_E J
1202 727 756 twoway taxiway_E J
1202 723 749 twoway taxiway_E TS
1202 759 443 twoway taxiway_E LS
1202 716 759 twoway taxiway_E LS
1202 644 616 twoway taxiway_E Y2
1202 647 617 twoway taxiway_E Y4
1202 760 761 oneway taxiway_E R1
1204 departure 06L,24R
1204 arrival 06L,24R
1202 761 618 twoway taxiway_E R1
1202 763 760 oneway taxiway_E R1
1204 departure 06L,24R
1204 arrival 06L,24R
1202 648 649 oneway taxiway_E R1
1204 departure 02,06L,20,24R
1204 arrival 02,06L,20,24R
1202 649 763 oneway taxiway_E R1
1204 departure 06L,24R
1204 arrival 06L,24R
1202 737 738 twoway taxiway_E LS1
1202 738 739 twoway taxiway_E LS1
1202 739 753 twoway taxiway_E LS1
1202 455 514 twoway taxiway_E Z1
1202 513 454 twoway taxiway_E Z3
1202 512 453 twoway taxiway_E Z2
1202 498 499 twoway taxiway_E RN
1202 499 500 twoway taxiway_E RN
1202 500 696 twoway taxiway_E RN
1202 764 607 twoway taxiway_E N
1202 765 547 twoway taxiway_E N
1202 547 764 twoway taxiway_E N
1202 659 660 oneway taxiway_E P2
1204 departure 06L,24R
1204 arrival 06L,24R
1202 660 661 oneway taxiway_E P2
1204 departure 06L,24R
1204 arrival 06L,24R
1202 661 766 oneway taxiway_E P2
1204 departure 06L,24R
1204 arrival 06L,24R
1202 664 669 oneway taxiway_E P2
1204 departure 06L,24R
1204 arrival 06L,24R
1202 669 659 oneway taxiway_E P2
1204 departure 06L,24R
1204 arrival 06L,24R
1202 766 680 oneway taxiway_E CN
1204 departure 06L,24R
1204 arrival 06L,24R
1202 768 638 oneway taxiway_E R2
1204 departure 06L,24R
1204 arrival 06L,24R
1202 655 767 oneway taxiway_E R2
1204 departure 06L,24R
1204 arrival 06L,24R
1202 668 666 oneway taxiway_E R2
1204 departure 06L,24R
1204 arrival 06L,24R
1202 666 667 oneway taxiway_E R2
1204 departure 06L,24R
1204 arrival 06L,24R
1202 667 655 oneway taxiway_E R2
1204 departure 06L,24R
1204 arrival 06L,24R
1202 767 768 oneway taxiway_E R2
1204 departure 06L,24R
1204 arrival 06L,24R
1202 769 58 twoway taxiway_E
1202 58 770 twoway taxiway_E
1202 770 441 twoway taxiway_E
1202 771 64 twoway taxiway_E
1202 64 441 twoway taxiway_E
1202 772 773 twoway taxiway_E
1202 773 774 twoway taxiway_E
1202 774 775 twoway taxiway_E
1202 775 777 twoway taxiway_E
1202 777 771 twoway taxiway_E
1202 776 777 twoway taxiway_E
1202 778 779 twoway taxiway_E
1202 779 776 twoway taxiway_E
1202 488 489 twoway taxiway_E
1202 489 778 twoway taxiway_E
1202 780 494 twoway taxiway_E
1202 781 496 twoway taxiway_E
1202 782 497 twoway taxiway_E
1202 783 714 oneway taxiway_E G6
1204 departure 06R,24L
1204 arrival 06R,24L
1202 784 783 oneway taxiway_E G6
1204 departure 06R,24L
1204 arrival 06R,24L
1202 785 784 oneway taxiway_E G6
1204 departure 06R,24L
1204 arrival 06R,24L
1202 786 785 oneway taxiway_E G6
1204 departure 06R,24L
1204 arrival 06R,24L
1202 787 786 oneway taxiway_E G6
1204 departure 06R,24L
1204 arrival 06R,24L
1202 705 787 oneway taxiway_E G6
1204 departure 06R,24L
1204 arrival 06R,24L
1202 788 713 oneway taxiway_E G5
1204 departure 06R,24L
1204 arrival 06R,24L
1202 789 788 oneway taxiway_E G5
1204 departure 06R,24L
1204 arrival 06R,24L
1202 790 789 oneway taxiway_E G5
1204 departure 06R,24L
1204 arrival 06R,24L
1202 791 792 oneway taxiway_E G5
1204 departure 06R,24L
1204 arrival 06R,24L
1202 792 790 oneway taxiway_E G5
1204 departure 06R,24L
1204 arrival 06R,24L
1202 706 707 oneway taxiway_E G5
1204 departure 06R,24L
1204 arrival 06R,24L
1202 707 791 oneway taxiway_E G5
1204 departure 06R,24L
1204 arrival 06R,24L
1202 793 794 oneway taxiway_E G4
1204 departure 06R,24L
1204 arrival 06R,24L
1202 794 795 oneway taxiway_E G4
1204 departure 06R,24L
1204 arrival 06R,24L
1202 795 712 oneway taxiway_E G4
1204 departure 06R,24L
1204 arrival 06R,24L
1202 796 793 oneway taxiway_E G4
1204 departure 06R,24L
1204 arrival 06R,24L
1202 708 709 oneway taxiway_E G4
1204 departure 06R,24L
1204 arrival 06R,24L
1202 709 796 oneway taxiway_E G4
1204 departure 06R,24L
1204 arrival 06R,24L
1202 797 515 oneway taxiway_E P1
1204 departure 06L,24R
1204 arrival 06L,24R
1202 798 797 oneway taxiway_E P1
1204 departure 06L,24R
1204 arrival 06L,24R
1202 799 798 oneway taxiway_E P1
1204 departure 06L,24R
1204 arrival 06L,24R
1202 800 799 oneway taxiway_E P1
1204 departure 06L,24R
1204 arrival 06L,24R
1202 801 800 oneway taxiway_E P1
1204 departure 06L,24R
1204 arrival 06L,24R
1202 802 801 oneway taxiway_E P1
1204 departure 06L,24R
1204 arrival 06L,24R
1202 803 802 oneway taxiway_E P1
1204 departure 06L,24R
1204 arrival 06L,24R
1202 646 803 oneway taxiway_E P1
1204 departure 06L,24R
1204 arrival 06L,24R
1202 804 341 twoway taxiway_E U3
1204 departure 02,20
1204 arrival 02,20
1202 805 804 twoway taxiway_E U3
1204 departure 02,20
1204 arrival 02,20
1202 468 805 twoway taxiway_E U3
1204 departure 02,20
1204 arrival 02,20
1202 806 473 twoway taxiway_E UB
1202 807 806 twoway taxiway_E UB
1202 808 807 twoway taxiway_E UB
1202 809 808 twoway taxiway_E UB
1202 810 811 twoway taxiway_E UB
1204 departure 02,20
1204 arrival 02,20
1202 811 809 twoway taxiway_E UB
1202 812 810 twoway taxiway_E UB
1204 departure 02,20
1204 arrival 02,20
1202 813 812 twoway taxiway_E UB
1204 departure 02,20
1204 arrival 02,20
1202 508 813 twoway taxiway_E UB
1204 departure 02,20
1204 arrival 02,20
1202 814 613 twoway taxiway_E N
1202 623 814 twoway taxiway_E N
1206 241 240 twoway
1206 240 239 twoway
1206 0 224 twoway
1206 1 0 twoway
1206 226 1 twoway
1206 233 221 oneway
1206 2 232 oneway
1206 337 3 twoway
1206 327 4 twoway
1206 338 5 twoway
1206 7 6 twoway
1206 8 7 twoway
1206 9 8 twoway
1206 10 9 twoway
1206 11 10 twoway
1206 12 11 twoway
1206 335 12 twoway
1206 250 339 twoway
1206 187 191 twoway
1206 32 262 twoway S
1206 33 32 twoway S
1206 34 33 twoway S
1206 35 34 twoway S
1206 36 42 twoway S
1206 37 36 twoway S
1206 38 37 twoway S
1206 39 38 twoway S
1206 40 322 twoway S
1206 41 40 twoway S
1206 42 41 twoway S
1206 43 42 twoway S
1206 44 325 twoway S
1206 45 324 twoway S
1206 46 72 twoway S
1206 47 48 twoway S
1206 48 49 twoway S
1206 49 50 twoway S
1206 50 51 twoway S
1206 51 52 twoway S
1206 52 53 twoway S
1206 54 55 twoway S
1206 56 406 twoway S
1206 406 15 twoway S
1206 57 56 twoway S
1206 58 59 twoway S
1206 59 60 twoway S
1206 60 418 twoway S
1206 418 61 twoway S
1206 61 416 twoway S
1206 416 411 twoway S
1206 411 412 twoway S
1206 412 413 twoway S
1206 413 414 twoway S
1206 414 57 twoway S
1206 62 58 twoway S
1206 63 62 twoway S
1206 64 63 twoway S
1206 65 64 twoway S
1206 66 65 twoway S
1206 67 66 twoway S
1206 68 489 twoway S
1206 489 490 twoway S
1206 490 491 twoway S
1206 491 492 twoway S
1206 492 493 twoway S
1206 493 67 twoway S
1206 69 68 twoway S
1206 70 69 twoway S
1206 71 70 twoway S
1206 265 269 twoway S
1206 269 270 twoway S
1206 270 271 twoway S
1206 271 272 twoway S
1206 272 71 twoway S
1206 73 74 oneway S
1206 74 75 oneway S
1206 75 76 oneway S
1206 76 77 oneway S
1206 77 78 oneway S
1206 78 79 oneway S
1206 79 80 oneway S
1206 80 81 oneway S
1206 81 82 oneway S
1206 82 83 oneway S
1206 83 84 oneway S
1206 84 85 oneway S
1206 85 86 oneway S
1206 86 87 oneway S
1206 87 88 oneway S
1206 88 89 oneway S
1206 89 90 oneway S
1206 90 91 oneway S
1206 91 92 oneway S
1206 92 93 oneway S
1206 93 94 oneway S
1206 94 95 oneway S
1206 95 96 oneway S
1206 96 97 oneway S
1206 97 98 oneway S
1206 98 99 oneway S
1206 99 100 oneway S
1206 100 101 oneway S
1206 101 102 oneway S
1206 102 103 oneway S
1206 103 104 oneway S
1206 104 105 oneway S
1206 105 72 oneway S
1206 106 73 twoway S
1206 107 106 twoway S
1206 108 107 twoway S
1206 109 108 twoway S
1206 110 109 twoway S
1206 111 110 twoway S
1206 112 111 twoway S
1206 113 112 twoway S
1206 114 113 twoway S
1206 115 114 twoway S
1206 261 115 twoway S
1206 116 117 twoway S
1206 117 118 twoway S
1206 118 133 twoway S
1206 119 120 twoway S
1206 120 132 twoway S
1206 131 572 twoway S
1206 572 165 twoway S
1206 163 576 twoway S
1206 576 135 twoway S
1206 121 122 twoway S
1206 122 136 twoway S
1206 124 125 twoway S
1206 125 123 twoway S
1206 126 124 twoway S
1206 127 126 twoway S
1206 128 127 twoway S
1206 129 130 twoway S
1206 130 131 twoway S
1206 131 132 twoway S
1206 132 585 twoway S
1206 585 133 twoway S
1206 133 134 twoway S
1206 134 135 twoway S
1206 135 136 twoway S
1206 136 578 twoway S
1206 578 128 twoway S
1206 137 129 twoway S
1206 138 137 twoway S
1206 139 138 twoway S
1206 140 222 twoway S
1206 141 140 twoway S
1206 142 141 twoway S
1206 161 142 twoway S
1206 143 200 twoway S
1206 144 143 twoway S
1206 145 144 twoway S
1206 152 145 twoway S
1206 146 161 twoway S
1206 147 146 twoway S
1206 148 147 twoway S
1206 149 148 twoway S
1206 150 149 twoway S
1206 151 152 twoway S
1206 152 150 twoway S
1206 153 169 twoway S
1206 226 153 twoway S
1206 155 154 twoway S
1206 156 155 twoway S
1206 157 156 twoway S
1206 180 181 twoway S
1206 181 738 twoway S
1206 738 157 twoway S
1206 158 174 twoway S
1206 159 158 twoway S
1206 160 159 twoway S
1206 240 160 twoway S
1206 162 163 twoway S
1206 163 164 twoway S
1206 164 165 twoway S
1206 165 161 twoway S
1206 166 162 twoway S
1206 167 166 twoway S
1206 168 167 twoway S
1206 169 168 twoway S
1206 170 169 twoway S
1206 171 170 twoway S
1206 172 171 twoway S
1206 173 175 twoway S
1206 175 174 twoway S
1206 174 172 twoway S
1206 256 173 twoway S
1206 176 735 twoway S
1206 735 177 twoway S
1206 177 175 twoway S
1206 178 176 twoway S
1206 179 178 twoway S
1206 180 179 twoway S
1206 182 180 twoway S
1206 183 254 twoway S
1206 184 183 twoway S
1206 185 184 twoway S
1206 186 185 twoway S
1206 187 188 twoway S
1206 188 186 twoway S
1206 189 190 twoway S
1206 190 191 twoway S
1206 193 192 twoway S
1206 194 193 twoway S
1206 195 196 twoway S
1206 196 197 twoway S
1206 197 198 twoway S
1206 198 199 twoway S
1206 199 200 twoway S
1206 200 201 twoway S
1206 201 202 twoway S
1206 202 203 twoway S
1206 203 194 twoway S
1206 204 195 twoway S
1206 205 206 twoway S
1206 206 207 twoway S
1206 207 204 twoway S
1206 208 205 twoway S
1206 209 208 twoway S
1206 210 209 twoway S
1206 211 210 twoway S
1206 212 213 twoway S
1206 213 214 twoway S
1206 214 215 twoway S
1206 215 216 twoway S
1206 216 217 twoway S
1206 217 218 twoway S
1206 218 219 twoway S
1206 219 220 twoway S
1206 220 221 twoway S
1206 221 2 twoway S
1206 2 222 twoway S
1206 222 211 twoway S
1206 223 212 twoway S
1206 224 225 twoway S
1206 225 223 twoway S
1206 227 228 twoway S
1206 228 226 twoway S
1206 229 227 twoway S
1206 230 229 twoway S
1206 231 232 twoway S
1206 232 233 twoway S
1206 233 234 twoway S
1206 234 235 twoway S
1206 235 236 twoway S
1206 236 237 twoway S
1206 237 238 twoway S
1206 238 239 twoway S
1206 241 230 twoway S
1206 242 243 twoway S
1206 243 231 twoway S
1206 244 245 twoway S
1206 245 242 twoway S
1206 246 247 twoway S
1206 247 244 twoway S
1206 248 246 twoway S
1206 249 248 twoway S
1206 250 251 twoway S
1206 251 249 twoway S
1206 254 747 twoway S
1206 747 253 twoway S
1206 255 254 twoway S
1206 256 255 twoway S
1206 232 256 twoway S
1206 257 164 twoway S
1206 258 257 twoway S
1206 259 258 twoway S
1206 260 259 twoway S
1206 215 260 twoway S
1206 262 263 twoway S
1206 263 264 twoway S
1206 264 53 twoway S
1206 53 265 twoway S
1206 265 266 twoway S
1206 266 267 twoway S
1206 267 268 twoway S
1206 268 55 twoway S
1206 55 261 twoway S
1206 273 274 twoway S
1206 274 275 twoway S
1206 275 276 twoway S
1206 276 277 twoway S
1206 277 278 twoway S
1206 278 262 twoway S
1206 279 280 twoway S
1206 280 281 twoway S
1206 281 282 twoway S
1206 282 283 twoway S
1206 283 284 twoway S
1206 284 264 twoway S
1206 285 286 twoway S
1206 286 287 twoway S
1206 287 288 twoway S
1206 288 289 twoway S
1206 289 290 twoway S
1206 290 263 twoway S
1206 292 291 twoway S
1206 293 292 twoway S
1206 294 293 twoway S
1206 295 294 twoway S
1206 296 295 twoway S
1206 297 296 twoway S
1206 298 297 twoway S
1206 299 298 twoway S
1206 300 299 twoway S
1206 301 300 twoway S
1206 302 301 twoway S
1206 303 302 twoway S
1206 304 303 twoway S
1206 305 304 twoway S
1206 306 305 twoway S
1206 307 306 twoway S
1206 308 307 twoway S
1206 309 308 twoway S
1206 310 309 twoway S
1206 311 310 twoway S
1206 312 311 twoway S
1206 313 312 twoway S
1206 314 313 twoway S
1206 315 314 twoway S
1206 316 315 twoway S
1206 317 316 twoway S
1206 318 317 twoway S
1206 319 318 twoway S
1206 320 319 twoway S
1206 321 320 twoway S
1206 322 321 twoway S
1206 323 324 twoway S
1206 324 325 twoway S
1206 325 322 twoway S
1206 326 323 twoway S
1206 327 326 twoway S
1206 328 327 twoway S
1206 329 328 twoway S
1206 330 329 twoway S
1206 331 330 twoway S
1206 332 331 twoway S
1206 333 334 twoway S
1206 334 335 twoway S
1206 335 336 twoway S
1206 336 337 twoway S
1206 337 338 twoway S
1206 338 332 twoway S
1206 46 333 twoway S
1206 251 252 twoway S
1206 252 190 twoway S
1206 189 339 twoway
1206 14 15 twoway
1206 15 13 twoway
1206 16 14 twoway
1206 72 16 twoway
1206 18 215 twoway
1206 240 18 twoway
1400 41.29171964 002.08284094 8.8 gpu 0 New Service Truck 118
1400 41.29059719 002.08023711 148.2 baggage_loader 0 New Service Truck 117
1400 41.29081951 002.08090731 152.7 baggage_loader 0 New Service Truck 116
1400 41.29133802 002.08231919 149.2 baggage_loader 0 New Service Truck 115
1400 41.28937852 002.07674571 146.9 baggage_loader 0 New Service Truck 114
1400 41.28922617 002.07652441 306.3 gpu 0 New Service Truck 112
1400 41.29403618 002.08110755 112.0 baggage_train 2 New Service Truck 101
1400 41.29415018 002.08209308 -116.8 baggage_train 2 New Service Truck 100
1400 41.29348259 002.07949091 64.5 gpu 0 New Service Truck 94
1400 41.29337108 002.07960622 62.8 baggage_train 2 New Service Truck 93
1400 41.29340799 002.07957953 62.8 baggage_train 2 New Service Truck 93
1400 41.29343767 002.07956031 62.8 baggage_train 2 New Service Truck 93
1400 41.30269713 002.07838306 -23.5 crew_car 0 New Service Truck 62
1400 41.30358461 002.08097693 332.7 crew_car 0 New Service Truck 62
1400 41.30267740 002.07832866 -22.2 crew_car 0 New Service Truck 61
1400 41.30352731 002.08081540 331.1 crew_car 0 New Service Truck 61
1400 41.30280967 002.07870864 334.6 crew_car 0 New Service Truck 60
1400 41.30355663 002.08089593 154.6 crew_car 0 New Service Truck 60
1400 41.30175766 002.07561452 65.7 crew_car 0 New Service Truck 59
1400 41.30353762 002.08084167 335.7 crew_car 0 New Service Truck 59
1400 41.30181296 002.07578003 -113.5 crew_car 0 New Service Truck 58
1400 41.30350230 002.08073104 153.1 crew_car 0 New Service Truck 58
1400 41.30566553 002.08366727 148.0 baggage_loader 0 New Service Truck 51
1400 41.30564243 002.08362113 -30.5 baggage_loader 0 New Service Truck 50
1400 41.30571848 002.08352246 0.0 food 0 New Service Truck 49
1400 41.30565591 002.08335331 0.0 food 0 New Service Truck 48
1400 41.30569634 002.08344173 0.0 food 0 New Service Truck 47
1400 41.30564821 002.08328283 0.0 food 0 New Service Truck 46
1400 41.30760296 002.08713770 246.6 gpu 0 New Service Truck 36
1400 41.30757949 002.08715020 246.6 gpu 0 New Service Truck 36
1400 41.30755520 002.08716199 246.6 gpu 0 New Service Truck 36
1400 41.30753294 002.08717506 246.6 gpu 0 New Service Truck 36
1400 41.30723578 002.08659302 154.6 food 0 New Service Truck 35
1400 41.30724747 002.08662732 154.6 food 0 New Service Truck 35
1400 41.30726006 002.08666886 154.6 food 0 New Service Truck 35
1400 41.30718302 002.08671749 154.6 food 0 New Service Truck 35
1400 41.30716967 002.08667462 154.6 food 0 New Service Truck 35
1400 41.30715842 002.08664267 154.6 food 0 New Service Truck 35
1400 41.30711581 002.08680468 154.6 food 0 New Service Truck 35
1400 41.30710322 002.08676964 154.6 food 0 New Service Truck 35
1400 41.30708688 002.08672843 154.6 food 0 New Service Truck 35
1400 41.28929769 002.08185344 156.9 pushback 0 New Service Truck 15
1400 41.28801222 002.08019893 152.7 pushback 0 New Service Truck 14
1400 41.28800537 002.08166806 54.6 pushback 0 New Service Truck 13
1400 41.30759097 002.08689646 155.6 baggage_train 3 New Service Truck 40
1400 41.30759721 002.08692385 155.6 baggage_train 3 New Service Truck 40
1400 41.30760753 002.08695236 155.6 baggage_train 3 New Service Truck 40
1400 41.30761833 002.08698213 155.6 baggage_train 3 New Service Truck 40
1400 41.30543302 002.08302644 23.7 crew_car 0 New Service Truck 45
1400 41.30538297 002.08314183 336.9 crew_car 0 New Service Truck 44
1400 41.30557340 002.08318344 336.9 crew_car 0 New Service Truck 43
1400 41.30534334 002.08302647 64.9 crew_car 0 New Service Truck 42
1400 41.30528600 002.08285390 66.4 crew_car 0 New Service Truck 41
1400 41.30275981 002.07860661 64.6 baggage_train 2 New Service Truck 56
1400 41.30363145 002.08114447 -116.1 baggage_train 2 New Service Truck 56
1400 41.30465726 002.08419663 -116.1 baggage_train 2 New Service Truck 56
1400 41.30263229 002.07817675 -114.2 baggage_loader 0 New Service Truck 55
1400 41.30340186 002.08046068 335.5 baggage_loader 0 New Service Truck 55
1400 41.30459031 002.08399516 -114.0 baggage_loader 0 New Service Truck 55
1400 41.30257628 002.07802093 -112.1 gpu 0 New Service Truck 54
1400 41.30359642 002.08103733 -112.1 gpu 0 New Service Truck 54
1400 41.30462041 002.08408502 -112.1 gpu 0 New Service Truck 54
1400 41.30107320 002.07386272 -143.6 pushback 0 New Service Truck 67
1400 41.30196136 002.07646954 -141.4 pushback 0 New Service Truck 67
1400 41.30172332 002.07572952 154.5 baggage_loader 0 New Service Truck 74
1400 41.30171459 002.07569390 154.5 baggage_loader 0 New Service Truck 74
1400 41.30170386 002.07566601 154.5 baggage_loader 0 New Service Truck 74
1400 41.30169418 002.07563617 154.5 baggage_loader 0 New Service Truck 74
1400 41.30164369 002.07548895 154.5 baggage_loader 0 New Service Truck 74
1400 41.30165297 002.07552039 154.5 baggage_loader 0 New Service Truck 74
1400 41.30165760 002.07555867 154.5 baggage_loader 0 New Service Truck 74
1400 41.30168235 002.07560652 154.5 baggage_loader 0 New Service Truck 74
1400 41.30012783 002.06935804 68.9 food 0 New Service Truck 79
1400 41.30019483 002.06933344 67.5 food 0 New Service Truck 78
1400 41.30097252 002.07082405 -26.6 baggage_loader 0 New Service Truck 77
1400 41.30098081 002.07076096 329.6 baggage_loader 0 New Service Truck 76
1400 41.30655060 002.08517896 156.1 food 0 New Service Truck 92
1400 41.30653114 002.08512270 156.2 food 0 New Service Truck 91
1400 41.30651222 002.08506813 156.2 food 0 New Service Truck 90
1400 41.30635865 002.08461630 155.5 food 0 New Service Truck 89
1400 41.30632397 002.08449110 155.0 food 0 New Service Truck 88
1400 41.30630618 002.08443491 154.8 food 0 New Service Truck 87
1400 41.29449889 002.08178850 66.1 baggage_loader 0 New Service Truck 99
1400 41.29391665 002.08097163 0.0 baggage_loader 0 New Service Truck 98
1400 41.29273737 002.07729719 0.0 baggage_loader 0 New Service Truck 97
1400 41.29354414 002.07834792 270.0 baggage_loader 0 New Service Truck 96
1400 41.29318650 002.07854938 0.0 baggage_loader 0 New Service Truck 95
1400 41.28858839 002.07656196 26.6 baggage_train 2 New Service Truck 111
1400 41.28856644 002.07646972 73.0 baggage_train 2 New Service Truck 110
1400 41.28860572 002.07648664 66.7 baggage_train 2 New Service Truck 109
1400 41.28736753 002.07708334 136.6 baggage_loader 0 New Service Truck 108
1400 41.28695590 002.07575008 335.9 crew_car 0 New Service Truck 107
1400 41.28698582 002.07584904 153.3 crew_car 0 New Service Truck 106
1400 41.28700069 002.07589007 156.6 crew_car 0 New Service Truck 105
1400 41.28565496 002.07205642 10.3 baggage_train 2 New Service Truck 104
1400 41.28566082 002.07201409 12.3 baggage_train 2 New Service Truck 104
1400 41.28595457 002.07278923 66.6 baggage_train 2 New Service Truck 104
1400 41.29268329 002.07728008 80.0 baggage_train 2 New Service Truck 103
1400 41.29307016 002.07861989 4.9 baggage_train 2 New Service Truck 102
1400 41.29332482 002.05888054 157.0 fuel_props 0 New Service Truck 129
1400 41.29335532 002.05895064 151.2 fuel_props 0 New Service Truck 128
1400 41.29342186 002.05905212 159.6 fuel_props 0 New Service Truck 127
1400 41.29345235 002.05912960 152.1 fuel_props 0 New Service Truck 126
1400 41.29347454 002.05928458 155.6 fuel_props 0 New Service Truck 125
1400 41.29352028 002.05947646 157.8 fuel_liners 0 New Service Truck 124
1400 41.29354800 002.05957424 153.7 fuel_liners 0 New Service Truck 123
1400 41.29357573 002.05966095 159.2 fuel_liners 0 New Service Truck 122
1400 41.29356048 002.05974951 157.3 fuel_liners 0 New Service Truck 121
1400 41.28827451 002.07997343 24.9 pushback 0 New Service Truck 120
1400 41.28875070 002.08108104 70.2 pushback 0 New Service Truck 119
1400 41.30075931 002.07327439 -25.5 food 0 New Service Truck 75
1400 41.30639526 002.08479510 155.9 fuel_liners 0 New Service Truck 8
1400 41.28971515 002.06773077 -25.2 food 0 New Service Truck 98
1400 41.28952782 002.06718276 -25.2 food 0 New Service Truck 98
1400 41.28956127 002.06730757 -25.2 food 0 New Service Truck 98
1400 41.28957895 002.06734938 -25.2 food 0 New Service Truck 98
1400 41.28962578 002.06748052 -25.2 food 0 New Service Truck 98
1400 41.28966879 002.06760723 -25.2 food 0 New Service Truck 98
1400 41.28972279 002.06778209 -25.2 food 0 New Service Truck 98
1400 41.28975242 002.06786635 -25.2 food 0 New Service Truck 98
1400 41.28978444 002.06795568 -25.2 food 0 New Service Truck 98
1400 41.28983175 002.06807922 -25.2 food 0 New Service Truck 98
1400 41.28959249 002.06738686 -25.2 food 0 New Service Truck 98
1400 41.28963932 002.06751801 -25.2 food 0 New Service Truck 98
1400 41.28968233 002.06764472 -25.2 food 0 New Service Truck 98
1400 41.28973633 002.06781958 -25.2 food 0 New Service Truck 98
1400 41.28976596 002.06790384 -25.2 food 0 New Service Truck 98
1400 41.28979798 002.06799317 -25.2 food 0 New Service Truck 98
1400 41.28984529 002.06811671 -25.2 food 0 New Service Truck 98
1400 41.28702485 002.07637621 -115.2 gpu 0 New Service Truck 1
1400 41.28537446 002.07231946 334.2 pushback 0 New Service Truck 2
1400 41.28540054 002.07235962 334.2 pushback 0 New Service Truck 2
1400 41.30089683 002.07370315 66.8 baggage_loader 0 New Service Truck 10
1400 41.30091891 002.07368995 66.8 baggage_loader 0 New Service Truck 10
1400 41.30097924 002.07362686 66.8 baggage_loader 0 New Service Truck 10
1401 41.30610671 002.08594140 65.4 baggage_loader|baggage_train|crew_car|fuel_liners|food|gpu New Service Truck Destination 2
1401 41.30313220 002.08492581 63.1 baggage_loader|baggage_train|crew_car|fuel_liners|food|gpu New Service Truck Destination 2
1401 41.28711712 002.07631433 154.9 baggage_loader|baggage_train|crew_car|fuel_liners|food|gpu New Service Truck Destination 2
1401 41.28834008 002.08136123 -115.2 baggage_loader|baggage_train|crew_car|fuel_liners|food|gpu New Service Truck Destination 2
1401 41.29096025 002.08140241 155.8 baggage_loader|baggage_train|crew_car|fuel_liners|food|gpu New Service Truck Destination 2
1401 41.29152324 002.08007828 -24.0 baggage_loader|baggage_train|crew_car|fuel_liners|food|gpu New Service Truck Destination 2
1401 41.29383901 002.08230868 65.4 baggage_loader|baggage_train|crew_car|fuel_liners|food|gpu New Service Truck Destination 2
1401 41.29431289 002.08094436 -115.2 baggage_loader|baggage_train|crew_car|fuel_liners|food|gpu New Service Truck Destination 2
1401 41.29375656 002.07928639 66.1 baggage_loader|baggage_train|crew_car|fuel_liners|food|gpu New Service Truck Destination 2
1401 41.29540911 002.05962603 66.1 baggage_loader|baggage_train|crew_car|fuel_liners|food|gpu New Service Truck Destination 2
1401 41.29599180 002.06120693 -114.1 baggage_loader|baggage_train|crew_car|fuel_liners|food|gpu New Service Truck Destination 2
1401 41.29611325 002.06239916 65.2 baggage_loader|baggage_train|crew_car|fuel_liners|food|gpu New Service Truck Destination 2
1401 41.29692604 002.06391345 245.0 baggage_loader|baggage_train|crew_car|fuel_liners|food|gpu New Service Truck Destination 2
1401 41.29670663 002.06565265 -25.5 baggage_loader|baggage_train|crew_car|fuel_liners|food|gpu New Service Truck Destination 2
1401 41.29818304 002.07009416 -25.5 baggage_loader|baggage_train|crew_car|fuel_liners|food|gpu New Service Truck Destination 2
1401 41.29938416 002.06762945 156.1 baggage_loader|baggage_train|crew_car|fuel_liners|food|gpu New Service Truck Destination 2
1401 41.30469439 002.08367261 335.6 baggage_loader|baggage_train|crew_car|fuel_liners|food|gpu New Service Truck Destination 2
1401 41.30404060 002.08732619 155.8 baggage_loader|baggage_train|crew_car|fuel_liners|food|gpu New Service Truck Destination 2
